tree
version=v4
num_class=1
num_tree_per_iteration=1
label_index=0
max_feature_idx=12
objective=binary sigmoid:1
feature_names=開催場 クラス 枠番 馬番 性 年齢 斤量 騎手 馬体重 芝ダート 距離 天候 馬場
feature_infos=-1:7:2:1:9:0:5:4:8:6:3 -1:11:6:3:12:7:2:13:8:9:4:14:15:5:10:17:19:1:0:16 [1:8] [1:18] -1:2:1:0 [2:12] [49:65] -1:35:133:227:117:107:205:148:120:192:42:72:67:64:171:156:25:54:28:157:127:163:82:147:153:173:234:195:178:87:94:137:45:208:51:113:179:196:203:121:91:134:210:32:199:200:207:62:52:131:57:33:106:63:140:190:149:160:164:161:232:185:39:211:152:146:202:69:201:68:61:92:36:115:159:58:89:229:114:219:90:225:162:135:155:139:93:217:43:83:109:18:50:180:30:21:141:154:224:184:126:191:182:74:168:108:16:55:151:181:136:71:37:80:95:128:29:9:110:79:97:189:31:41:40:228:65:231:26:48:2:24:233:143:1:174:85:169:150:222:19:101:75:183:111:96:138:5:194:10:38:145:158:20:13:60:198:204:3:0:77:226:12:88:116:213:206:172:73:102:53:104:176:144:197:14:187:7:22:130:142:123:167:86:105:223:214:8:11:27:119:59:170:4:6:166:186:56:15:23:34:124:188 [336:630] -1:2:1 [1000:4250] -1:1:2:0:3 -1:2:1:3:0
tree_sizes=3641 3811 3674 3796 3837 3932 4024 4057 4117 3980 4099 4110 4196 4033 4076 4059 4217 4305 4077 4108 4031 4229 4143 3844 4261 4278 3846 4013 4122 3942 4134 3687 4159 3864 4132 4143 3745 4145 3973 3859 4074 4124 4023 3932 4240 3990 3879 3884 4190 3957 3472 3866 4000 4224 3866 3891 3884 3707 3665 3881 3788 3784 3687 3727 3968 3938 3705 3815 3994 3584 3872 4132 3493 3693 3938 4094 3759 3637 3930 3648 3810 3466 3711 3983 3833 3684 3728 3914 3628 3805 3695 3636 4194 3904 3601 3518 3853 3692 3874 3831

Tree=0
num_leaves=31
num_cat=7
split_feature=7 7 7 7 8 5 5 7 8 7 6 5 6 6 8 5 10 5 5 8 8 3 7 6 2 10 2 10 8 8
split_gain=33343 6018.72 2605.19 2386.81 1907.85 1636.75 1606.47 1349.64 1051.43 790.486 758.986 1208.82 744.416 654.028 599.896 472.829 419.612 373.474 368.33 326.36 321.688 320.984 334.99 293.468 289.041 282.794 309.479 279.504 257.022 249.972
threshold=0 1 2 3 441.00000000000006 4.5000000000000009 4.5000000000000009 4 459.00000000000006 5 59.250000000000007 4.5000000000000009 58.250000000000007 58.250000000000007 433.00000000000006 5.5000000000000009 1350.0000000000002 5.5000000000000009 5.5000000000000009 489.00000000000006 411.00000000000006 8.5000000000000018 6 56.750000000000007 2.5000000000000004 1650.0000000000002 4.5000000000000009 2855.0000000000005 495.00000000000006 537.00000000000011
decision_type=9 9 9 9 2 2 2 9 2 9 2 2 2 2 2 2 2 2 2 2 2 2 9 2 2 2 2 2 2 2
left_child=2 6 -1 -3 9 14 8 17 20 21 11 16 18 15 -4 23 29 19 -8 -6 -2 -5 -23 -7 -13 -18 -27 -19 -26 -9
right_child=1 3 5 4 7 13 12 10 -10 -11 -12 24 -14 -15 -16 -17 25 27 -20 -21 -22 22 -24 -25 28 26 -28 -29 -30 -31
leaf_value=-1.4391378828778119 -2.2615702414150909 -2.479812556353187 -1.8535797479595701 -2.1171704943942107 -2.2879801925437531 -1.9885019387266163 -2.0758924718962848 -1.9511799256954896 -1.8564383983490798 -2.4844152512307516 -1.8246894038983956 -2.3991859582787858 -1.7070565335748196 -1.5964584951552458 -1.6756873395410803 -2.0981472176549696 -2.1429829197833064 -2.6200451872586124 -2.2608142370282009 -2.1067324949163209 -1.987721912940968 -2.6244801183052173 -2.2473940965817034 -1.786693957150483 -2.251133156477215 -2.1070991795426552 -1.972482845206591 -1.9465378764663481 -2.0710577520120688 -1.4278250229861962
leaf_weight=595.38346347212791 45.770758889615536 234.80083890259266 205.79714217782021 174.02962879836559 315.6832367554307 119.07276389747858 305.34927172958851 369.05697445571423 1380.1229965612292 195.6352898105979 132.39764703065157 75.906186193227768 43.120988421142101 66.336712852120399 2403.571549192071 124.29964363574982 300.62934071570635 41.899904899299145 166.41276452690363 144.96813699603081 682.9033279940486 31.642388015985489 84.152318269014359 182.50090100616217 210.13566718250513 287.79218993335962 420.03259042650461 7.2240974307060233 127.26418883353472 9.3578013181686384
leaf_count=2060 513 3098 1533 1719 3615 1035 2900 3081 10317 2589 951 947 263 337 13965 1206 3041 608 1864 1418 5931 468 905 1247 2335 2816 3589 60 1203 33
internal_value=-1.91087 -2.06377 -1.67519 -2.16083 -2.13555 -1.72391 -1.94867 -2.09817 -1.90775 -2.31522 -2.05828 -2.07277 -2.10477 -1.88853 -1.68972 -1.93402 -2.02803 -2.26435 -2.14112 -2.23094 -2.00492 -2.21434 -2.33203 -1.86638 -2.22288 -2.06173 -2.02722 -2.521 -2.18321 -1.93824
internal_weight=9483.25 5786.29 3696.96 3162.61 2927.81 3101.58 2623.68 2442.35 2108.8 485.46 1932.57 1800.17 514.883 492.21 2609.37 425.873 1386.87 509.775 471.762 460.651 728.674 289.824 115.795 301.574 413.306 1008.45 707.825 49.124 337.4 378.415
internal_count=75647 54264 21383 32476 29378 19323 21788 23697 16761 5681 17996 17045 5027 3825 15498 3488 12560 5701 4764 5033 6444 3092 1373 2282 4485 9446 6405 668 3538 3114
cat_boundaries=0 8 16 20 27 35 43 51
cat_threshold=371523584 525312 2147483904 16910336 35160096 10493976 8576 522 554176516 3759145016 268435465 35652608 268698176 1074006017 100369 1024 35651584 0 0 131072 5259392 8456256 536882306 4448 12796164 135282688 36 134225928 270532866 102826496 532481 2281706505 37753282 4096 49 10753 37748866 1210318880 270336 538976392 524290 168296968 288 0 4194432 0 0 538968192 0 8 32
is_linear=0
shrinkage=1


Tree=1
num_leaves=31
num_cat=16
split_feature=7 7 7 0 7 0 8 8 7 7 7 7 8 8 5 7 10 5 7 1 7 8 4 6 10 3 6 7 3 5
split_gain=4762.02 1292.88 889.166 623.753 712.337 452.88 408.887 403.768 486.509 453.511 332.056 242.119 182.209 167.133 165.272 180.018 165.149 164.718 155.617 187.194 153.555 167.68 153.395 151.73 142.519 136.667 125.698 122.119 130.532 119.355
threshold=0 1 2 3 4 5 477.00000000000006 425.00000000000006 6 7 8 9 481.00000000000006 477.00000000000006 6.5000000000000009 10 2050.0000000000005 4.5000000000000009 11 12 13 447.00000000000006 14 54.500000000000007 2350.0000000000005 17.500000000000004 59.250000000000007 15 6.5000000000000009 3.5000000000000004
decision_type=9 9 9 1 9 1 2 2 9 9 9 9 2 2 2 9 2 2 9 9 9 2 1 2 2 2 2 9 2 2
left_child=11 5 -3 7 12 -2 10 8 -4 20 16 13 24 -1 18 -16 -6 25 19 -8 -9 -22 23 -20 27 -7 -26 28 -5 -13
right_child=1 2 3 4 6 17 14 9 -10 -11 -12 29 -14 -15 15 -17 -18 -19 22 -21 21 -23 -24 -25 26 -27 -28 -29 -30 -31
leaf_value=0.32631765189041873 0.2621048854861564 0.026246732872530511 0.27676958037641425 -0.037247640754962993 0.22039677004978017 0.35698010639622035 -0.081782876295294016 -0.015770732599975325 -0.094370434778224044 0.33044452249966361 0.10173437609981331 0.42156109054098501 0.17320870801560223 0.37899489125536084 0.31921004250900054 -0.036072793169301079 0.3770534466742731 0.29376581527781276 0.32242570238407442 0.20736156368119946 0.37504363817006398 0.17699958699853119 0.33440979064083143 0.11756190807381772 0.48704959564054451 -0.11471764192087371 -0.11570330364511024 -0.044352121569790549 0.15935286151963032 0.38625900466666185
leaf_weight=1244.2022598013282 1473.0218591466546 205.78334291279316 71.520185030996799 51.392463520169258 648.76725490391254 2399.6735849231482 27.423877730965614 41.811670251190662 58.575371317565441 1501.95450206846 334.62911342829466 3004.2213954925537 187.10951632261276 1167.4613628387451 13.148875966668127 38.224539577960968 75.082073390483856 521.22621036320925 72.941879495978355 84.79353004693985 52.382573805749416 232.53872083127499 672.61805595457554 71.679657138884068 12.741138294339182 6.158146768808364 4.7494743689894667 122.89149726182222 98.493587322533131 1405.9236357882619
leaf_count=5564 7652 2628 536 536 4663 10059 304 451 705 8590 2985 6877 1501 4467 38 397 375 3202 423 583 402 1778 3766 565 71 56 41 1442 832 4158
internal_value=0.325 0.276147 0.237205 0.246825 0.210327 0.316946 0.236898 0.292412 0.123685 0.306015 0.194956 0.38906 0.0942842 0.350365 0.284576 0.109974 0.233421 0.343557 0.294227 0.13579 0.178147 0.206174 0.310521 0.220888 0.0466569 0.355773 0.323376 0.0289135 0.0861926 0.409379
internal_weight=15903.1 9081.33 4681.25 4475.47 2516.69 4400.08 2039.31 1958.78 130.096 1828.69 1058.48 6821.81 477.378 2411.66 980.83 51.3734 723.849 2927.06 929.457 112.217 326.733 284.921 817.24 144.622 290.268 2405.83 17.4906 272.778 149.886 4410.15
internal_count=75647 54581 33612 30984 18522 20969 14099 12462 1241 11221 8023 21066 4423 10031 6076 435 5038 13317 5641 887 2631 2180 4754 988 2922 10115 112 2810 1368 11035
cat_boundaries=0 8 16 23 24 32 33 41 49 57 65 70 78 79 87 88 95
cat_threshold=103616516 524296 2147483912 16911360 35422240 8388625 385 1538 822084129 3222275073 8650752 2097152 8704 1092888584 33892880 12 1048576 8456256 536882306 4448 4325376 1064960 36 376 0 268435968 1577124352 1074012161 2290161025 33554884 1207959616 32 196 2048 400 1342177280 262144 689963080 2 134743040 32 2147500032 33816832 2195984 524291 3313504513 2319454210 524288 177 2147492864 574890128 2097153 2148007938 824180808 537395200 49152 129 4 524296 8 1024 819200 16 385 1026 0 0 557056 1048578 1073741824 8192 262400 524288 524290 285212680 536870912 0 17 25492 0 256 16 524288 0 4198402 0 17 2 0 0 1543503872 262144 2155937921 0 134217728
is_linear=0
shrinkage=0.1


Tree=2
num_leaves=31
num_cat=15
split_feature=7 7 7 7 8 7 5 8 0 5 7 0 8 7 1 8 0 1 8 8 2 5 6 1 7 5 8 7 8 8
split_gain=2249.32 796.4 509.617 328.34 233.495 283.72 223.413 222.034 220.696 205.017 192.442 172.713 188.13 156.796 151.46 148.452 135.608 133.25 129.968 128.314 174.771 122.74 129.929 115.01 317.697 114.987 115.509 112.108 111.672 185.157
threshold=0 1 2 3 441.00000000000006 4 4.5000000000000009 477.00000000000006 5 6.5000000000000009 6 7 413.00000000000006 8 9 403.00000000000006 10 11 507.00000000000006 527.00000000000011 5.5000000000000009 4.5000000000000009 55.250000000000007 12 13 4.5000000000000009 441.00000000000006 14 443.00000000000006 455.00000000000006
decision_type=9 9 9 9 2 9 2 2 1 2 9 1 2 9 9 2 1 9 2 2 2 2 2 9 9 2 2 9 2 2
left_child=21 14 -3 6 5 8 11 16 10 23 -5 12 -4 -11 -2 -10 -8 -9 25 -20 -21 -1 27 24 -6 26 -16 -23 -25 -30
right_child=1 2 3 4 9 -7 7 17 15 13 -12 -13 -14 -15 18 -17 -18 -19 19 20 -22 22 -24 28 -26 -27 -28 -29 29 -31
leaf_value=0.27932870272782384 0.21207640967062705 -0.010599309283658133 -0.012361652623890792 0.16496832834162914 0.18347137997774932 -0.023545915916211569 -0.0011711378836575031 0.12798044554287522 -0.11271247892142862 0.17554854586728474 -0.081499474363328328 0.1951868232017327 0.26375266434875561 -0.07736594946385493 0.19035063458914256 0.2380580871466268 0.14438454196301004 0.26202787034539077 0.34296706514193642 0.044437176303415434 0.32793896339885925 -0.079202526438793261 0.25297308520386763 0.32028268907630442 -0.044625885681133723 0.20330837285457193 0.27152353251830846 0.17317784907080561 0.11089492234155468 0.19296339153455708
leaf_weight=6786.7142747789621 2385.6735467836261 143.7639878988266 25.2567173615098 44.234683107584715 151.46587738767266 150.19214390963316 123.08349223434925 245.00002288818359 12.877434510737656 28.665577441453934 67.105078224092722 2220.5033772140741 1073.8574983924627 57.589638065546751 199.64405392855406 191.3249461017549 136.53258047252893 201.40559041500092 305.71136294305325 38.06158871203661 50.724286504089832 20.326329939067364 978.53494185209274 58.348889302462339 97.665306527167559 426.03761521726847 1437.9783115833998 62.976935908198357 326.4732165299356 1740.5258755683899
leaf_count=14401 8773 1843 240 294 959 1776 980 1557 134 139 692 10562 4120 615 820 1202 885 984 756 200 128 157 3175 289 878 2008 4182 256 2344 10298
internal_value=0.231734 0.203529 0.180949 0.18492 0.15669 0.0922975 0.205002 0.154429 0.143631 0.169514 0.0219465 0.216376 0.255087 0.018069 0.236165 0.205857 0.0808932 0.197195 0.258589 0.312232 0.206405 0.274033 0.242767 0.175015 0.0957805 0.249588 0.261628 0.122877 0.182991 0.180001
internal_weight=19788.3 11939.7 7095.87 6952.11 2926.47 465.734 4025.64 706.022 315.542 2460.73 111.34 3319.62 1099.11 86.2552 4843.83 204.202 259.616 446.406 2458.16 394.497 88.7859 7848.55 1061.84 2374.48 249.131 2063.66 1637.62 83.3033 2125.35 2067
internal_count=75647 57658 40791 38948 19620 4098 19328 4406 2322 15522 986 14922 4360 754 16867 1336 1865 2541 8094 1084 328 17989 3588 14768 1837 7010 5002 413 12931 12642
cat_boundaries=0 8 16 23 30 38 39 45 46 54 55 56 57 58 66 73
cat_threshold=657264645 524296 2147483904 16911360 34635808 8388625 385 514 268437024 2148533792 16777224 1048576 794624 1092886536 33843216 1036 1048576 8388608 536882306 4448 4325376 16384 4 256 1682186385 277086241 1109393408 1411385920 537397248 2195968 10240 33554690 1210056704 794624 536871304 2181038082 134742024 289 389 8192 2 1073741824 0 136 2147483648 304 0 0 134775296 0 0 0 1073741832 128 544423 724 533440 50995 1073750016 2 1242038272 2148024320 536871048 2181038086 0 1 0 524296 0 0 32 16 129
is_linear=0
shrinkage=0.1


Tree=3
num_leaves=31
num_cat=23
split_feature=7 7 7 0 8 7 7 5 7 1 7 7 8 5 1 1 1 7 0 7 1 1 8 7 0 7 4 7 8 8
split_gain=1586.36 606.429 301.981 228.03 221.984 455.94 179.614 157.738 131.322 129.937 234.997 175.854 128.175 128.01 401.148 123.019 118.425 138.758 110.716 150.938 108.098 98.1885 128.137 147.818 104.962 104.933 96.5117 93.8451 93.1175 92.8186
threshold=0 1 2 3 455.00000000000006 4 5 6.5000000000000009 6 7 8 9 539.00000000000011 4.5000000000000009 10 11 12 13 14 15 16 17 459.00000000000006 18 19 20 21 22 465.00000000000006 533.00000000000011
decision_type=9 9 9 1 2 9 9 2 9 9 9 9 2 2 9 9 9 9 1 9 9 9 2 9 1 9 1 9 2 2
left_child=27 9 3 -3 5 16 21 20 -7 10 -2 12 -11 15 -15 -8 17 -4 19 -18 -5 25 -23 28 -25 -6 -27 -1 -24 -26
right_child=1 2 4 7 6 8 13 -9 -10 11 -12 -13 -14 14 -16 -17 18 -19 -20 -21 -22 22 23 24 29 26 -28 -29 -30 -31
leaf_value=0.19263668714449425 -0.068916333209297298 0.2084127945065026 0.19399250107473259 0.14533867207165616 -0.024375441904848763 -0.059145880126761377 0.018801695520674719 0.019131169322367299 0.07166827135428798 0.055691035970124349 0.18360720859173846 -0.079069100100009698 0.43429806760841522 0.074139505132567299 0.20928377626491465 0.18251467089380596 0.044183463346149567 -0.076481911194258734 0.13919309143687908 0.25306482204711017 0.18516027542846783 0.23300104596891136 -0.022471621194117778 0.070042134518850357 -0.08008213918717666 0.24239610285652355 0.11159855001985919 0.22571507739319002 0.13954459002960504 0.34088474036384303
leaf_weight=2411.155064240098 45.872018862515688 2442.7143566980958 18.27895600348711 1886.8312653675675 29.657130509614944 81.286467738449574 61.519303642213345 72.533684484660625 674.12434792518616 309.3993391059339 156.35175898298621 106.36099039018154 9.2079726085066778 520.73243269324303 428.45664877444506 3116.3235300406814 59.642350859940052 48.084436133503914 755.48067742958665 302.61874389275908 2270.0925160422921 61.431627802550793 39.441620018333197 164.47787988930941 100.67098083347082 175.49104297161102 83.138961233198643 5844.8683556616306 352.67678747698665 5.5251431241631499
leaf_count=5907 518 6858 80 6436 215 824 333 428 4460 2822 1143 1294 26 3324 1760 11700 371 367 3912 1129 6796 284 275 983 774 743 504 9539 1823 19
internal_value=0.180835 0.160209 0.164697 0.181143 0.148962 0.120346 0.160051 0.164939 0.0570031 0.0607699 0.125777 0.0276554 0.0646053 0.169942 0.138129 0.179979 0.158933 0.0136649 0.167361 0.220785 0.16788 0.116902 0.093546 0.0820319 0.0215278 0.170473 0.192892 0.216299 0.120183 -0.0531731
internal_weight=22634.4 14378.4 13751.2 6672.17 7079.06 1939.52 5139.54 4229.46 755.411 627.192 202.224 424.968 318.607 4127.03 949.189 3177.84 1184.11 66.3634 1117.74 362.261 4156.92 1012.51 724.224 662.792 270.674 288.287 258.63 8256.02 392.118 106.196
internal_count=75647 60201 54398 20518 33880 11143 22737 13660 5284 5803 1661 4142 2848 17117 5084 12033 5859 447 5412 1500 13232 5620 4158 3874 1776 1462 1247 15446 2098 793
cat_boundaries=0 8 16 24 25 32 40 48 49 56 64 65 66 67 73 74 81 82 83 91 92 100 101 108
cat_threshold=657264901 524288 2147483904 16910336 34897952 25165848 384 516 1048576 8456256 570502274 536673 2160197889 34619392 4100 32 268437024 2148533800 16777224 3146752 532480 1076109313 33581585 1034 305 26624 1174405523 346292257 262144 287312584 526340 134283264 8320 304087298 69206544 262144 18944072 4198534 1208484864 17 3221225482 268697600 0 32770 201330688 536871680 0 16 529489 0 0 536946690 4128 2147483649 16384 4100 0 67584 570490880 12288 2155872513 34619392 4096 32 25536 557089 34322 0 67108992 0 0 8 524288 324 0 1 67371040 262144 8 0 134283264 543910 667778 0 268435456 69206016 0 2101320 4198402 134218752 1 436 0 256 69206016 0 2097152 0 0 1 4 536871168 524288 0 2048 262144 16777240 384
is_linear=0
shrinkage=0.1


Tree=4
num_leaves=31
num_cat=19
split_feature=7 7 7 0 7 0 8 7 7 7 5 0 5 1 1 8 7 5 7 8 7 3 7 7 4 2 8 8 1 5
split_gain=1242.58 428.338 237.72 194.8 241.201 177.547 159.006 179.775 140.568 140.305 133.505 124.332 109.875 156.361 106.988 99.3578 205.843 97.0528 459.991 107.417 185.184 126.288 168.971 93.3777 92.5118 90.2163 145.275 89.7025 88.4887 153.368
threshold=0 1 2 3 4 5 483.00000000000006 6 7 8 5.5000000000000009 9 6.5000000000000009 10 11 423.00000000000006 12 4.5000000000000009 13 455.00000000000006 14 7.5000000000000009 15 16 17 6.5000000000000009 487.00000000000006 511.00000000000006 18 3.5000000000000004
decision_type=9 9 9 1 9 1 2 9 9 9 2 1 2 9 9 2 9 2 9 2 9 2 9 9 1 2 2 2 9 2
left_child=-1 6 12 9 5 -5 8 -8 11 -4 24 -2 28 -14 27 16 -11 19 25 20 -6 -22 -23 -16 -9 -19 -27 -7 -3 -30
right_child=1 2 3 4 17 14 7 10 -10 15 -12 -13 13 -15 23 -17 -18 18 -20 -21 21 22 -24 -25 -26 26 -28 -29 29 -31
leaf_value=0.17924751573771444 0.1329193838682757 0.17049451031106316 0.090799846452519123 0.095492335378315862 0.0035971487964368215 0.024911784239677128 -0.052266837568491514 -0.11605918040123803 -0.033227316289258783 0.16319549635913694 -0.11052380139894885 -0.0032503390120554297 -0.045521052163515652 0.14766257906199784 0.028164583475971436 0.15651858133306754 -0.077719496681842096 0.11825978007192484 -0.015511450623860773 0.13684193026747909 0.15946891053812848 -0.018807709402357875 0.13062420293381263 -0.10933517381231764 0.20392722765839053 0.084967436187151135 0.28826647085778445 0.22306212292844432 0.15167332648828574 0.11110420970998297
leaf_weight=8514.1401151269674 143.59031113982201 2266.0258828252554 575.30389435961843 435.56392500177026 185.46626867353916 105.51585211977363 50.253531593829393 9.5084002315998077 232.63443357497454 74.210030935704708 16.255840860307217 127.3541566953063 71.453776337206364 85.625373229384422 84.664285682141781 2674.1829031035304 55.363918125629425 290.69612312316895 284.88232511654496 2381.9155438095331 378.11497165262699 126.49322671443224 184.51360387355089 105.45478658378124 181.52000761032104 55.594987407326698 95.579312317073345 29.159961346536875 3714.1485149562359 1243.9361985325813
leaf_count=14205 1053 5782 3009 2305 1239 674 511 85 2588 297 197 1183 441 255 556 9229 523 1409 1994 8651 1606 824 779 811 959 302 268 94 9785 4033
internal_value=0.147897 0.131296 0.134974 0.122218 0.108042 0.0541617 0.0555999 0.120244 0.0236439 0.141741 0.157014 0.071077 0.148827 0.0662878 -0.00246126 0.151833 0.0668549 0.118166 0.0854206 0.125837 0.0958643 0.118919 0.0734423 -0.0497558 0.188 0.147506 0.213502 0.0631278 0.150827 0.14121
internal_weight=24779.1 16265 15503.9 8122.68 4743.62 760.359 761.117 257.538 503.579 3379.06 207.284 270.944 7381.19 157.079 324.795 2803.76 129.574 3983.26 726.753 3256.5 874.588 689.122 311.007 190.119 191.028 441.87 151.174 134.676 7224.11 4958.08
internal_count=75647 61442 54866 34570 21512 4440 6576 1752 4824 13058 1241 2236 20296 696 2135 10049 820 17072 3973 13099 4448 3209 1603 1367 1044 1979 570 768 19600 13818
cat_boundaries=0 8 16 24 25 32 33 39 47 55 56 57 58 65 73 80 86 93 94 95
cat_threshold=657265957 524288 2147483904 16910336 35160096 25165824 16512 518 1048576 8456256 570502274 536609 2160201985 38813696 4100 32 268435968 2147485224 16777224 1049600 67379200 1076174873 35924241 1032 376 0 335544323 1544028672 1107574784 136316032 260 1207959624 3 1048576 0 536936578 524288 12582913 1048576 0 0 570490880 532480 2160066561 1048576 0 32 2147502080 1107558656 69239312 2 1224736768 2281705474 525312 385 809 41856 54208 0 144 1342439424 2097152 538968640 2048 134283264 2147483650 1649418240 294944 2097154 1073741888 528896 99328 128 1073741826 538189840 8388608 0 553648128 514 558080 0 37749120 262192 2149580800 268437504 524288 0 2 524288 262144 2098176 256 8 1 176648
is_linear=0
shrinkage=0.1


Tree=5
num_leaves=31
num_cat=20
split_feature=7 7 5 7 1 7 7 7 1 7 7 0 7 10 10 1 7 7 8 7 3 5 1 7 7 5 8 5 0 3
split_gain=1067.97 325.553 237.053 514.012 251.804 266.204 239.189 209.07 185.845 237.449 211.036 144.153 144.868 137.269 114.707 108.323 172.176 137.908 112.265 106.638 99.9436 97.0692 109.712 108.754 100.748 95.5315 94.908 102.943 92.9354 89.6552
threshold=0 1 4.5000000000000009 2 3 4 5 6 7 8 9 10 11 1350.0000000000002 1075.0000000000002 12 13 14 495.00000000000006 15 13.500000000000002 3.5000000000000004 16 17 18 7.5000000000000009 427.00000000000006 3.5000000000000004 19 15.500000000000002
decision_type=9 9 2 9 9 9 9 9 9 9 9 1 9 2 2 9 9 9 2 9 2 2 9 9 9 2 2 2 1 2
left_child=-1 15 7 -4 5 -5 25 28 9 21 13 12 -12 -10 -8 16 -2 26 -18 20 -15 23 -23 -9 -24 -6 -17 -28 -3 -13
right_child=1 2 3 4 6 -7 14 8 10 -11 11 29 -14 19 -16 17 18 -19 -20 -21 -22 22 24 -25 -26 -27 27 -29 -30 -31
leaf_value=0.1541444769695603 -0.06144808343428159 0.11855260326915368 0.0026603990361847292 0.10616041482703259 0.17022377110720815 -0.043224028553753638 0.27715802355096647 -0.044848695810091106 0.1469012761732659 0.14923650617941478 0.05181241016192132 0.083802663815930656 -0.084415296630315995 0.13769898165033317 0.083753718691174095 -0.11102045345269414 0.08112360542734133 -0.028605788900262843 0.20912678641401283 0.075876897531621468 0.022300278126809073 0.15692901473188459 0.083157264314537446 0.14014019691019095 -0.0075044298336175794 -0.0058752540514907768 0.13559640785160107 -0.1140501862335046 0.14615579039714655 -0.050597860232812701
leaf_weight=8382.1392840221524 61.273198984563351 3389.9703657403588 582.55548262223601 256.6087947934866 894.77875233441591 210.47358001768589 31.618170455098152 35.808380022644997 776.43613318353891 1874.4303402081132 208.946348387748 1412.7552040591836 111.34423809126019 793.13227172195911 1018.2449199743569 22.299145352095366 218.72145599126816 283.72436106204987 99.773244723677635 1207.8088377043605 82.894324518740177 87.29045781493187 234.81669728457928 332.72258038446307 249.4033670052886 31.904233418405056 151.56282764673233 18.537730261683464 3310.0831274241209 51.440580893307924
leaf_count=12773 670 8437 3342 1029 2676 1272 86 198 2461 5494 945 6218 704 2484 4284 268 1587 2686 429 4882 356 259 933 1090 1190 176 1064 189 7147 318
internal_value=0.124341 0.110348 0.11341 0.0880714 0.10798 0.0393507 0.123919 0.118906 0.106476 0.127769 0.0933273 0.0651388 0.00333291 0.110625 0.0887332 0.0482605 0.0878193 0.0155501 0.117532 0.09764 0.125348 0.0838427 0.0589303 0.124751 0.0372539 0.162408 0.0788612 0.10839 0.132387 0.0785444
internal_weight=26423.5 18041.4 17185.5 3026.18 2443.63 467.082 1976.55 14159.3 7459.23 2814.47 4644.76 1784.49 320.291 2860.27 1049.86 855.892 379.768 476.124 318.495 2083.84 876.027 940.041 571.511 368.531 484.22 926.683 192.4 170.101 6700.05 1464.2
internal_count=75647 62874 55981 12865 9523 2301 7222 43116 27532 9164 18368 8185 1649 10183 4370 6893 2686 4207 2016 7722 2840 3670 2382 1288 2123 2852 1521 1253 15584 6536
cat_boundaries=0 8 16 24 25 33 41 49 50 58 65 66 74 75 82 90 97 98 106 113 114
cat_threshold=657265957 0 2164261120 17958912 34635808 10485776 16640 516 1048576 8456256 570502290 536608 2160201985 34619392 4100 48 8706 67372160 1140850689 2147483649 958401024 3221227778 134221312 8 192 0 3255304216 786472 1075838976 532680 1 98441 3 1073741824 544210977 268730376 33817600 1074266240 9 35987536 128 268444168 2148271624 2097152 1024 67895808 1090854921 10881 1034 29121 1073741826 273678482 336330752 0 419431624 2151680770 134743048 1 1073741824 542122128 344719369 2097154 807404744 2684880898 167772168 20 0 0 1073741824 33816576 151003136 256 2457600 1 553045 1048576 0 536946690 32 2147614721 16384 4100 0 2048 536936448 0 2155872513 1064960 4096 32 0 1048592 8650752 2 270533696 2684356608 33554432 24576 0 144 0 0 128 2 0 1 2 1048722 0 0 419431424 2147483906 134742016 198
is_linear=0
shrinkage=0.1


Tree=6
num_leaves=31
num_cat=21
split_feature=7 7 0 7 7 5 7 7 8 7 8 7 7 7 3 7 1 7 1 8 8 2 7 7 1 7 4 7 6 6
split_gain=933.083 256.673 218.093 296.615 178.506 163.532 444.682 142.192 129.312 113.931 111.023 106.628 102.076 96.1907 90.4423 159.638 99.1975 170.2 97.1852 95.2241 93.2991 93.2084 181.395 124.145 90.205 111.124 87.2921 99.3059 83.1517 77.6527
threshold=0 1 2 3 4 5.5000000000000009 5 6 451.00000000000006 7 483.00000000000006 8 9 10 8.5000000000000018 11 12 13 14 437.00000000000006 481.00000000000006 4.5000000000000009 15 16 17 18 19 20 51.750000000000007 52.500000000000007
decision_type=9 9 1 9 9 2 9 9 2 9 2 9 9 9 2 9 9 9 9 2 2 2 9 9 9 9 1 9 2 2
left_child=12 10 4 -4 28 7 24 8 -5 -6 13 -8 -1 -2 21 18 17 20 19 -16 -17 23 -23 -9 25 -7 -18 -28 -3 -10
right_child=1 2 3 5 9 6 11 14 29 -11 -12 -13 -14 -15 15 16 26 -19 -20 -21 -22 22 -24 -25 -26 -27 27 -29 -30 -31
leaf_value=0.15506805607403379 -0.082163553598813499 0.25537216246344807 0.033426570226501452 0.07692354778826635 0.1541036619005049 0.12917472007753789 0.0056902602759578468 0.10572514399673844 -0.14673837259408307 0.1120838028394517 0.08795483294954938 -0.10942694035040271 0.12657354464131571 0.031711196897874161 -0.064896137600493065 0.16574848035464607 0.12631535906733243 -0.067233136385209322 -0.032186166177101287 0.064639711279197334 -0.04629083706423065 0.15649257372303471 0.044134601220691877 0.057120973363252808 0.15713156983977569 -0.079273035658750116 0.11416715265842792 0.016824815344674612 0.063951593467737336 0.11656280304686339
leaf_weight=2424.8939334154129 76.882884133607149 23.312625788152218 927.26570305973291 1050.7509637176991 979.66911581531167 40.286671444773674 246.98464395105839 1311.3879987224936 11.229001045227049 4402.9532071091235 337.29958789795637 110.42097904160619 5708.7381545305252 515.92969718202949 63.452869266271591 84.284481853246689 644.8279571980238 101.68331997841597 182.3111320361495 537.2363840341568 27.529072046279907 534.27993980795145 232.63569556176662 1042.9656680226326 257.54578752070665 43.201348774135113 218.20129094272852 218.80918545275927 853.94922119006515 4467.7458008006215
leaf_count=2345 1025 71 4835 3117 1853 175 1219 4090 53 12066 1873 896 9342 4195 404 236 1808 500 886 1947 120 1294 922 4006 766 257 667 965 3530 10184
internal_value=0.106541 0.0944762 0.0970892 0.0890075 0.112872 0.0934842 0.0466801 0.0966181 0.1083 0.120003 0.0417039 -0.0318857 0.135249 0.0160915 0.083825 0.0678237 0.0892807 0.0232078 0.0307934 0.050122 0.104222 0.0947482 0.125026 0.0848854 0.126251 0.0243703 0.101988 0.0684257 0.0682604 0.115903
internal_weight=27678.7 19545 18614.9 12355 6259.88 11427.8 698.439 10729.3 5529.73 5382.62 930.112 357.406 8133.63 592.813 5199.6 2078.34 1295.34 213.497 783 600.689 111.814 3121.27 766.916 2354.35 341.034 83.488 1081.84 437.01 877.262 4478.97
internal_count=75647 63960 56867 39347 17520 34512 3313 31199 13354 13919 7093 2115 11687 5220 17845 7533 4296 856 3237 2351 356 10312 2216 8096 1198 432 3440 1632 3601 10237
cat_boundaries=0 8 16 17 24 32 40 48 56 64 72 79 87 88 96 97 105 113 114 121 122 130
cat_threshold=657266469 0 2164261120 17958912 34635808 10551296 16384 516 1048576 8456256 570502290 12320 2160201985 38813698 4100 32 312 0 268435971 1485307904 1074003969 150996104 16777476 1073741896 2147483648 1107558674 69239296 2148024322 1292107776 2684354561 135005184 1409 2147483648 2722103328 33280 2097154 1141383168 537401353 137200016 130 268443658 1074529296 2097192 33792 67895808 270873 33825024 1032 0 270008832 8 1073741824 3072 17047568 129 2 268435456 1075322888 262153 0 262208 1074012176 8193 1033 102764800 0 0 131072 0 0 0 512 0 8454208 3074 32 131072 4210688 4100 0 4194560 294912 33554432 807413824 3221227520 134778384 128 132875 0 2751471744 0 2148024322 0 0 1 2 94024 0 34611200 262145 35651584 2112 1073743872 134810257 256 2147483648 2723152160 262145 524288 807405568 3221231616 3216 130 24832 0 33554432 0 0 67108864 526337 524304 4 1073741824 8 67108865 2637824 0 0 65664 256
is_linear=0
shrinkage=0.1


Tree=7
num_leaves=31
num_cat=24
split_feature=7 7 5 7 7 1 7 7 1 1 7 8 7 7 9 7 7 0 8 0 7 8 7 7 0 8 8 0 1 7
split_gain=806.821 216.621 155.961 359.237 196.269 184.012 353.973 217.7 147.184 115.826 213.869 114.725 200.079 115.483 113.914 110.797 101.04 100.32 144.05 97.1578 86.3491 84.4757 93.3852 83.9841 81.1201 95.8692 78.4423 77.5164 73.7524 109.254
threshold=0 1 4.5000000000000009 2 3 4 5 6 7 8 9 455.00000000000006 10 11 12 13 14 15 525.00000000000011 16 17 475.00000000000006 18 19 20 411.00000000000006 465.00000000000006 21 22 23
decision_type=9 9 2 9 9 9 9 9 9 9 9 2 9 9 9 9 9 1 2 1 9 2 9 9 1 2 2 1 9 9
left_child=-1 28 5 8 -5 7 14 21 20 10 -6 12 24 -13 -7 -11 17 26 -19 23 -4 22 -3 -14 -8 -26 -9 -12 29 -2
right_child=1 2 3 4 9 6 11 16 -10 15 27 13 19 -15 -16 -17 -18 18 -20 -21 -22 -23 -24 -25 25 -27 -28 -29 -30 -31
leaf_value=0.12157724485877808 -0.026482567435142042 -0.047182634672331664 -0.019002118945979949 -0.032752164189861752 0.07021052514509972 -0.0073417635709399701 0.11546445159275041 0.011827007565211057 0.1366935741627871 0.10233872590042453 0.011916495435609036 0.11485979718537929 0.023938336800716623 0.080588918227048556 0.054060981690669932 0.039107674818107466 0.11432969700677276 0.10855395817023575 -0.14562785241863022 0.048194630147955497 0.083546994717573098 0.086829530513378481 0.050951114576037307 -0.09574998623909535 -0.076745507990528788 0.074110444917199023 0.07794448392180206 -0.077013138747616131 0.0091942358883577661 0.092008064508369666
leaf_weight=7257.563105687499 100.25670949742198 112.07220695912838 101.06432562321424 303.00285780057311 442.18040102720261 527.33285378292203 712.00639970600605 259.84284749627113 778.70340918749571 633.03290980309248 202.35974870994687 1979.5559796690941 128.39048510789871 2651.0777983665466 707.49221611768007 565.95323779806495 5198.8205303065479 1348.7063253670931 22.670634716749191 556.46932449191809 471.73107247799635 565.01926728338003 520.81967268139124 95.302986081689596 44.772118382155895 712.87619330734015 579.90162522345781 180.55822687596083 524.57402947545052 340.0059564076364
leaf_count=9784 875 602 469 1934 1605 2475 1753 1012 1826 2018 934 4076 547 7094 2718 2243 11012 3387 108 2193 1648 1681 1956 598 242 1976 1601 1014 4331 1935
internal_value=0.0925545 0.0826008 0.0848298 0.0662293 0.0417968 0.088972 0.0776148 0.0994736 0.107196 0.0530628 0.0234738 0.0865351 0.0681355 0.0956615 0.0276153 0.0730623 0.106052 0.0861633 0.103597 0.0259831 0.0654376 0.0582382 0.0336332 -0.0289692 0.0897247 0.0643465 0.0568092 -0.0309095 0.0350812 0.0650365
internal_weight=28624.1 21366.6 20401.7 3678.59 2327.09 16723.1 8115.28 8607.85 1351.5 2024.08 825.098 6880.45 2249.82 4630.63 1234.83 1198.99 7409.94 2211.12 1371.38 780.163 572.795 1197.91 632.892 223.693 1469.65 757.648 839.744 382.918 964.837 440.263
internal_count=75647 65863 58722 13691 9748 45031 23672 21359 3943 7814 3553 18479 7309 11170 5193 4261 17120 6108 3495 3338 2117 4239 2558 1145 3971 2218 2613 1948 7141 2810
cat_boundaries=0 8 16 24 31 32 40 48 49 50 58 66 74 75 83 91 92 93 101 108 115 116 117 118 126
cat_threshold=120394021 0 2164261120 17956864 34635808 8454144 16384 516 1048576 8390720 570502290 536608 2160201985 34619394 4 32 3758096384 1080033313 269255176 33555456 1074274440 2101256 2433104 128 8704 67371136 1140850689 2147483649 555745792 2147483904 2560 160712 536870914 1644233507 32800 3255058432 10240 2097668 2982928 272 1610612738 2153054240 403472384 0 136316040 2690648320 1208483848 129 90560 98752 268435456 2181039634 8388608 1073741826 264256 553910293 393 27 268443648 2216166400 335806465 2099200 271319624 534553 134226176 10 1032 2153514112 786432 1024 0 2701139992 10376 1035 4 1024 572006410 134217728 2377728 67109888 535040 1242071169 1024 268435456 8339 1151336449 35652608 822083584 524316 33555456 2 141 644 536870912 1077936128 268435456 0 0 0 8192 128 1073741824 1048576 524288 0 134217856 2147483904 8 0 4194432 8388616 0 536870912 2147745792 2561 263 779 553047 1048576 0 536938498 32 2147614977 16384 4 32
is_linear=0
shrinkage=0.1


Tree=8
num_leaves=31
num_cat=26
split_feature=7 5 7 7 8 7 7 7 7 0 7 7 1 1 7 7 1 1 7 0 7 7 5 1 7 0 7 1 7 5
split_gain=724.844 186.793 445.321 203.958 184.703 343.038 234.237 211.143 130.423 122.533 148.687 127.063 98.4933 81.6407 90.874 81.5765 80.6177 74.7746 133.247 74.6092 96.9667 73.7139 96.1744 71.2102 146.004 70.3617 106.337 90.3416 73.2685 70.102
threshold=0 5.5000000000000009 1 2 451.00000000000006 3 4 5 6 7 8 9 10 11 12 13 14 15 16 17 18 19 4.5000000000000009 20 21 22 23 24 25 7.5000000000000009
decision_type=9 2 9 9 2 9 9 9 9 1 9 9 9 9 9 9 9 9 9 1 9 9 2 9 9 1 9 9 9 2
left_child=-1 4 23 19 5 16 -7 -6 12 11 13 -10 21 14 -11 -8 -2 18 -12 -4 -21 -9 -23 24 -3 28 -27 -28 -17 -25
right_child=1 2 3 -5 7 6 15 8 9 10 17 -13 -14 -15 -16 25 -18 -19 -20 20 -22 22 -24 29 -26 26 27 -29 -30 -31
leaf_value=0.11086960603066016 0.1213267213338676 0.1273943201612337 0.080301962852741077 -0.058156153190042387 0.094506441978529587 -0.072981976458049283 0.057234087220150068 0.14532219242355579 0.10774004861252676 -0.023872166275068035 0.07528081951944815 0.069309867858571322 0.0015414067369661367 0.087613460203126034 0.07091807420284528 0.10310260288524956 0.074211178802054356 0.053318929274141662 -0.043207256001503158 0.056401421314946056 -0.070891370191315375 -0.12615310406379041 0.12640277399567509 0.13810725081916742 -0.052297748271834969 0.034708683610469304 0.035751266091365051 -0.07873576645532597 0.0093792285638080886 0.0044080048844184726
leaf_weight=6485.2274274080992 634.14049035310745 80.572043068706989 210.12208000570536 419.95830567553639 6470.9868663698435 179.21354456245899 1594.5239382274449 94.855151891708374 1838.5116622038186 153.87157305330038 148.64495655149221 2008.9859701395035 468.72875893488526 2407.6021490618587 276.35872456431389 171.41726709902287 1338.9506668001413 2394.9437170699239 226.4160342104733 119.15447378903627 101.54304826632142 30.57366980984807 29.749678608030081 417.57596573233604 83.942026995122433 430.87675810232759 97.673566173762083 203.48504634201527 172.5526692122221 43.281626351177692
leaf_count=8427 1431 206 786 2774 12715 1516 5387 288 4175 548 433 5878 2767 6227 774 636 3809 8203 1017 505 611 212 115 915 421 1976 509 1423 796 167
internal_value=0.0811789 0.0726715 0.038299 -0.00923749 0.0750795 0.0578586 0.0352423 0.0800978 0.0706833 0.0736648 0.0637554 0.0879053 0.0250497 0.0801348 0.0372442 0.0427502 0.0898893 0.0467471 0.00448769 0.0386854 -0.00270026 0.091666 -0.00137254 0.101494 0.0379649 0.0209572 0.00315727 -0.041649 0.0576795 0.122884
internal_weight=29334.4 22849.2 1476.15 850.778 21373.1 4822.83 2849.74 16550.2 10079.2 9455.33 5607.84 3847.5 623.907 2837.83 430.23 2670.53 1973.09 2770 375.061 430.82 220.698 155.179 60.3233 625.372 164.514 1076.01 732.035 301.159 343.97 460.858
internal_count=75647 67220 6385 4676 60835 17483 12243 43352 30637 27255 17202 10053 3382 7549 1322 10727 5240 9653 1450 1902 1116 615 327 1709 627 5340 3908 1932 1432 1082
cat_boundaries=0 8 16 24 32 40 48 56 57 65 73 74 75 83 91 92 93 101 102 109 116 117 125 126 134 135 142
cat_threshold=120394021 0 2164261120 17956864 34635776 8454144 2113536 516 2684354560 3227517489 268468224 1073743874 1073750144 19660808 134284497 130 268435456 570687498 135004680 2097152 487327752 33560597 1074561280 8 11776 2181563402 337641985 2048 270795840 1073741837 134218265 1032 1610612736 8724480 1170 16384 213909505 17826560 262148 16 1073741834 68952576 8 52224 67635232 553656856 33827200 1026 1056768 41945090 603981954 12320 3221225856 33558532 64 32 816 805308032 1614873856 2359313 2181300224 537198592 4456451 593920 8 0 2415919129 8913952 1075838977 2098688 3222276352 33297 408 143361 309 0 1077936128 1 33554432 0 1 589824 8 268451840 4196737 262176 1109926912 2148008872 788480 106752 290 20704 180276 2147483648 49 1073741856 2097152 268435968 1073743872 8 256 785 268435456 570425344 134217736 0 420216832 2049 524544 8192 41943042 128 0 0 33554436 64 90240 0 512 0 0 8192 19398656 1233 2 56 0 537919504 134217736 2147487744 16781312 2185240592 33556480 1 13648 0 0 1778909184 262144 536881152 33554432 525440
is_linear=0
shrinkage=0.1


Tree=9
num_leaves=31
num_cat=21
split_feature=7 7 5 7 0 7 7 8 8 7 8 1 7 3 3 7 7 1 7 7 7 5 7 3 0 5 7 1 1 0
split_gain=623.641 147.509 177.207 263.043 151.725 188.266 161.664 95.3088 93.2072 292.628 87.5351 120.35 90.3047 82.7878 81.66 104.68 80.9378 95.3478 80.9196 78.9422 78.3617 78.1683 75.6739 80.3445 75.2613 67.4622 66.7373 62.6915 61.0822 58.028
threshold=0 1 6.5000000000000009 2 3 4 5 453.00000000000006 437.00000000000006 6 495.00000000000006 7 8 17.500000000000004 3.5000000000000004 9 10 11 12 13 14 3.5000000000000004 15 17.500000000000004 16 3.5000000000000004 17 18 19 20
decision_type=9 9 2 9 1 9 9 2 2 9 2 9 9 2 2 9 9 9 9 9 9 2 9 2 1 2 9 9 9 1
left_child=19 7 4 -4 6 10 -3 27 9 -7 12 -12 -6 16 15 -11 17 -10 -8 -1 -13 -19 -20 26 25 28 -24 29 -9 -2
right_child=1 2 3 -5 5 8 18 24 13 14 11 20 -14 -15 -16 -17 -18 21 22 -21 -22 -23 23 -25 -26 -27 -28 -29 -30 -31
leaf_value=0.11461372662974093 0.04808751183066886 0.092928682242761448 0.065871130451716761 -0.11238103939312385 0.010973571832788293 0.065867267526753384 0.069570529392623523 -0.010279568178361469 0.097662562010396761 0.11727996776320802 0.13666907117145366 0.059257950778152726 -0.073754813303775299 -0.13777600053257696 -0.080067916219456747 -0.076496912027916905 0.052586840210936993 0.071255081549134111 0.050478488072409983 0.089132120922366054 -0.08800052506300958 0.024788619775113763 0.011494632761484698 0.39029516715955465 0.089082800214677058 0.045360367565148156 -0.093301829697834959 0.038265464858714793 0.083123320381516208 0.11771938661571429
leaf_weight=2617.4251229465008 316.6015255600214 2459.8035475164652 172.45330537855625 142.0663629733026 444.90851020812988 659.18626284226775 1464.9545021466911 79.148572608828545 1148.0458643399179 49.240709662437439 97.22027749568224 68.914343595504761 164.73643751442432 21.072708413004875 240.98651520907879 44.094396200031042 5198.3976761363447 1459.211154486984 576.38022342696786 3617.5954565405846 56.913680106401443 481.49667604267597 206.0521333143115 4.8646348044276229 4204.5358999297023 988.24269206821918 75.8180639334023 1082.2621638327837 1466.7615580484271 255.8225823789835
leaf_count=2583 768 5649 630 1219 2606 2301 4484 213 2946 109 279 256 1635 114 1574 328 16860 4033 2426 5368 393 1694 926 6 7483 2403 657 2703 2587 414
internal_value=0.071707 0.0641733 0.0581216 -0.0161229 0.0597254 0.0525547 0.074638 0.075077 0.0566588 0.0277722 0.00658113 0.060263 -0.0129513 0.0601813 -0.0478785 0.0301033 0.0606846 0.0739038 0.0549975 0.0999955 -0.00892405 0.0594204 0.0297494 -0.012216 0.0804469 0.0655086 -0.019596 0.053662 0.0788124 0.0806936
internal_weight=29865.2 23630.2 15236.8 314.52 14922.3 10134.4 4787.87 8393.37 9301.73 993.508 832.693 223.048 609.645 8308.22 334.322 93.3351 8287.15 3088.75 2328.07 6235.02 125.828 1940.71 863.115 286.735 6738.69 2534.15 281.87 1654.69 1545.91 572.424
internal_count=75647 67696 51125 1849 49276 35128 14148 16571 29959 4312 5169 928 4241 25647 2011 437 25533 8673 8499 7951 649 5727 4015 1589 12686 5203 1583 3885 2800 1182
cat_boundaries=0 8 16 24 25 33 40 48 49 56 62 70 71 79 87 95 102 103 110 111 112 113
cat_threshold=103354629 0 2164261120 17956864 34635776 8454144 2113536 516 553911848 524800 0 1073777664 1074537504 1092624409 8576 1034 0 3225419825 143426056 2097154 0 526336 1073807369 128 360 1048576 276824065 704679042 8224 2162299136 34603268 1207960580 32 2147483648 336594089 276825096 33554434 270539712 262404 33622097 268443648 2756707464 2097185 2148007936 402653768 2151680002 33622537 1 61445 0 1 704643072 8192 2162163712 1048836 1207960576 0 0 268697608 2097152 0 786432 1342177282 1613039888 786440 2101248 218169344 2684621440 34374144 128 766217 1476413568 2151686224 1275068417 2147762176 2692743168 671612928 1208256000 288 102764800 0 2147483648 131072 0 8388608 0 512 0 1 32768 0 2147487744 33554432 1024 32 0 33816834 572883616 8192 67108872 34603008 8 196 0 1610612736 0 2097152 150994945 4196354 524288 18004 34 710
is_linear=0
shrinkage=0.1


Tree=10
num_leaves=31
num_cat=25
split_feature=7 5 7 7 7 1 7 7 0 7 1 10 7 7 2 8 7 1 7 7 7 10 7 7 9 7 0 7 7 0
split_gain=556.186 131.944 269.007 176.581 163.309 120.87 146.727 143.59 137.414 149.998 97.7822 80.9803 148.261 76.5496 106.327 75.1003 74.9005 71.9781 185.228 178.53 85.7892 85.2471 109.866 71.746 103.383 110.274 69.8473 69.7729 68.7314 72.8894
threshold=0 4.5000000000000009 1 2 3 4 5 6 7 8 9 1350.0000000000002 10 11 3.5000000000000004 477.00000000000006 12 13 14 15 16 1350.0000000000002 17 18 19 20 21 22 23 24
decision_type=9 2 9 9 9 9 9 9 1 9 9 2 9 9 2 2 9 9 9 9 9 2 9 9 9 9 1 9 9 1
left_child=16 4 10 -4 15 6 -6 26 -9 -10 -3 12 -11 -8 -15 -2 -1 19 21 -5 -21 28 -23 -13 25 -25 -7 -28 -19 -30
right_child=1 2 3 17 5 7 13 8 9 11 -12 23 -14 14 -16 -17 -18 18 -20 20 -22 22 -24 24 -26 -27 27 -29 29 -31
leaf_value=0.10536905843329357 0.063059285157385486 0.039399359863726766 -0.041510336812748183 0.088347443230886905 0.12422010663853347 -0.040991804271253068 0.074944960368411681 0.067964767619199423 0.011784878590176684 -0.0025957239869943585 0.097893605837498246 0.058693199643139196 0.10035038333108236 -0.062186213654745096 0.052577481813744623 0.083582719473346487 0.080640259799597339 0.14203837981169029 -0.029226678096968963 0.044067748805455345 -0.032322390125175252 -0.042314469753645979 0.052810965708543947 0.037311917675732359 0.04954294817199726 -0.042286444794916146 -0.046750235808146849 0.034909709628178513 0.092674486733746897 -0.05611582107232093
leaf_weight=2409.439971268177 3913.3954550027847 494.14989184588194 361.92865536734462 604.47804006561637 499.68812233954668 175.13032132387161 926.96051859855652 3780.8822670429945 1236.6865704916418 184.82009977847338 870.3989558853209 1872.6902451738715 670.9519867412746 110.14676463976502 302.27601537108421 3275.1144838184118 3877.7554597333074 131.23941702395678 531.7187483087182 319.84072421491146 256.37216751277447 164.87162655591965 402.23279551416636 356.17607117444277 1051.7155391722918 321.71696576476097 110.31153060123324 928.54460412636399 65.837601259350777 50.566797968000174
leaf_count=2345 8020 1755 2371 1690 1008 1070 1980 10250 5486 620 1971 4757 1686 502 988 5477 5754 258 2655 1017 1182 652 1274 1132 3247 1441 967 3666 186 240
internal_value=0.0636707 0.056633 0.0406833 0.0231119 0.0601026 0.0529989 0.0771075 0.0487829 0.0529652 0.0429049 0.0771516 0.051492 0.0792595 0.0587407 0.0214082 0.0723093 0.0902693 0.0324939 0.0163875 0.0505699 0.0101082 0.0461495 0.0253407 0.0450384 0.0297427 -0.000537548 0.0159731 0.0258755 0.0956651 0.028713
internal_weight=30258 23970.8 4253.64 2889.09 19717.2 12528.7 1839.07 10689.6 9475.64 5694.76 1364.55 4458.07 855.772 1339.38 412.423 7188.51 6287.2 2527.16 1346.47 1180.69 576.213 814.748 567.104 3602.3 1729.61 677.893 1213.99 1038.86 247.644 116.404
internal_count=75647 67548 15251 11525 52297 38800 4478 34322 28619 18369 3726 12883 2306 3470 1490 13497 8099 9154 5265 3889 2199 2610 1926 10577 5820 2573 5703 4633 684 426
cat_boundaries=0 8 16 23 31 32 40 48 49 56 57 64 72 80 81 89 97 104 112 120 121 128 129 136 144 145
cat_threshold=103355685 0 2164261120 17956864 34635776 8454144 2113536 516 1610612736 1080033313 268731016 33555456 1074274440 35656200 33882192 128 16785920 67373184 1677722625 2148007937 2711618048 2147483906 2560 17048072 787968 2097152 34818 264224 3775143953 2945 1034 25473 0 37748864 167772184 3221226496 536871488 0 33816576 256 0 41943137 167807122 4128 1078067336 35651588 262148 417 376 0 268435464 1887962112 1107582976 2829070656 1573120 168297488 90304 0 3289382914 0 2147483648 285213184 0 8192 268435456 1611669513 8388641 2899968 67641344 524300 73744 32 102764800 0 0 131072 0 0 0 512 684032 268697600 2148009472 42467328 1075863554 268384 262161 8585 27 2147483650 571482186 134742064 264192 1312 1627914244 1208493184 1280 0 524816 0 2097152 470024256 10241 33025 0 2147483648 0 2097152 0 1 8449 10 805306370 3289383170 327680 0 285736961 2056 45120 16 4 0 536870928 41 524288 512 130 8 144 0 64 33589378 32 1073872896 33554432 4 0 2147483648 0 2097152 64 1 8449 10 936
is_linear=0
shrinkage=0.1


Tree=11
num_leaves=31
num_cat=27
split_feature=7 8 7 7 7 7 6 0 7 7 1 7 0 7 7 7 2 7 9 7 7 0 1 7 1 1 1 7 7 1
split_gain=491.161 114.691 268.995 216.259 141.962 106.335 97.2461 86.5397 171.676 105.725 110.818 118.497 84.3603 84.4654 79.2063 74.2953 74.8957 161.007 91.5239 148.201 126.004 104.619 90.5901 71.6079 71.0669 70.5202 69.6487 90.995 79.233 67.3928
threshold=0 477.00000000000006 1 2 3 4 53.500000000000007 5 6 7 8 9 10 11 12 13 3.5000000000000004 14 15 16 17 18 19 20 21 22 23 24 25 26
decision_type=9 2 9 9 9 9 2 1 9 9 9 9 1 9 9 9 2 9 9 9 9 1 9 9 9 9 9 9 9 9
left_child=14 3 26 -2 6 -4 -5 8 25 29 11 -11 -8 -14 -1 -6 17 -17 19 -18 21 -20 -21 -24 -19 -7 27 -3 -28 -9
right_child=1 2 5 4 15 7 12 9 -10 10 -12 -13 13 -15 -16 16 18 24 20 22 -22 -23 23 -25 -26 -27 28 -29 -30 -31
leaf_value=0.095968170300748404 -0.01283881765694872 0.084237532003326093 0.081241525480959725 0.098537457385156874 0.048249162467950669 0.024989601828009231 0.069871594638965986 0.11147975179259682 0.053660757194795974 0.058875824860977768 0.057919138170503037 -0.080088348202814519 -0.078808172195443948 0.042240408087413375 0.071409251918960498 0.038829235956814666 0.083484553959833771 0.022764958597816867 0.036747887242158266 0.04243438361133451 0.041041399397927003 -0.058934221352385699 0.024536265670942244 -0.10708354202365944 -0.058112812408022768 -0.050974225057737924 -0.056518719270961852 -0.0039433399068222567 0.01437028998423466 0.069490192223971417
leaf_weight=2620.6184634119272 641.42084866762161 244.59036742523313 2554.5615046955645 624.63702724501491 4305.8621680215001 248.73094292730093 1946.7352690212429 644.06595525145531 3091.8288372382522 103.73858245462179 1432.5982426218688 124.70146536454558 51.975566904991865 1543.7105093225837 3675.2287791371346 712.37946913763881 802.48875451087952 151.24561061710119 179.65561926364899 317.41934974864125 979.27282850071788 284.22960755601525 72.731899410486221 84.128871127963066 359.03729186207056 223.18312188982964 210.3009325787425 223.39892716705799 546.2610198892653 1531.4076289460063
leaf_count=2704 4100 674 4852 1287 11505 747 4147 1124 7840 271 3485 534 309 3668 5510 2554 2343 601 608 1249 3344 1450 251 526 1697 902 1088 959 2040 3278
internal_value=0.05678 0.0502345 0.0576896 0.0438899 0.0467934 0.0631085 0.0620091 0.0567479 0.045058 0.0674612 0.0475528 -0.0171597 0.0557431 0.0378313 0.0817678 0.0390407 0.0288872 0.0084033 0.0382013 0.0577038 0.0209474 -0.0218845 0.0120676 -0.0482421 -0.0341642 -0.0112484 0.0130154 0.0429417 -0.00581492 0.0823747
internal_weight=30532.1 24236.3 11179.4 13056.9 12415.5 9954.82 4167.06 7400.25 3563.74 3836.51 1661.04 228.44 3542.42 1595.69 6295.85 8248.45 3942.59 1222.66 2719.93 1276.77 1443.16 463.885 474.28 156.861 510.283 471.914 1224.55 467.989 756.562 2175.47
internal_count=75647 67433 27794 39639 35539 23033 9411 18181 9489 8692 4290 805 8124 3977 8214 26128 14623 4852 9771 4369 5402 2058 2026 777 2298 1649 4761 1633 3128 4402
cat_boundaries=0 8 16 24 32 40 41 48 55 56 63 64 72 80 88 96 97 105 112 113 114 122 123 124 125 132 139 140
cat_threshold=120132869 0 2164261120 17956864 34636800 8454144 2113536 516 8192 312475906 1981874192 794624 2709520448 1310724 1552 385 1073741834 545327712 1154 33591329 67113217 2185249536 68 32 402679840 525320 337707520 1074268160 16851008 1090789400 528 138 1074003976 537985536 1032 33588225 1140850720 2153775888 33556672 1024 198 512 2214854665 524320 16386 392 1610614786 360704 536871424 2214592513 8912928 2115586 795520 554186754 368897 98976 2415919104 1077936128 134479872 0 8 1073741825 8 803 0 0 67108864 1074266112 0 0 0 2 102764801 0 2147483648 131072 0 8454144 0 516 536871424 3223585168 1074003969 2 806094880 1050757 336257 257 2147483648 38805506 545783840 2097152 2292187144 537395200 1207992328 1024 2 0 71303168 134217752 2149860352 2151678472 524288 560128 16 2147483648 4194304 167772184 262144 2155872264 524288 1208517640 48 22660 0 8193 41943040 8192 0 0 33554432 1024 49548 47114 225545 8192 10485762 33554448 262144 16777216 262148 1040 0 8388608 906035216 524288 16777216 1048580 16 102528
is_linear=0
shrinkage=0.1


Tree=12
num_leaves=31
num_cat=23
split_feature=7 5 7 7 8 7 7 1 7 7 7 5 7 2 7 7 1 6 0 7 7 7 1 7 8 0 7 3 7 0
split_gain=429.881 116.373 287.406 144.415 110.626 222.644 175.558 118.582 172.56 144.437 113.871 96.0672 184.665 90.5625 220.78 103.884 90.9707 88.4387 85.7878 83.3091 82.759 77.9449 75.5293 75.4234 73.6529 73.5335 104.788 73.2149 114.639 81.2651
threshold=0 5.5000000000000009 1 2 477.00000000000006 3 4 5 6 7 8 3.5000000000000004 9 3.5000000000000004 10 11 12 53.500000000000007 13 14 15 16 17 18 489.00000000000006 19 20 6.5000000000000009 21 22
decision_type=9 2 9 9 2 9 9 9 9 9 9 2 9 2 9 9 9 2 1 9 9 9 9 9 2 1 9 2 9 1
left_child=23 4 -3 25 6 -6 -2 8 -7 -9 17 21 -13 14 -12 22 -17 -8 20 -16 -14 -11 -15 -1 -22 -4 -27 28 -18 -29
right_child=1 2 3 -5 5 7 10 9 -10 11 13 12 18 15 19 16 27 -19 -20 -21 24 -23 -24 -25 -26 26 -28 29 -30 -31
leaf_value=0.088808552518668094 -0.021744653034397498 0.068666135777264631 0.051283755826000303 -0.057315073318326595 0.0085168137473166493 0.0086201111075270963 0.091091119329293188 0.022032915926018477 0.088588574912424542 0.024530149502026703 0.043371153222279711 0.069760623925864282 0.0085651509113550042 0.08260914334977712 0.010753351080721609 -0.070613065812181103 0.11368755440627452 0.049828518671690442 0.031702531275637956 -0.048354387870962655 -0.010210542905617166 0.073130754203696358 0.043635670039739324 0.064815520393987372 -0.15752864639972747 0.037701531572777544 -0.11215467560964293 -0.030184188507926923 0.017802660309395361 0.031193763241303626
leaf_weight=2398.6111062765121 440.08027775213122 648.84586750343442 292.35861571133137 454.51384609937668 982.16178677976131 323.63902269303799 598.92135324329138 1341.6596250757575 2147.8318658322096 404.58709055930376 1417.2309497073293 882.1918254122138 188.55425526201725 843.57262151688337 472.53688946738839 79.952553849667311 249.75918013975024 3913.7599208280444 421.70526755601168 469.47001903131604 57.153006747364998 3356.1494008563459 1472.8580632209778 3968.6739982292056 83.547734223306179 98.156447000801563 74.515791732817888 233.75586010143161 266.82132857292891 2151.5362090878189
leaf_count=2451 3233 1666 1028 2811 3536 951 1101 3936 3890 1013 4004 1805 506 2000 1901 394 572 8465 1085 2118 181 6400 4135 5941 397 377 497 1183 917 7153
internal_value=0.0507589 0.0446428 0.0183128 -0.0177708 0.0464737 0.0542229 0.0402122 0.0590253 0.0781936 0.0518863 0.0424356 0.0592575 0.0391157 0.0348615 0.0186098 0.0421639 0.0294725 0.0551826 0.00215789 -0.0189028 -0.0355015 0.0681619 0.0581227 0.073979 -0.0912054 0.0212721 -0.0295676 0.0324631 0.066707 0.025183
internal_weight=30735.1 24367.8 1568.39 919.545 22799.4 10189.2 12610.3 9207.02 2471.47 6735.55 12170.2 5393.89 1633.15 7657.49 2359.24 5298.26 2981.83 4512.68 750.96 942.007 329.255 3760.74 2316.43 6367.29 140.701 465.031 172.672 2901.87 516.581 2385.29
internal_count=75647 67255 6379 4713 60876 23700 37176 20164 4841 15323 33943 11387 3974 24377 8023 16354 10219 9566 2169 4019 1084 7413 6135 8392 578 1902 874 9825 1489 8336
cat_boundaries=0 8 16 24 32 40 41 49 57 65 73 81 89 90 91 99 107 115 116 124 125 131 139 140
cat_threshold=103616805 0 2164261120 17956864 34636800 8454144 2113536 516 2684354560 3227779633 268468224 1073743874 1090527360 19660800 134284497 2 0 570425354 135004696 2097152 1007159304 33560605 1074561024 136 2147491840 302252288 1946255376 1074536448 830472256 1310724 134219264 1 1610612736 8456224 1026 36865 134222209 2187346688 68 32 225298 285213696 1073741856 8388608 2147483648 2147486344 526336 65544 288 1610613762 4194458 168559617 2097154 2281701632 1610612754 1074298896 400 402681344 1074529288 337641472 1074268160 327776 537133084 784 10 268435968 603980321 8388648 1025 67635744 2621449 327944 1026 2147483648 2185232770 9175169 35651584 815800320 1073752065 1208066185 256 16777216 2216689680 1208058385 2147763200 289933312 17833984 11393 129 525346 660 0 68165632 1644232736 2147491840 2147484168 18350208 33816576 1024 0 1075325952 0 2147485696 8 8192 0 8 0 67110913 0 0 67110912 524297 327680 2 706372 102764800 0 0 131072 0 8454144 0 512 787 0 570425344 24 0 805830656 2073 2 896 570687488 0 536871432 2051 33816584 1024 128
is_linear=0
shrinkage=0.1


Tree=13
num_leaves=31
num_cat=23
split_feature=7 8 7 0 7 7 7 5 7 7 7 0 7 7 7 1 1 8 8 10 10 1 7 7 1 7 7 6 0 1
split_gain=388.693 97.0107 281.979 102.865 323.589 142.173 109.64 87.3664 148.256 72.5063 58.0075 66.7938 143.504 107.907 86.8478 77.1226 67.9915 69.5026 64.1442 67.4279 61.2955 57.4462 94.9686 66.9584 57.2237 56.7717 55.7376 54.8801 54.1094 51.1522
threshold=0 413.00000000000006 1 2 3 4 5 5.5000000000000009 6 7 8 9 10 11 12 13 14 459.00000000000006 461.00000000000006 1850.0000000000002 1175.0000000000002 15 16 17 18 19 20 56.750000000000007 21 22
decision_type=9 2 9 1 9 9 9 2 9 9 9 1 9 9 9 9 9 2 2 2 2 9 9 9 9 9 9 2 1 9
left_child=9 2 -2 4 -3 -5 24 -8 -9 -1 18 13 21 -12 16 -15 -14 -18 19 -7 -19 22 28 -23 26 -17 -6 -16 -13 -21
right_child=1 3 -4 5 6 10 7 8 -10 -11 11 12 14 15 27 25 17 20 -20 29 -22 23 -24 -25 -26 -27 -28 -29 -30 -31
leaf_value=0.082113089698519395 0.06151049756189203 -0.038371640657762524 -0.092119699060579541 0.059211515947161709 0.057363342999156186 0.04032296885314457 0.031261964938603247 0.048059796747272482 -0.085481946909421 0.058804166842879771 0.071646922994664117 0.025730700357178279 0.088083522448612839 -0.10974640425801073 -0.10062935747867766 -0.028043332996903078 0.035437142151885974 0.081643877757740305 0.059104244276212463 0.012085864529924127 -0.038157428839125415 0.083704373660271572 0.045723776136214096 0.02862927387315857 0.052843661074910099 0.037629049492162642 -0.075065372029349348 -0.0059202487090512538 -0.040516294939597276 -0.098629218421618828
leaf_weight=2345.2635262459517 264.93219827860594 597.96583775058389 201.36124828457832 5282.0127451755106 46.338593333959579 792.80677403509617 5205.0569830313325 150.49646969139576 164.87693875655532 4132.5543298199773 923.56116259843111 210.56266316026449 85.359637819230556 30.621327515691519 142.25435571372509 141.27740185707808 307.10989544913173 47.583748109638691 2151.2173377983272 115.0220141261816 416.76401819288731 460.52876842767 698.24902217835188 485.91286853328347 3594.580058708787 1353.5433069430292 65.361998528242111 107.35688253119588 272.8161146491766 55.446247905492783
leaf_count=2466 864 3076 1373 10216 85 2180 15558 528 1129 6400 2162 670 199 165 1080 688 1061 111 4799 333 1543 1042 1975 1586 8082 4269 224 487 1057 239
internal_value=0.0455175 0.0396687 -0.00548864 0.0405662 0.0325593 0.0460973 0.0371928 0.0281144 -0.0229423 0.0673566 0.0381657 0.031965 0.0223448 0.0445283 -0.00688406 0.02775 0.00838122 -0.00145193 0.0493426 0.0280547 -0.0258809 0.0375027 0.0223227 0.0560232 0.0506027 0.0312772 -0.0199285 -0.0575882 -0.0117221 -0.029002
internal_weight=30848.8 24371 466.293 23904.7 9824.68 14080 9226.71 5520.43 315.373 6477.82 8797.99 5683.5 3234.5 2449 1106.43 1525.44 856.817 771.458 3114.49 963.275 464.348 2128.07 1181.63 946.442 3706.28 1494.82 111.701 249.611 483.379 170.468
internal_count=75647 66781 2237 64544 28682 35862 25606 17215 1657 8866 25646 18095 10811 7284 4481 5122 2914 2715 7551 2752 1654 6330 3702 2628 8391 4957 309 1567 1727 572
cat_boundaries=0 8 15 16 23 31 39 47 55 62 63 71 79 87 88 89 90 98 106 107 115 123 124 125
cat_threshold=120403237 0 2164261120 1091698688 34636800 142671872 2113536 516 268435456 2214593944 1476657193 10240 538968136 4464667 134217873 134 512 2147484305 2055734432 532480 134218113 1090519298 33280 16896 1573385 524320 3072 67115105 1090789776 33563521 10 1342177290 1078200352 2129945 33556480 1343037984 2097673 5136 1024 2147483648 537395208 262144 2 16777280 526336 134742401 130 102764801 0 0 131072 0 65536 0 516 671090816 2954888208 167772672 2670595 9175424 538974208 1073842176 288 1073741824 1107304834 1417674761 8192 1765810688 2147483651 134479872 1425 2147483648 67371232 8389640 33816576 2418024960 4 263248 256 2415919104 67174400 262144 33816576 270532616 34078720 524376 32 589874 164870 51554 1073741824 33554560 8 0 0 2147483651 0 1297 0 130 268435464 0 134217728 2147483651 0 1424 33 0 8388864 67108864 0 671088640 4194306 134217728 128 0 0 0 0 262144 9 0 1024 65 527424
is_linear=0
shrinkage=0.1


Tree=14
num_leaves=31
num_cat=25
split_feature=7 8 7 5 1 7 7 7 1 7 7 7 0 7 7 7 0 1 0 7 1 7 1 7 10 7 5 1 6 7
split_gain=342.545 90.4174 221.208 133.768 250.57 370.427 208.588 181.571 156.116 258.304 203.953 113.514 106.505 104.347 99.6446 88.8156 79.0254 76.4744 70.6721 69.7338 68.6357 85.4904 63.3823 76.1997 85.3286 67.7539 63.0816 84.2287 62.5907 156.84
threshold=0 451.00000000000006 1 3.5000000000000004 2 3 4 5 6 7 8 9 10 11 12 13 14 15 16 17 18 19 20 21 2050.0000000000005 22 3.5000000000000004 23 56.250000000000007 24
decision_type=9 2 9 2 9 9 9 9 9 9 9 9 1 9 9 9 1 9 1 9 9 9 9 9 2 9 2 9 2 9
left_child=26 2 19 8 5 -5 12 16 10 18 -3 22 14 -11 -7 -9 -6 -15 -10 -2 21 -13 23 24 -4 -24 -1 -28 29 -17
right_child=1 3 11 4 7 6 -8 15 9 13 -12 20 -14 17 -16 28 -18 -19 -20 -21 -22 -23 25 -25 -26 -27 27 -29 -30 -31
leaf_value=0.069498854091498724 -0.013791057019575058 0.0086562617080135195 -0.014317373312159778 0.062984079610667917 0.042527363246261093 0.0026540083731396193 -0.068110617675939511 0.063492785300112445 0.020829474689310793 0.067598069747453762 0.082694948680314712 0.082448008909654757 0.030401161617397744 -0.031259308560950459 -0.10587294295760291 0.053263131201803586 -0.01910703894889193 0.041186917710352725 -0.030185884261838658 -0.095680284908696844 0.020887771324069937 -0.12333242774296792 0.017878479556923663 0.055425587991468954 0.133542174042313 0.081980241770892207 0.020213757628561122 0.062653244347556078 0.046754083644068932 -0.021614632632566546
leaf_weight=4017.1950136646628 513.21283428743482 474.16485818475485 405.91048438847065 666.8345111310482 289.11343247815967 229.11399079859257 656.17783013731241 2066.3347761742771 498.41114032268524 1765.9033591970801 1973.0123670250177 22.213043197989464 599.72549974918365 145.841567710042 126.85002737492323 567.01403222978115 673.13704274967313 5542.8363255634904 574.36118618026376 124.27667382359505 2615.8712141476572 62.309369754046202 235.11020461469889 555.29281034320593 43.181835480034351 779.3362751789391 748.00384237244725 1402.5355606153607 2016.6723069809377 536.86223841458559
leaf_count=5045 2363 1113 1442 1699 913 630 2975 4460 1535 3448 3541 37 1578 425 578 1413 2558 13032 2503 1018 8876 378 677 1442 74 1730 1347 2003 4973 1841
internal_value=0.0408565 0.0355503 0.0240636 0.0387399 0.0292648 0.000846888 -0.0250893 0.0397298 0.0460163 0.0394538 0.0684428 0.0314989 0.00484862 0.0460683 -0.0378565 0.04715 -0.000341703 0.039278 -0.00651062 -0.0309863 0.017926 -0.0662508 0.0494762 0.030843 -9.79667e-05 0.0674434 0.0619989 0.0482772 0.0361601 0.0171336
internal_weight=30926.8 24759.1 5356.71 19402.4 8427.84 2278.7 1611.87 6149.13 10974.5 8527.35 2447.18 4719.23 955.69 7454.58 355.964 5186.88 962.25 5688.68 1072.77 637.49 2700.39 84.5224 2018.83 1004.39 449.092 1014.45 6167.73 2150.54 3120.55 1103.88
internal_count=75647 67252 18037 49215 23618 7460 5761 16158 25597 20943 4654 14656 2786 16905 1208 12687 3471 13457 4038 3381 9291 415 5365 2958 1516 2407 8395 3350 8227 3254
cat_boundaries=0 8 16 17 25 33 41 42 50 58 66 67 75 83 91 92 93 94 101 102 109 110 117 125 126 134
cat_threshold=120159525 0 2164261120 17956864 34636800 142671872 2113536 516 1610612736 1149575680 578846864 16384 746586113 17826578 265344 16 192 640 2789214608 1107297312 1074003969 532480 1581329 264448 19 1342177280 795656 134742024 532480 807404128 1090519048 134848641 1288 268435968 2248412288 1141375488 2147491840 2434794248 33564674 524296 35 960 0 41945091 100663344 1108107264 12352 4 134579216 304 1074004480 537396368 262144 1024 69468224 524571 2576 258 512 2181565707 337641984 2048 2359752 1107820549 134218257 40 708 268697608 1835136 536936448 0 262273 1090781714 33560712 3 268435456 533504 134217736 0 544 16777216 557184 8 1610612738 8715 160 35948544 1275330560 2686451725 271440 256 704 32 872 0 1140858880 578813968 0 671088640 18 3200 754690 0 0 0 0 268435456 8 8192 44582 0 34080779 0 0 2097224 1073741829 513 0 2147483648 268435456 0 262144 524288 134217744 40 960 8 549453824 134217737 1074282496 10336 17039360 134220545 1024
is_linear=0
shrinkage=0.1


Tree=15
num_leaves=31
num_cat=24
split_feature=7 5 7 7 7 1 7 1 8 7 1 8 7 0 1 7 7 7 0 7 7 8 7 8 7 1 7 11 2 0
split_gain=317.844 106.378 188.609 105.816 104.624 85.9923 145.887 83.4661 64.5116 196.149 60.0415 63.6281 57.3021 61.594 56.0826 155.801 125.141 97.1928 73.1914 106.421 88.5674 65.2517 89.2181 64.4783 101.746 70.1086 105.511 64.3472 62.6642 79.9013
threshold=0 4.5000000000000009 1 2 3 4 5 6 437.00000000000006 7 8 451.00000000000006 9 10 11 12 13 14 15 16 17 499.00000000000006 18 447.00000000000006 19 20 21 22 2.5000000000000004 23
decision_type=9 2 9 9 9 9 9 9 2 9 9 2 9 1 9 9 9 9 1 9 9 2 9 2 9 9 9 9 2 1
left_child=-1 4 7 -4 10 6 -6 -3 9 -7 -2 -12 -11 -14 15 -10 27 -17 20 -20 -18 -19 -23 24 -21 26 -25 -16 29 -27
right_child=1 2 3 -5 5 8 -8 -9 14 12 11 -13 13 -15 16 17 18 21 19 23 -22 22 -24 25 -26 28 -28 -29 -30 -31
leaf_value=0.062396068655449992 0.011847997016445046 0.021263629986515067 -0.037981424895249027 0.012933076748603421 0.051771468148113467 -0.050432141469528374 -0.10994050609771747 0.070726807822789797 0.065938298677725354 0.05005202749683503 0.029110771703674144 0.054123697653490004 0.062290813544860706 -0.0026558560344926933 -0.015076686014199637 -0.051281899994569446 0.064294215515328088 0.040152791805950251 0.045449540303095531 0.033482326757604479 0.028489239051210449 0.057809107470310164 -0.046913880162762031 0.028962937373510134 -0.093410330612491835 -0.062133854880396924 -0.10898892582341682 0.026634689859256135 0.032255081872270414 0.020787473516748315
leaf_weight=4187.0477571450174 497.99139103293419 642.86595173925161 469.11343629658222 2758.0882582254708 100.68633590638638 364.79175969585776 105.77989020571113 796.11662127450109 1828.2703068777919 752.13930405303836 1283.28494220227 4901.0751161202788 177.7238831371069 660.69571209326386 832.247971765697 145.59524426981807 1556.0126089192927 1563.8735446371138 2006.4278835877776 115.75944961607456 1345.4411076083779 119.11845435202122 210.87668451294303 115.62922546267509 122.56624030321836 164.41470002755523 93.409513678401709 649.78885973244905 2058.2932608388364 339.44507517665625
leaf_count=5394 1035 1987 2529 9464 219 2078 486 1618 3622 2311 2762 7870 548 2746 3113 796 3078 3994 5001 299 3379 247 676 267 664 598 402 2113 5407 944
internal_value=0.036724 0.0326742 0.018966 0.00543756 0.0355819 0.0309685 -0.0323307 0.0489284 0.0318477 0.0149115 0.0461184 0.0488544 0.0300263 0.0116831 0.0343678 0.044647 0.0300586 0.0253318 0.0350632 0.0275886 0.0478459 0.0314601 -0.00878183 0.0155698 -0.0342906 0.019914 -0.0348427 0.00326732 0.0244221 -0.00709121
internal_weight=30964.6 26777.5 4666.18 3227.2 22111.3 15429 206.466 1438.98 15222.5 1955.35 6682.35 6184.36 1590.56 838.42 13267.2 3867.73 9399.44 2039.46 7917.4 5015.95 2901.45 1893.87 329.995 3009.52 238.326 2771.19 209.039 1482.04 2562.15 503.86
internal_count=75647 70253 15598 11993 54655 42988 705 3605 42283 7683 11667 10632 5605 3294 34600 9335 25265 5713 20039 13582 6457 4917 923 8581 963 7618 669 5226 6949 1542
cat_boundaries=0 8 16 23 31 32 39 40 48 49 57 58 59 67 75 83 84 92 100 108 114 115 122 123 124
cat_threshold=103308577 0 2164260864 17956864 33587200 142672000 2113536 516 1610612740 1075839073 302023560 33555456 1074274440 35656200 33882128 128 16851456 67373184 1140850689 2148007936 556794368 3221225730 2560 17113736 787200 2097408 1073776642 1116192 3774873616 2944 1032 589856 805306372 2147491840 262145 2149580800 262144 262144 8193 74688 4 1140852736 1183121560 33558528 2710044673 35127300 33849344 2 34337 268435456 4194312 134217760 532480 404759104 4456451 134225929 33 96 26505 268435460 1649412224 33554440 787456 805577288 270849 33857552 256 0 574621697 704741504 786432 8648 33554945 168034304 416 1073741824 2 67633152 8192 2147488000 37748992 8 1 312 1073741824 3296788504 67371024 5120 80220160 4220938 626688 19 2415919104 68166784 1082655745 33570817 2821194752 1575172 8217 2 0 24 134217777 33554432 128 6 66560 2 268435456 1152 9 2097152 262144 786432 32784 4 1049728 1073741833 2097152 536870912 0 8192 2 6
is_linear=0
shrinkage=0.1


Tree=16
num_leaves=31
num_cat=25
split_feature=7 5 7 7 1 7 7 7 3 8 7 7 1 7 3 7 1 7 7 0 7 7 5 0 7 7 7 1 7 1
split_gain=280.76 84.8177 153.099 92.8866 92.7506 144.117 103.767 81.8689 73.2943 69.1302 159.148 66.8815 66.4189 79.6649 91.4741 74.3236 60.7792 139.901 88.1985 70.1477 94.6 91.0735 59.4799 56.4241 218.618 117.843 115.305 79.4427 98.7273 72.8467
threshold=0 4.5000000000000009 1 2 3 4 5 6 8.5000000000000018 437.00000000000006 7 8 9 10 2.5000000000000004 11 12 13 14 15 16 17 6.5000000000000009 18 19 20 21 22 23 24
decision_type=9 2 9 9 9 9 9 9 2 2 9 9 9 9 2 9 9 9 9 1 9 9 2 1 9 9 9 9 9 9
left_child=-1 4 -3 -4 5 -2 -6 8 -7 10 -8 -12 15 -14 -15 -13 17 -5 22 21 -21 -20 -18 24 -11 -25 27 -26 -29 -27
right_child=1 2 3 16 6 7 9 -9 -10 23 11 12 13 14 -16 -17 18 -19 19 20 -22 -23 -24 25 26 29 -28 28 -30 -31
leaf_value=0.056940930702628137 0.057164035659360374 0.045702199142654248 -0.048126600329104582 0.024405813501904218 0.043368288145362768 0.046319463547034256 -0.074008039928193339 -0.10343306912197206 -0.097722936442625807 -0.074109794795614484 0.036996402958051407 -0.081184806907920792 0.017004030920988435 0.049301517409792814 -0.09294528693499815 0.069352320598730186 0.052261777007251098 -0.043700838728904484 0.07102249478957133 0.013829714362384055 -0.077307240659727355 -0.012466036840271288 -0.041598294920390924 0.050451476552257062 0.065826314107639575 -0.039000604511509794 0.011476123855944355 0.099581265876546352 -0.021689982070485975 0.028477038965315195
leaf_weight=4257.2776530571282 184.55600547790527 1317.7528097778559 284.91315104067326 646.76998908445239 6554.6836435198784 108.20208621025085 190.84453912079334 150.26002367585897 52.449020728468895 223.0897257886827 989.40478931367397 32.234177686274052 265.61207114160061 57.876577168703079 206.52903553843498 177.77319778501987 832.10507375001907 548.44746238365769 231.08263064548373 246.17402400076389 201.25233697891235 284.38263946026564 73.478285204619169 3215.1272933408618 904.37236893549562 157.53959968686104 2037.752308100462 79.043384946882725 264.32792941853404 6188.7821570895612
leaf_count=5713 346 3389 1823 1976 11447 202 1308 643 170 1090 3079 161 1026 208 1294 585 2037 2576 529 762 998 1088 345 6680 2388 555 5494 223 890 16622
internal_value=0.0330513 0.0292108 0.0169741 0.00551596 0.0318148 -0.0110159 0.0327897 -0.0520075 -0.000665743 0.0281382 0.0104402 0.020071 -0.00274957 -0.0215844 -0.059556 0.0436064 0.0106449 -0.00694947 0.0218766 0.000682484 -0.0279576 0.0256011 0.0441584 0.03076 0.0197047 0.0347598 0.0262804 0.0501745 0.00825445 0.0267433
internal_weight=30964.1 26706.8 4666.36 3348.61 22040.5 495.467 21545 310.911 160.651 14990.3 1920.27 1729.43 740.025 530.018 264.406 210.007 3063.69 1195.22 1868.47 962.892 447.426 515.465 905.583 13070 3508.59 9561.45 3285.5 1247.74 343.371 6346.32
internal_count=75647 69934 15523 12134 54411 1361 53050 1015 372 41603 7661 6353 3274 2528 1502 746 10311 4552 5759 3377 1760 1617 2382 33942 10085 23857 8995 3501 1113 17177
cat_boundaries=0 8 16 23 24 32 40 47 54 62 63 71 78 79 87 95 96 103 110 111 118 126 134 135 143 144
cat_threshold=103381377 0 2164260864 17956864 33653760 142672512 2113536 516 1610875908 1075839073 302809736 33555456 1073750152 35655688 33619984 128 16777760 67111040 1140850688 2148007936 555745792 2147483906 2560 557088 536870916 2148017664 0 35653632 786432 536870912 67712 1024 2164524584 787200 2097408 1073776643 1051168 1090789393 832 8 285212672 0 262145 2147484672 1048608 262168 8193 4 1140852736 109117584 33558528 2156396545 34603012 32896 268435456 2151678986 671088673 2148016128 404758848 2151677962 134291465 1057 16964 0 537927696 268435456 0 16777344 2048 34343952 256 0 537919488 268435456 0 0 0 527376 33216 268435456 2181047314 8388864 1073750016 792672 17039381 262536 27 2147483650 576200714 134218000 2377728 67633408 17309700 134783040 1280 316 0 1024 32 2 2281705568 1610612753 263425 268435456 528 1 0 269748320 264192 1073741953 132 0 9 1207959584 541696 8397065 258 134217728 4 873529472 1141113888 541696 76021761 2148026632 43136 1026 1073741826 1178601474 65561 2147758080 2969833472 38797312 34340880 50 14488 1073741824 2050 16 8192 268435456 33554432 16 16 16
is_linear=0
shrinkage=0.1


Tree=17
num_leaves=31
num_cat=24
split_feature=7 8 7 5 1 7 1 7 7 7 7 0 7 7 7 7 7 7 5 7 0 7 10 7 7 7 1 7 3 6
split_gain=256.051 74.1458 226.419 87.0011 218.041 327.002 182.99 215.492 197.557 166.431 152.37 130.566 173.775 128.862 108.849 94.498 80.6778 72.9311 72.5869 87.1752 69.8527 72.0575 59.4866 160.739 119.17 85.8824 76.1751 84.1616 59.4778 58.7866
threshold=0 413.00000000000006 1 3.5000000000000004 2 3 4 5 6 7 8 9 10 11 12 13 14 15 7.5000000000000009 16 17 18 1350.0000000000002 19 20 21 22 23 1.5000000000000002 56.250000000000007
decision_type=9 2 9 2 9 9 9 9 9 9 9 1 9 9 9 9 9 9 2 9 1 9 2 9 9 9 9 9 2 2
left_child=-1 2 -2 6 5 -5 8 20 -3 -7 -6 13 -13 -11 -9 -10 -12 -14 29 -20 21 -8 23 -16 -24 -25 -26 -28 -23 -18
right_child=1 3 -4 4 10 9 7 14 15 11 16 12 17 -15 22 -17 18 -19 19 -21 -22 28 24 25 26 -27 27 -29 -30 -31
leaf_value=0.060769663350740334 0.054414754098517051 0.002385863519038476 -0.077019628284818759 -0.067990534109097875 -0.004168181800623472 0.06323634793665904 0.029567702256881198 0.046029490975763782 0.087719590522498225 0.066942427194683851 0.054322317434203543 0.018310032045380772 -0.028997035609734281 -0.0084570164184214983 0.064910872121911919 0.048985437503875032 0.016475439160668549 -0.10531851909953489 0.086358613467531875 -0.12091312725239585 -0.03062690312874522 0.11616629952268301 0.031742030661057331 -0.080109868878648682 0.0080079400338708331 0.018177329746414058 0.063775896061289458 -0.11702794415947433 -0.070336336153752149 0.039032310626323077
leaf_weight=2454.5169180780649 255.64615305140615 654.05825719237328 249.23207687959075 590.91751956567168 1142.4798836410046 531.88357996195555 563.10558135807514 3549.7936115674675 1081.220294341445 437.58234055712819 1711.6104393489659 524.61935018002987 324.37241562455893 461.19352987036109 1117.6657773591578 1821.9940013512969 1868.855996131897 225.70946108549833 22.653232879936695 56.619374752044678 746.04665902629495 19.474565446376801 3839.0860937014222 90.87314161658287 2572.1287170611322 745.71154737845063 30.332826793193817 90.482863456010818 140.21378683298826 3026.2919295206666
leaf_count=2930 754 1655 1568 2547 3734 1283 1478 6736 1640 930 3667 1409 1059 1511 2283 3411 5223 1064 46 372 3497 62 8421 377 7702 2047 68 435 850 6888
internal_value=0.0297587 0.0270563 -0.0109153 0.027751 0.0207832 -0.00172042 0.0322124 0.0268272 0.0524341 0.0141183 0.029648 0.000628126 -0.0228003 0.028585 0.0312448 0.0636625 0.035424 -0.0616345 0.0288254 -0.0660413 -0.00933825 0.0127534 0.0250135 0.0403498 0.0204635 0.00668082 0.0042511 -0.0702289 -0.044787 0.0304206
internal_weight=30946.4 28491.9 504.878 27987 10924.8 3096.28 17062.2 13504.9 3557.27 2505.36 7828.51 1973.48 1074.7 898.776 12036.1 2903.21 6686.03 550.082 4974.42 79.2726 1468.84 722.794 8486.28 1954.25 6532.03 836.585 2692.94 120.816 159.688 4895.15
internal_count=75647 72717 2322 70395 29733 9803 40662 33956 6706 7256 19930 5973 3532 2441 28069 5051 16196 2123 12529 418 5887 2390 21333 4707 16626 2424 8205 503 912 12111
cat_boundaries=0 8 15 16 24 25 33 41 49 57 58 66 74 82 90 98 106 112 113 121 129 137 145 146 152
cat_threshold=103307521 0 2164260864 131072 0 142672000 16384 516 268435456 2214593944 1208221993 8192 573571136 4202523 134217872 65728 65538 1048579 604241937 35668992 2366931072 2181302274 33563664 32 960 32 41945353 167773362 1108107265 4204544 5242884 294928 48 1342439424 605028496 1476395040 1024 69468360 34079007 134219792 258 512 100665488 33555488 1073750017 8192 540021009 295232 19 285279264 2253130896 67633152 8192 2424307968 14336 134742024 51 267 1610612768 1078469888 1476952328 1048578 34081280 16777216 2624008 128 2415919104 3758096424 0 17563648 1612715040 1074274304 67713 1280 285549576 2152464384 537460736 16777216 2182350209 1073742352 1207965696 10 32 1107304459 69206040 1107576832 2592 17039360 360840 32 1610612742 547356673 134218144 3965952 67403776 2147483661 35652112 256 268435584 536870920 0 2147485696 268435528 1074266120 65664 264 0 1073741824 8389120 0 0 16777216 872 0 9 134218784 1107820544 2048 0 294928 32 1073741824 872489984 337641473 2147488768 620757504 17311754 74121 1024 2147483648 1074790416 1082392832 2132994 413663336 2181308425 34086912 1025 0 1073741824 1073741824 0 10485760 2147483649 524288 1 2108 0 1154 0 0 0 2048
is_linear=0
shrinkage=0.1


Tree=18
num_leaves=31
num_cat=21
split_feature=7 0 7 7 7 3 8 7 3 5 7 7 7 1 7 1 3 3 8 7 1 7 7 7 4 7 7 5 0 10
split_gain=227.447 71.4029 161.233 156.558 93.8692 71.7409 66.5258 83.2763 63.9574 59.8628 228.02 98.5495 70.2134 64.8588 63.3853 59.2368 55.2474 52.0656 50.2901 49.2284 46.7936 147.238 104.083 60.1609 53.7665 97.165 49.5853 46.2928 58.1731 44.8915
threshold=0 1 2 3 4 17.500000000000004 483.00000000000006 5 17.500000000000004 5.5000000000000009 6 7 8 9 10 11 13.500000000000002 8.5000000000000018 413.00000000000006 12 13 14 15 16 17 18 19 6.5000000000000009 20 1175.0000000000002
decision_type=9 1 9 9 9 2 2 9 2 2 9 9 9 9 9 9 2 2 2 9 9 9 9 9 1 9 9 2 1 2
left_child=-1 2 15 6 8 9 16 -8 -4 12 13 27 -5 14 -11 -2 -3 -15 -17 -20 22 -22 -14 -23 25 -24 -26 -12 -29 -28
right_child=1 3 4 5 -6 -7 7 -9 -10 10 11 -13 20 17 -16 18 -18 -19 19 -21 21 23 24 -25 26 -27 29 28 -30 -31
leaf_value=0.057445620278855795 0.081377304141473816 -0.023550499232003544 -0.049165557665905475 0.035460580357923703 0.027047504768105243 -0.10000494605250038 0.038154711603366503 -0.044971855781304762 0.27829282574436986 0.092097836744192807 0.014345781839725999 -0.086889119401897419 0.030140473412518423 0.043291055379106574 -0.059839498030933573 -0.16104656438734222 -0.11566377714829637 0.12547045543311922 0.025334206975383168 0.069620163244859409 0.048002474091049969 0.026289806968554031 0.083294345819220891 -0.002316147116887734 -0.03009793311799035 -0.1213430546045812 0.10127700746382313 0.024537388425194387 -0.10922394375214001 0.0095951010698198148
leaf_weight=2250.0834912844002 726.09684384986758 655.79790803790092 214.19148194789886 4801.5105128251016 6687.6557782180607 46.998414289206266 387.89487861096859 163.90099543705583 6.1354131177067748 31.054095700383186 306.45060933381319 231.41282716393471 3079.0236273109913 155.57814745977521 73.832896031439304 11.934232532978056 72.290572870522738 152.82556139677763 616.38786352425814 469.53535458445549 2218.4243972450495 1689.4803275987506 26.703217282891273 1300.4220796152949 310.79068398103118 68.719483282417059 54.136288039386272 54.226293135434389 70.596259620040655 3963.4806017540395
leaf_count=2728 1165 3514 1079 8808 16902 191 1121 812 10 59 1016 1542 7136 372 315 69 524 242 1283 820 4901 3977 52 3847 1319 324 92 194 409 10824
internal_value=0.0268248 0.0243911 0.0319798 0.0210495 0.0249107 0.0233764 -0.0127491 0.0133399 -0.0383082 0.0237009 0.000806467 -0.0353909 0.0251075 0.0582926 -0.0107543 0.0584715 -0.0326963 0.0813754 0.0427243 0.0453571 0.0211522 0.0284792 0.0160348 0.0138817 0.00617135 -0.0680644 0.00782219 -0.00641512 -0.057899 0.0108036
internal_weight=30897.6 28647.5 8731.94 19915.6 6907.98 18635.7 1279.88 551.796 220.327 18588.7 1075.98 662.686 17512.7 413.291 104.887 1823.95 728.088 308.404 1097.86 1085.92 12711.2 5208.33 7502.85 2989.9 4423.83 95.4227 4328.41 431.273 124.823 4017.62
internal_count=75647 72919 21328 51591 17991 45620 5971 1933 1089 45429 4149 3161 41280 988 374 3337 4038 614 2172 2103 32472 12725 19747 7824 12611 376 12235 1619 603 10916
cat_boundaries=0 8 9 16 24 32 40 48 56 64 65 72 73 79 80 88 96 104 105 113 121 122
cat_threshold=102783361 0 16777216 131072 65536 142672000 16384 516 312 1073741824 271581696 2181563400 1090519041 42998944 17049876 1073741953 1048576 268435969 4068476034 1074012161 2281706880 51380484 1073741960 32 0 41945088 16 524288 67108864 4198402 262144 1025 0 1 41943040 1073741824 2147488768 33554688 136 32 2147745796 2185232416 134775296 1050626 1090560000 539498504 136347920 130 805306368 1611669512 262425 2097152 101449792 1073750017 851969 1032 554247722 327696 2097408 17355776 101711904 4198913 64 1025 90368 0 0 524288 0 1073741824 537399296 2097152 579340 0 3145728 2181038088 16777216 34609312 264196 690805 268435456 1657284738 32800 1050624 556007489 539230208 33826576 16 3489923072 2147484936 67436560 2097154 13109760 2147510298 528384 394 262148 1048608 24 2181038080 268968456 3221225482 98305 264 1 0 0 0 2048 537133056 0 134217728 16 0 8390658 32768 0 16818176 538968064 1552 16 129
is_linear=0
shrinkage=0.1


Tree=19
num_leaves=31
num_cat=24
split_feature=7 5 7 7 8 7 7 7 1 7 7 5 7 7 7 0 7 7 1 1 3 8 0 7 7 8 1 1 7 7
split_gain=194.43 62.3391 205.707 94.0361 64.1907 146.959 143.047 119.245 111.701 136.133 111.91 75.3279 179.065 93.0641 86.4143 80.9773 75.3955 66.7145 60.4407 58.0612 57.7686 65.0359 55.6347 78.6292 75.5962 62.2691 54.4183 54.391 54.208 53.0661
threshold=0 5.5000000000000009 1 2 477.00000000000006 3 4 5 6 7 8 3.5000000000000004 9 10 11 12 13 14 15 16 5.5000000000000009 439.00000000000006 17 18 19 529.00000000000011 20 21 22 23
decision_type=9 2 9 9 2 9 9 9 9 9 9 2 9 9 9 1 9 9 9 9 2 2 1 9 9 2 9 9 9 9
left_child=-1 4 27 -4 6 28 -2 18 10 -10 -7 13 -13 26 -14 -16 -17 -12 20 -15 21 -8 23 -21 -24 -26 -11 -3 -6 -5
right_child=1 2 3 29 5 8 7 -9 9 11 17 12 14 19 15 16 -18 -19 -20 22 -22 -23 24 -25 25 -27 -28 -29 -30 -31
leaf_value=0.052299721643830191 -0.071379505457450837 0.0053815457664710626 0.009730942510969752 -0.0093136463719345943 -0.089214483719364315 0.067501991243235485 -0.059169946263617115 0.014198638594819839 0.049663717363240226 0.06891421488995822 -0.033280029090301359 0.037254267677947671 -0.080204421503042064 0.073266916524749759 0.018987511160953981 0.035484883809741949 -0.063410272336774348 0.036075992912383344 0.040519838188220803 0.077719723295167645 -0.017010078852715035 0.059385291636834626 0.0369632803014662 0.01908102091161748 0.0021064862596815613 -0.12350620485354219 -0.016354489646499985 0.070429219655194691 -0.0015436943069135436 -0.069211725416226749
leaf_weight=2277.7838446088135 165.09571800008416 197.12215954437852 568.94990209117532 256.83020078763366 66.424572873860598 1491.7834984734654 55.650413021445274 10581.310216397047 1682.7180927023292 74.472693413496017 143.54013825207949 777.1667919754982 218.27653434872627 318.13098714500666 446.05541261658072 95.119050160050392 334.95098490267992 2027.5571477487683 3226.9350278787315 453.84528747200966 403.10928352549672 274.54720856249332 944.01324343681335 495.42797970026731 829.81053042784333 41.434958897531033 656.82123772799969 426.84183464944363 934.07750758528709 387.28474743105471
leaf_count=2838 1072 662 1963 921 377 2236 160 30747 3226 140 436 1722 883 407 1008 204 1060 4158 6391 627 973 445 1856 1000 1885 145 1858 763 2976 2508
internal_value=0.0241798 0.0219123 0.00410057 -0.0199075 0.0231443 0.0285613 0.0187125 0.0197709 0.0318731 0.0246867 0.0462227 0.0172201 0.000818882 0.0253136 -0.0251654 -0.0107027 -0.0412282 0.031359 0.0345859 0.0328614 0.00827964 0.0394044 0.0279643 0.047634 0.0174737 -0.00382355 -0.00685848 0.0502885 -0.00818954 -0.0458359
internal_weight=30853.1 28575.3 1837.03 1213.06 26738.3 12031.6 14706.6 14541.6 11031.1 7368.24 3662.88 5685.53 1871.57 3813.96 1094.4 876.125 430.07 2171.1 3960.24 3082.66 733.307 330.198 2764.53 949.273 1815.26 871.245 731.294 623.964 1000.5 644.115
internal_count=75647 72809 6817 5392 65992 26204 39788 38716 22851 16021 6830 12795 4877 7918 3155 2272 1264 4594 7969 5920 1578 605 5513 1627 3886 2030 1998 1425 3353 3429
cat_boundaries=0 8 16 24 32 39 47 48 56 64 72 79 86 87 91 99 100 101 102 110 118 119 120 126 134
cat_threshold=102783361 0 2147483648 131072 65536 142672000 16384 516 2684616708 2154037296 268468224 1074790402 1090560128 53215232 136381520 2 0 1644167691 151781888 2099200 771753992 14356 1074036865 128 2147483648 1107558400 1946255360 1074274304 830472256 1310724 1536 1 524300 8454176 1024 32769 32768 2153791744 64 402727968 2359304 337740544 1091045376 38798400 538181644 512 1 159769 17563660 536938560 8388648 33608705 100666880 2153775361 2056 1056 1073741830 5243522 16777480 19169280 3416096 3758096912 33556561 8 268436000 68157873 185335808 262144 524328 537403400 168624384 146 512 71303321 168558608 262144 270336 524808 135069712 65538 2 17 2097152 2283802752 1090521090 128 299 536870912 525824 0 2148532224 268435456 0 0 2147483648 2048 524288 8 2 33334 384 856 0 9216 1 0 136315040 1107298304 33562753 2 1342242818 1048578 2097408 2166358016 2148536328 16779266 36992 264 1152 91008 0 0 872480768 0 0 1048576 268435456 524288 281 0 269221888 9 524544 8
is_linear=0
shrinkage=0.1


Tree=20
num_leaves=31
num_cat=21
split_feature=7 5 0 7 7 7 8 5 3 1 7 4 8 7 1 1 7 5 7 1 7 3 7 7 7 8 8 1 7 7
split_gain=177.132 67.7862 62.9849 130.415 122.406 77.3818 57.7843 59.5857 56.4944 51.1807 74.8936 50.6499 49.8265 47.922 52.7276 45.0124 108.555 53.997 154.942 133.147 84.0634 76.2292 155.205 72.2066 65.602 59.1289 54.0296 50.3041 152.897 96.8456
threshold=0 4.5000000000000009 1 2 3 4 479.00000000000006 5.5000000000000009 17.500000000000004 5 6 7 385.00000000000006 8 9 10 11 3.5000000000000004 12 13 14 1.5000000000000002 15 16 17 507.00000000000006 537.00000000000011 18 19 20
decision_type=9 2 1 9 9 9 2 2 2 9 9 1 2 9 9 9 9 2 9 9 9 2 9 9 9 2 2 9 9 9
left_child=1 11 3 -2 6 -5 -4 13 12 -3 -11 -1 -6 14 -8 16 -14 20 19 -19 26 22 -20 -23 25 -21 -17 28 -22 -29
right_child=2 9 4 5 8 -7 7 -9 -10 10 -12 -13 15 -15 -16 17 -18 18 21 24 27 23 -24 -25 -26 -27 -28 29 -30 -31
leaf_value=0.063937832898651209 0.050394914611429753 0.042955177839147651 -0.031593383299706776 -0.023677322973861742 -0.1439243547643142 0.022829608034013332 0.035634033666201423 -0.084894804647007618 -0.092418067412749286 0.021735255008105289 -0.11435002741745326 0.030105894590400785 0.048961471636930334 0.029241131670695388 -0.11445558121829963 0.0076702252356188067 -0.065155921346423562 0.014459875023106351 0.055478287487627766 -0.036619668165770634 0.041623997203933186 0.043138832826917529 -0.085795263330581489 0.016100095565867611 -0.071278828198223343 0.040312849144772553 -0.16396868539269935 0.063807800912243667 0.0039814472238802086 0.027920053690393017
leaf_weight=1520.5226211696863 1831.6756852455437 155.12120847776532 730.2627315595746 372.65202614292502 18.780375190079212 6555.8268275260925 38.007943361997604 61.465326823294163 45.726009171456099 92.247907899320126 60.846840422600508 624.15831353515387 134.75857789069414 531.68215731158853 44.714298322796822 2151.4463072642684 189.20294538885355 900.25589466094971 127.32896814867854 371.16579937189817 1911.3161414042115 1489.5090688038617 172.94741972349584 3036.1304085161537 378.34838789328933 136.6968008056283 18.497709780931473 968.64695865660906 2482.260283306241 3637.469839874655
leaf_count=1795 3299 255 3921 1611 126 16425 124 365 189 167 212 945 249 1557 263 6750 600 2481 232 1289 3612 3356 657 7683 1629 321 85 1813 6494 7142
internal_value=0.0218173 0.0475958 0.0195622 0.0266411 0.0163825 0.0202977 -0.0120058 0.00898054 0.0185847 0.00393833 -0.0360462 0.0540919 0.018875 0.0183719 -0.049089 0.0190439 -0.0176417 0.0197111 0.0125602 -0.0125803 0.0239621 0.0218475 -0.0268994 0.0251302 -0.0399039 -0.0156052 0.00617861 0.0282117 0.0204142 0.035589
internal_weight=30789.7 2452.9 28336.8 8760.15 19576.6 6928.48 1406.13 675.87 18170.5 308.216 153.095 2144.68 18124.8 614.404 82.7222 18106 323.962 17782 6612.38 1786.47 11169.6 4825.92 300.276 4525.64 886.211 507.863 2169.94 8999.69 4393.58 4606.12
internal_count=75647 3374 72273 21335 50938 18036 6230 2309 44708 634 379 2740 44519 1944 387 44393 849 43544 17648 5720 25896 11928 889 11039 3239 1610 6835 19061 10106 8955
cat_boundaries=0 8 9 16 24 32 33 41 42 48 49 50 58 66 67 75 83 91 99 100 108 116
cat_threshold=254311853 0 16777216 131072 65536 142672512 0 516 312 1073741824 272105472 2181563400 1090519041 42999072 17049876 1073741953 1048576 268435969 4068476034 1074012161 2281706624 51380484 1073744008 32 0 41945088 67141648 524290 1140850688 2151682051 262144 1025 118784 33555456 0 16777216 0 0 512 0 512 4 0 268435457 1024 262144 128 17825796 49344 32 268435456 2148016128 262145 2097152 33816576 262144 1 1024 1074069504 2214855682 69992457 35651584 814746120 2147756050 134217728 258 28672 2 549464202 135004192 2148040704 358621440 524288 99088 16 2415919104 536870920 48 2164260864 1073741920 8 16 128 536870914 578816032 33024 1606658 1158160384 539496449 2360080 17 262144 2214593536 786440 0 2560 10258 0 2 134162 268697600 3221487616 65536 16777216 34865160 2151704601 134746112 265 1073807360 33882384 69206032 33570816 536871456 1073741826 33555456 1024
is_linear=0
shrinkage=0.1


Tree=21
num_leaves=31
num_cat=24
split_feature=7 8 7 5 1 7 1 7 7 7 7 7 12 7 0 7 7 8 3 0 7 3 7 0 7 7 7 8 7 7
split_gain=151.516 53.3901 191.749 59.9715 158.493 228.894 132.239 160.471 150.126 124.649 116.648 98.3973 79.1337 72.7453 66.9876 116.7 109.253 61.9763 61.4661 59.9993 73.592 61.4983 58.9288 57.7884 180.77 100.862 94.6947 62.0881 174.196 122.12
threshold=0 413.00000000000006 1 3.5000000000000004 2 3 4 5 6 7 8 9 10 11 12 13 14 467.00000000000006 13.500000000000002 15 16 1.5000000000000002 17 18 19 20 21 505.00000000000006 22 23
decision_type=9 2 9 2 9 9 9 9 9 9 9 9 1 9 1 9 9 2 2 1 9 2 9 1 9 9 9 2 9 9
left_child=-1 2 -2 6 5 -5 7 -3 19 -7 17 12 -9 -10 16 -16 -11 22 -18 20 21 -8 -6 24 -12 -26 -25 29 -29 -28
right_child=1 3 -4 4 10 9 8 11 13 14 23 -13 -14 -15 15 -17 18 -19 -20 -21 -22 -23 -24 26 25 -27 27 28 -30 -31
leaf_value=0.045469753893715638 0.041494207055556093 0.071030738640164265 -0.079964222648939778 0.038178760196676875 0.00066222104540233375 -0.084160664916148445 0.14220290844668942 0.05682651457768776 0.033952901093497169 0.028796808512726382 0.046305758085043086 0.029434928169953484 -0.10940209607934773 0.016445509306934756 0.0016954984634813713 -0.075558842553946168 -0.024560043648089135 0.0048279674112397149 -0.15725689003067747 -0.027940954810978965 -0.032259641106737097 0.023186401525183409 -0.084821879313632734 0.048018792142329569 0.0052741119204725209 -0.08458831340558369 0.031774202956527463 0.076381679915340811 -0.0084222334593981856 -0.0074107247866984681
leaf_weight=2118.2314860336483 275.46556751430035 1098.8364156484604 229.56166068650782 799.5771063528955 156.38777578622103 290.12167574837804 49.102838017046452 36.215737715363503 3319.9220534786582 624.21565077453852 462.99991140514612 2308.1168613284826 86.340256325900555 8623.3699394501746 398.22818395495415 382.21057162247598 424.70273085311055 877.09848717227578 38.033204399049282 915.38272457569838 238.34099743515253 374.86677886545658 168.71500849351287 1760.9261702988297 251.79094865173101 243.58078726753592 1685.6904462277889 585.31797290593386 412.24492271989584 1496.1978833302855
leaf_count=2811 814 1685 1506 1940 481 1373 79 75 6363 1593 1001 4563 377 21254 1241 1606 1501 2554 202 4160 1047 1034 707 3999 648 987 3651 915 1082 4398
internal_value=0.0196746 0.0177429 -0.0144768 0.0183282 0.0125925 -0.00722625 0.022048 0.039294 0.0175041 -0.0241519 0.0198114 0.0247145 -0.0596997 0.0213364 -0.0144302 -0.0366162 0.00168803 -0.00892109 -0.0347164 -0.0114588 0.011398 0.0361186 -0.0462892 0.0248241 0.00189324 -0.0397119 0.0285142 0.0202013 0.0420175 0.0134251
internal_weight=30731.8 28613.6 505.027 28108.5 11058 2957.09 17050.5 3529.51 13521 2157.51 8100.95 2430.67 122.556 11943.3 1867.39 780.439 1086.95 1202.2 462.736 1577.69 662.311 423.97 325.103 6898.75 958.372 495.372 5940.38 4179.45 997.563 3181.89
internal_count=75647 72836 2320 70516 29879 9456 40637 6700 33937 7516 20423 5015 452 27617 6143 2847 3296 3742 1703 6320 2160 1113 1188 16681 2636 1635 14045 10046 1997 8049
cat_boundaries=0 8 15 16 24 25 33 41 49 57 63 64 72 73 80 88 89 97 105 106 113 121 129 137 145
cat_threshold=237533576 0 16777216 131072 65536 134283392 16384 516 268435456 2214593944 1208221993 2105344 572522560 4202523 134217873 192 512 2248149400 33555488 1073750017 38282240 1057041 295168 275 960 32 1107304459 69206040 1107576832 10784 17039360 360840 32 32 41945353 167773360 1108107265 4208640 1048580 294928 304 65536 2 67371025 2113536 2366898176 2147745792 33555456 32 285541409 2253128848 67633152 8192 2424307712 2048 1074298888 35 262144 144 0 0 2359432 35127298 3 285541377 4980752 537460736 16777216 2182350209 3229630976 1073747968 10 299 268435488 541598720 1074266376 2147483648 2688 17303562 524816 1342177280 1611399168 1207959552 17563648 807407712 1074266112 134285449 1032 864 0 33554441 1056 524288 6144 0 32784 288 66561 33555584 0 0 268435456 2048 8 1 128 2 1073750048 8 2165309440 656932896 2149589504 2098048 536870916 1048578 256 0 268288 8 33554449 8 516 546308097 134480033 2655232 1142163528 537657357 528 256 1073741824 1073741856 2155905304 34605056 2101760 1084227600 2362688 1024 2684354560 2105864 1375732224 17057794 704685088 50331650 33628417 144
is_linear=0
shrinkage=0.1


Tree=22
num_leaves=31
num_cat=23
split_feature=7 5 7 7 3 7 7 2 7 7 1 7 0 1 0 8 1 7 7 7 7 8 11 7 2 1 7 7 3 1
split_gain=130.32 50.3294 143.623 76.0718 53.3761 226.621 199.932 160.43 155.198 141.839 133.958 120.255 94.3331 78.258 81.8938 77.5446 76.6689 176.919 77.7128 74.1704 65.7433 65.0926 64.8348 93.0133 64.0792 62.9165 131.427 58.7836 56.4418 55.5149
threshold=0 5.5000000000000009 1 2 8.5000000000000018 3 4 4.5000000000000009 5 6 7 8 9 10 11 423.00000000000006 12 13 14 15 16 425.00000000000006 17 18 7.5000000000000009 19 20 21 1.5000000000000002 22
decision_type=9 2 9 9 2 9 9 2 9 9 9 9 1 9 1 2 9 9 9 9 9 2 9 9 2 9 9 9 2 9
left_child=-1 4 -3 -4 6 10 13 8 12 -9 22 21 -8 28 20 -14 17 -13 -18 29 -15 -7 23 -6 -25 -17 -27 -12 -2 -11
right_child=1 2 3 -5 5 11 7 9 -10 19 27 16 15 14 -16 25 18 -19 -20 -21 -22 -23 -24 24 -26 26 -28 -29 -30 -31
leaf_value=0.039152254104714485 -0.074674213077144308 0.036655140108627783 0.0037354151368422326 -0.048187688395124724 -0.082025724302717776 -0.05337896640651113 0.056666849896197496 0.068302075895771391 0.026728371942457148 0.065586348775164505 -0.020708011465340272 0.024799863839250581 -0.088265365632615042 0.034786025428114535 -0.046758223505815155 0.0083857233346383078 0.03096610697837503 -0.033791035023402985 0.0060008582911922998 -0.0023448651303546331 -0.030031528352632883 0.045752142643119081 0.021493770835770715 -0.029799841403570011 0.036338551697713994 0.0028528649923984808 -0.078266906048421209 -0.091167328987783569 0.029724594893881663 0.024111894708333758
leaf_weight=2602.2416443862021 57.126920942217112 646.41558418795466 568.12479869276285 555.20803824998438 185.45775618031621 68.954613648355007 258.23622680455446 1376.6501488983631 7026.9959707595408 512.19948685914278 224.08156617730856 1038.8355275318027 108.53447312861681 313.42353708297014 695.07332044094801 1866.0718053132296 2599.613970849663 1003.5984971858561 2420.3991486467421 626.82840752601624 293.37719348445535 1681.731559291482 594.80081170424819 354.28232108056545 249.76456958055496 612.38798727840185 287.80388554558158 303.33605981618166 553.87192873284221 966.61146077141166
leaf_count=3963 225 1541 2109 3014 884 398 500 2282 16101 838 776 2248 518 803 2739 4692 5483 2939 6261 1849 960 4094 1605 1071 555 1466 1034 1210 1529 1960
internal_value=0.0177489 0.0157437 -0.000573826 -0.0221264 0.0168485 0.011421 0.0205907 0.0248252 0.0184948 0.0433666 -0.0197364 0.0181814 -5.73057e-05 -0.0096889 -0.0234994 -0.00533147 0.0123231 -0.00401453 0.018965 0.0266132 0.00346909 0.04161 -0.00323788 -0.0219061 -0.00241264 -0.00209683 -0.0236572 -0.0621739 0.0196421 0.038821
internal_weight=30652 28049.8 1769.75 1123.33 26280 10724.9 15555.2 13642.3 10160 3482.29 1911.72 8813.13 3133.03 1912.87 1301.87 2874.8 7062.45 2042.43 5020.01 2105.64 606.801 1750.69 1384.31 789.505 604.047 2766.26 900.192 527.418 610.999 1478.81
internal_count=75647 71684 6664 5123 65020 27524 37496 31240 24311 6929 6101 21423 8210 6256 4502 7710 16931 5187 11744 4647 1763 4492 4115 2510 1626 7192 2500 1986 1754 2798
cat_boundaries=0 8 16 24 32 40 48 56 57 65 66 67 68 69 77 85 93 100 101 108 109 117 124 125
cat_threshold=253787561 0 2164260864 1074954240 73728 142672512 16384 516 2684616708 2154037296 268730368 2 1090551936 53219328 136381648 2 268435456 1644167691 134742529 2099200 1040189448 10260 1074561025 136 0 12584834 537722881 33558528 671354048 1077938181 134251008 130 536870918 33818673 369132592 2147508226 2428534785 1572864 266240 24 268435456 872947720 1084817408 2359296 524320 587464710 590481 1313 0 68690048 786441 17039360 136579168 1627652101 590480 1280 719936 524294 329745 304120368 2147508226 2429026305 17825792 266240 24 256 189078 841 622714 1342177280 2684878888 67109888 786432 33587240 539238672 601241 1 2953117696 1174937600 1216348160 18875392 84934688 34078730 1107296641 256 268435456 536871432 1753219328 35654656 102237192 2074 136325121 1 0 33 335544352 16384 2415919104 1572864 262144 2 0 386 536936448 0 671090880 0 134217728 72602 0 604504064 1084751872 2097152 524320 33554432 65553 1024 0 128 537133056 4096 536873024 1077936128 33280 169361
is_linear=0
shrinkage=0.1


Tree=23
num_leaves=31
num_cat=19
split_feature=7 8 0 7 7 7 1 3 3 4 7 1 8 7 1 1 8 8 8 4 5 5 1 5 7 7 7 3 7 1
split_gain=112.257 48.2723 46.7219 105.86 93.2784 62.5309 49.6381 45.9908 45.5136 41.4302 73.3125 58.9775 57.6804 43.6038 47.677 46.135 49.1813 42.3276 41.9922 38.2661 37.2037 39.9692 40.304 36.9208 153.115 88.8565 38.201 60.4008 117.176 67.8566
threshold=0 385.00000000000006 1 2 3 4 5 17.500000000000004 17.500000000000004 6 7 8 453.00000000000006 9 10 11 457.00000000000006 443.00000000000006 431.00000000000006 12 4.5000000000000009 6.5000000000000009 13 5.5000000000000009 14 15 16 11.500000000000002 17 18
decision_type=9 2 1 9 9 9 9 2 2 1 9 9 2 9 9 9 2 2 2 1 2 2 9 2 9 9 9 2 9 9
left_child=19 -2 3 6 9 7 -3 -5 23 10 12 17 -4 15 18 16 -11 -12 -15 20 -1 22 -22 26 -25 -26 27 -6 29 -29
right_child=1 2 4 5 8 -7 -8 -9 -10 13 11 -13 -14 14 -16 -17 -18 -19 -20 -21 21 -23 -24 24 25 -27 -28 28 -30 -31
leaf_value=0.053258902530174027 -0.10298053057777135 0.067512329812815006 -0.086737169976985468 -0.015206493467382554 0.012556445345037011 0.018220018100878095 0.030613364105243845 0.18816135383800636 -0.087084576823307669 -0.03960662733214107 0.26633966748288895 -0.10069851786618862 0.026423293917145048 0.13418656697837017 -0.081881890663538182 -0.085427793597784074 0.075702986249314499 -0.0052163577010234507 -0.027719820246635243 0.018621687580073848 0.070755677836889408 -0.16950248917687696 -0.027958335405684116 0.041419049783171312 -0.0097488818741251482 -0.091403474718155964 0.01759169960207917 -0.060237060005096578 -0.067372868698629407 0.02820698375322523
leaf_weight=1283.1760970801115 35.02835376560688 547.25011596828699 48.937169130891562 753.1781717017293 3286.8962216600776 6106.1724872663617 1293.3330954834819 11.286691293120382 44.761166803538799 60.658905047923326 6.2969532757997504 103.32608603313565 566.2281585931778 18.90220208093524 229.65453859418631 34.970561299473047 94.789927180856466 64.885513968765736 105.02821829542518 669.20363557711244 63.898402974009514 12.470768313854931 86.615552172064781 422.72382178902626 427.2704157717526 189.80467428080738 13207.955328837037 98.72646551579237 291.67630577459931 426.46870524436235
leaf_count=1573 251 870 355 2829 9041 14942 2535 19 188 334 13 670 1818 82 1503 209 281 260 495 1083 68 54 185 1087 1594 1422 29228 356 1208 1094
internal_value=0.0160027 0.0143344 0.0144839 0.0205967 0.0117686 0.0148398 0.0418899 -0.0120464 0.0136222 -0.0137107 0.000815318 -0.0545943 0.0171426 -0.0350487 -0.0550031 0.0046485 0.0288511 0.0164896 -0.00279953 0.0382127 0.0475426 0.00253825 0.0167926 0.0138753 -0.00442656 -0.0359219 0.0149746 0.0064926 -0.0178274 0.0107664
internal_weight=30591.6 28476.2 28441.2 8711.22 19730 6870.64 1840.58 764.465 18396.3 1333.68 789.674 174.509 615.165 544.004 353.585 190.419 155.449 71.1825 123.93 2115.36 1446.16 162.985 150.514 18351.5 1039.8 617.075 17311.7 4103.77 816.871 525.195
internal_count=75647 72684 72433 21195 51238 17790 3405 2848 45218 6020 3116 943 2173 2904 2080 824 615 273 577 2963 1880 307 253 45030 4103 3016 40927 11699 2658 1450
cat_boundaries=0 8 9 16 24 32 33 34 42 43 50 51 52 53 54 62 70 78 85 86
cat_threshold=237001613 2097152 16777216 131072 65536 134283392 0 516 312 1073741824 269484032 2181563400 1090519041 2190511520 17049876 1073742465 1048576 268435969 4060611714 1074012161 2281706624 51380484 1073744008 32 268435456 1115686912 67207184 540674 1140850688 2151682051 787456 1409 546568 4 0 0 1107820544 1074012160 2281705472 33554688 2184 32 114880 0 513 2953314304 0 134217728 1048832 2048 16724 669768 4 753664 2416181248 2185232416 134251008 1050626 1090560000 1613240328 136871952 138 0 1612193800 262425 2097152 101449824 8193 336129 1024 0 2227176578 142966792 2097152 295741704 2623504 622608 2 0 2147484674 134512640 2097152 268435456 526352 98304 408
is_linear=0
shrinkage=0.1


Tree=24
num_leaves=31
num_cat=25
split_feature=7 8 7 7 1 5 1 7 7 1 7 7 7 7 0 7 7 10 7 7 7 8 7 0 7 0 7 7 8 0
split_gain=101.387 43.5252 145.28 54.9346 47.5679 47.1851 118.599 189.57 106.736 103.812 134.755 122.648 98.7623 78.1874 73.2319 105.821 72.2271 57.6509 160.321 97.8348 97.1698 65.7327 61.5874 53.8399 162.042 52.5286 76.1736 57.31 52.3606 51.1617
threshold=0 413.00000000000006 1 2 3 3.5000000000000004 4 5 6 7 8 9 10 11 12 13 14 1350.0000000000002 15 16 17 477.00000000000006 18 19 20 21 22 23 423.00000000000006 24
decision_type=9 2 9 9 9 2 9 9 9 9 9 9 9 9 1 9 9 2 9 9 9 2 9 1 9 1 9 9 2 1
left_child=-1 2 -2 4 -4 9 7 -7 -9 10 29 25 -8 -12 16 -16 -10 18 -13 21 -19 -20 -22 24 -21 26 -11 -27 -29 -3
right_child=1 5 3 -5 -6 6 12 8 14 11 13 17 -14 -15 15 -17 -18 20 19 23 22 -23 -24 -25 -26 27 -28 28 -30 -31
leaf_value=0.036780801923123767 0.036408537658583762 0.016877628667612551 0.082979774349763932 -0.11337040571875996 -0.050879379363330271 0.033409963594011237 -0.010183751810600833 -0.070346019278552913 0.026702793231955332 -0.0072144902504746103 -0.022063447082033866 0.058999387513906543 0.019514929349263077 0.026112784707947725 -0.0087649725011424567 -0.088989655128682732 -0.024985055587031221 -0.010566684119768577 -0.12735478395398939 0.040515007152061175 0.041382722828577696 0.010209758064092954 0.013845466037045825 0.028931970924531192 -0.084409347135794066 -0.049414385482927037 -0.075854883165176884 -0.1407101355846227 0.016063326675974904 0.069725009363241261
leaf_weight=1897.3150425739586 252.1770943813026 254.55340301990509 27.428645689040422 131.36725741066039 83.886110208928585 776.38906282186508 1338.381745506078 395.14587684161961 588.49880455806851 440.60139153152704 403.10008919611573 1074.5791426561773 6765.3064412772655 1897.0887572877109 465.73554877191782 251.75331525877118 483.35894368961453 1500.9992887228727 85.732765339314938 230.37173273414373 924.28651050105691 58.393549367785454 6694.2646829597652 1035.3293226025999 173.56223246455193 170.69996865466237 253.58147082105279 21.826210048049688 890.27736600115895 963.97721761465073
leaf_count=2913 742 498 66 1112 376 1862 4071 1822 1337 1718 1088 2039 16338 3738 1474 1177 1748 4806 469 419 2492 149 14199 2303 636 882 1294 127 2371 1381
internal_value=0.0144201 0.012921 -0.0164742 -0.0700402 -0.0137745 0.0134426 0.00835574 -0.0087635 -0.0238363 0.0167392 0.0320401 0.0127341 0.0146035 0.0176111 -0.0132316 -0.0377506 0.00337844 0.0164306 0.029404 0.00889013 0.0126674 -0.0669729 0.0172362 0.0168967 -0.0139049 -0.0117205 -0.0330096 0.00210511 0.0121783 0.0589123
internal_weight=30530 28632.7 494.859 242.682 111.315 28137.8 11064.6 2960.88 2184.49 17073.2 3518.72 13554.5 8103.69 2300.19 1789.35 717.489 1071.86 11777.5 2657.97 1583.39 9119.55 144.126 7618.55 1439.26 403.934 1776.99 694.183 1082.8 912.104 1218.53
internal_count=75647 72734 2296 1554 442 70438 29829 9420 7558 40609 6705 33904 20409 4826 5736 2651 3085 27512 6015 3976 21497 618 16691 3358 1055 6392 3012 3380 2498 1879
cat_boundaries=0 8 15 22 23 24 32 40 41 49 57 65 73 74 82 90 98 106 113 121 122 130 131 138 146 147
cat_threshold=234913184 2097152 16777216 131072 66560 138478208 16384 512 268435456 2214592920 1476395305 2107392 573571136 8219 134219792 0 3072 262144 0 268439592 1312768 129 8196 192 2097664 3321891216 33555744 1073750017 4726784 1573137 295168 275 65538 1048578 604241937 35668992 2366898176 2147745792 33555472 32 960 2097152 1107305482 69206040 1107585024 14880 17039360 360832 1056 512 1182796041 167772336 1108140033 4204544 4 360464 48 2435121153 2253128848 67633152 8192 2424307712 10240 1074268168 35 269221888 144 268435456 1024 69468360 34078739 134219792 257 299 268435456 541598728 1216872456 2147485696 33557120 16779274 524800 8 1342701568 537657352 1073741824 17563648 805306464 1073750016 134285441 1032 1342242816 810091520 875036673 4096 638583168 17303554 134217864 1026 2359296 0 1082130432 0 2283798529 33554433 524288 1 1073741824 541138944 874512393 2147487744 603979776 18350082 134218504 17629185 2147745792 1073807360 0 2292187273 2189426688 1074270208 1 172 0 8192 65800 2164260864 17301536 1074003968 3073 8 149 0 1082132736 33554448 33857537 8192 4 360448 0 1082132736 33554560 286720 8192 4 0 16 273
is_linear=0
shrinkage=0.1


Tree=25
num_leaves=31
num_cat=22
split_feature=7 5 7 7 1 7 1 7 7 7 8 3 8 1 7 7 7 8 7 7 7 5 7 5 7 1 3 7 0 7
split_gain=84.9729 39.6295 129.388 67.4216 50.4443 69.1179 49.9827 224.883 98.4901 81.1421 56.317 48.6229 47.2517 47.162 206.75 121.533 106.583 81.5917 121.976 74.0427 72.9396 63.1098 61.1971 56.7748 182.222 54.2516 51.3354 50.738 50.6231 50.0587
threshold=0 5.5000000000000009 1 2 3 4 5 6 7 8 505.00000000000006 3.5000000000000004 475.00000000000006 9 10 11 12 477.00000000000006 13 14 15 3.5000000000000004 16 3.5000000000000004 17 18 5.5000000000000009 19 20 21
decision_type=9 2 9 9 9 9 9 9 9 9 2 2 2 9 9 9 9 2 9 9 9 2 9 2 9 9 2 9 1 9
left_child=-1 13 4 -4 -3 -6 7 -5 -8 10 12 -7 -10 14 28 -16 21 18 -17 25 -19 -15 26 -21 -25 -18 -23 -26 -2 -30
right_child=1 2 3 6 5 11 8 -9 9 -11 -12 -13 -14 16 15 17 19 20 -20 23 -22 22 -24 24 27 -27 -28 -29 29 -31
leaf_value=0.034673355863898657 0.0083341805316259447 0.067721675256720626 -0.067168140495186088 0.031518118485810501 0.061296122693810809 -0.16748970241657146 0.048465089182370705 -0.11054425683697933 0.02406376301891085 -0.088506723513116586 0.077210082289321677 -0.013700619269092258 -0.097421780186890086 -0.0049318795223376906 0.045358061066532285 0.025388045697361597 -0.067594567146090218 0.046250018899828355 -0.01379406802094308 0.012392537593640339 0.015400802834969538 0.045508158353900721 -0.095358319154508001 -0.04811691796199976 0.031129663620522385 0.031513739449639852 -0.064901313127494378 -0.0019341804329161328 -0.0077841783941574984 -0.065895632367220944
leaf_weight=1703.7556894719601 290.08093904331326 273.80631439387798 233.68831877224147 234.78273530304432 125.17642875015736 23.953727338463068 313.40415538474917 198.57444777153432 72.501084603369236 127.02777983807027 79.686082199215889 145.0394476428628 57.334930762648582 1210.5282918475568 1942.6495546344668 1540.2602294497192 48.485413670539856 1294.3914463408291 1621.3046672102064 11259.373589461669 1947.022245336324 85.79096258059144 162.98207605630159 678.98198179900646 788.76005438715219 2158.5717416610569 82.712649554014206 1112.6051456741989 263.94438530877233 367.45687196031213
leaf_count=2384 880 486 1430 818 249 127 803 1249 189 770 138 452 230 4249 3820 3465 158 2372 4636 26478 4139 185 768 2239 1797 5488 284 2899 903 1562
internal_value=0.0130071 0.0117065 -0.00230546 -0.0194817 0.03721 0.00751771 -0.00867469 -0.0346033 0.00887559 -0.0283259 0.0105299 -0.033516 -0.0295836 0.0126944 0.0184743 0.0234443 0.00963313 0.0167354 0.00533146 0.0120485 0.02791 -0.0154183 -0.0541781 0.00931963 -0.0040529 0.0290414 -0.00820135 0.0118731 -0.0263067 -0.0421034
internal_weight=30444.6 28740.9 1884.98 1317 567.976 294.17 1083.31 433.357 649.954 336.55 209.522 168.993 129.836 26855.9 9267.11 8345.63 17588.8 6402.98 3161.56 16046.8 3241.41 1542.01 331.486 13839.7 2580.35 2207.06 168.504 1901.37 921.482 631.401
internal_count=75647 73263 6941 5627 1314 828 4197 2067 2130 1327 557 579 419 66322 21777 18432 44545 14612 8101 39059 6511 5486 1237 33413 6935 5646 469 4696 3345 2465
cat_boundaries=0 8 16 23 24 31 32 40 48 56 57 65 73 81 89 97 105 113 121 122 130 131 139
cat_threshold=234903937 0 0 131072 66560 134283392 0 516 2684616708 2149842992 268435456 1074790402 1090560136 53215248 136381504 2 1075838976 9344 1115684896 2165048320 2101856 536871424 33581568 659584 537133060 0 0 1074790402 1073750016 17039360 1088 152000 268435456 574619657 134513152 0 940310528 1073752065 295297 256 0 1075315202 524561 2099200 101711872 12 1074266137 136 268435456 4194305 2164555784 33554432 2048 4096 262272 1024 225416 16777760 2214854656 1420297216 1074814976 2357233664 34605312 134217736 35 3223322630 570427394 2164294048 294914 1310784 1074004484 34128000 272 2684354562 1652558370 2147582080 32802 553681024 262660 1074298944 272 268502016 1342179257 671154177 2164262912 570425480 4194305 1073817088 1024 16778784 2147811648 1151337984 1090548737 75499520 11534592 8 1 524288 13115905 33816601 0 536880032 2703228944 262481 1024 536870912 1610615328 0 0 32768 0 1074298880 16 1074069504 4718592 134742033 2359296 2148807168 3238004752 33555840 1064 34 268435456 69206033 33554432 2181562368 2621504 536879105 2370064 128 592 0 67108864 276824064 1048576 2147485696 33554432 134217728 34
is_linear=0
shrinkage=0.1


Tree=26
num_leaves=31
num_cat=19
split_feature=7 5 1 8 0 7 7 7 7 10 1 6 8 12 7 5 7 1 7 6 3 1 8 1 7 8 7 8 4 1
split_gain=73.0825 44.6853 56.5135 38.1918 37.2924 185.419 121.539 84.2503 76.5931 52.3697 47.8731 62.7968 52.2031 53.4378 45.1076 61.5575 79.7161 106.809 61.9691 51.9729 41.6844 39.6513 38.4699 44.8431 51.2228 43.5957 38.3974 37.9787 36.7994 36.5602
threshold=0 4.5000000000000009 1 385.00000000000006 2 3 4 5 6 1175.0000000000002 7 51.750000000000007 537.00000000000011 8 9 3.5000000000000004 10 11 12 54.500000000000007 16.500000000000004 13 455.00000000000006 14 15 433.00000000000006 16 429.00000000000006 17 18
decision_type=9 2 9 2 1 9 9 9 9 2 9 2 2 1 9 2 9 9 9 2 2 9 2 9 9 2 9 2 1 9
left_child=1 28 -3 -2 5 9 22 -7 21 -5 11 -11 13 -12 -9 20 17 18 -17 -18 29 -8 23 -6 27 -26 -21 -25 -1 -16
right_child=3 2 -4 4 6 7 8 14 -10 10 12 -13 -14 -15 15 16 19 -19 -20 26 -22 -23 -24 24 25 -27 -28 -29 -30 -31
leaf_value=0.045293125656662374 -0.097799095559028659 0.034992202015889429 -0.045171984656550396 0.074747426573149964 0.049276086998572638 0.025966172262787052 -0.06578143629610135 0.011752775004070525 0.0132670016738841 0.19690338965473045 0.032417271618458345 -0.020454422711531674 0.099434133559515525 -0.08113256643882466 -0.040200419667547241 0.027265412981396377 -0.14649455721230251 0.022950098524453014 -0.085651694007785606 -0.016716567430195593 -0.1342587224588255 -0.0045527221142663667 0.042251516678410261 -0.066439748056159306 0.0049924369198956833 -0.11818253998429734 -0.069467561456110605 0.039423542152810187 0.014387504026331857 0.0098613730285910389
leaf_weight=1256.9044692888856 32.607299899682403 171.64468906074762 160.65661142393947 36.116878628730774 185.25464045070112 2446.2621986139566 102.42702387832105 4947.6012818235904 11286.452396731824 14.391586370766161 45.05473193526268 173.95126389153302 18.507084358483553 443.84731015004218 144.29213248565793 65.581608064472675 46.66748671233654 640.25466695427895 170.29646911099553 395.97784466668963 20.943335298448801 1878.6541086062789 1763.6316134557128 42.044918235391378 49.536265708506107 68.425077786669135 221.78004868887365 174.68281129002571 555.56388113647699 2816.1103621069342
leaf_count=1736 250 268 434 76 378 5809 425 11403 27434 26 161 774 46 2402 428 206 274 1477 679 1232 95 6597 3403 160 198 325 936 331 994 6690
internal_value=0.0117245 0.0295018 -0.00407085 0.0103598 0.0104885 0.00643847 0.0137694 0.00945158 0.0100829 -0.042085 -0.0487547 -0.00365186 -0.0641597 -0.0716648 0.00516247 -0.00205828 -0.0182939 0.00173955 -0.0544251 -0.0440735 0.00632429 -0.00803289 0.0350507 0.0112997 -0.0108683 -0.0612634 -0.0370497 0.0180532 0.0358198 0.00731884
internal_weight=30376.1 2144.77 332.301 28231.4 28198.7 12647.6 15551.1 11915.8 13267.5 731.869 695.752 188.343 507.409 488.902 9469.51 4521.9 1540.56 876.133 235.878 664.425 2981.35 1981.08 2283.58 519.944 334.689 117.961 617.758 216.728 1812.47 2960.4
internal_count=75647 3432 702 72215 71965 32714 39251 29229 34456 3485 3409 800 2609 2563 23420 12017 4804 2362 885 2442 7213 7022 4795 1392 1014 523 2168 491 2730 7118
cat_boundaries=0 8 9 10 17 25 33 41 42 43 51 59 60 66 67 68 76 84 85 86
cat_threshold=252214186 2097152 2164260864 1073905664 65536 134283392 16384 512 757760 708 2147483652 335609889 2047607810 262144 12583049 25166086 512 2149842948 335609856 34341888 16385 1154482177 25186580 33563328 2 268500992 4196624 2195729 2148536322 2466253056 40894464 2097408 21 268500992 46139664 67207313 2148020226 2197815552 34603008 2887680 21 164756 1 1075840000 1644700680 67108904 534528 537666080 2684362769 786449 1024 536870912 130 8388608 18891776 69238784 1074266624 73728 136 65984 536870912 128 8388608 16384 69206016 524288 557569 21909 0 67108864 786432 0 1048576 8388612 128 2 0 2148532224 0 33554432 4096 2056 33587328 258 4 1312
is_linear=0
shrinkage=0.1


Tree=27
num_leaves=31
num_cat=23
split_feature=7 10 7 7 7 2 1 0 7 7 7 8 0 1 7 7 8 7 0 7 7 7 7 10 8 7 9 7 1 8
split_gain=63.037 34.1818 242.703 146.153 112.484 64.1751 63.9648 77.1135 69.7395 65.0605 59.9428 60.9297 58.094 61.1079 80.1283 78.4016 56.9423 96.5977 66.1508 114.201 103.22 61.3797 51.7605 46.8065 67.6206 46.2 47.5229 99.8084 62.5844 80.4446
threshold=0 1350.0000000000002 1 2 3 5.5000000000000009 4 5 6 7 8 439.00000000000006 9 10 11 12 503.00000000000006 13 14 15 16 17 18 1850.0000000000002 501.00000000000006 19 20 21 22 471.00000000000006
decision_type=9 2 9 9 9 2 9 1 9 9 9 2 1 9 9 9 2 9 1 9 9 9 9 2 2 9 9 9 9 2
left_child=-1 2 -2 12 5 6 9 22 -9 -4 11 -6 25 14 -14 23 18 -18 19 -12 -20 -19 -8 24 -15 -3 27 28 -27 -30
right_child=1 3 4 -5 10 -7 7 8 -10 -11 16 -13 13 15 -16 -17 17 21 20 -21 -22 -23 -24 -25 -26 26 -28 -29 29 -31
leaf_value=0.028597133890530892 0.047893476923514589 -0.05908233006026236 -0.030544979883657349 0.010388349349319051 0.052203893533675633 0.039976677650616167 -0.014465297012851952 0.039559228164298882 -0.049569563854721242 0.040117249865179942 -0.066551073328725938 -0.115799137107773 0.0048098339488134335 -0.10379000476344072 -0.062408795140886264 -0.094019554743734191 0.082541740291924112 0.049210969769769831 -0.0013421397237559139 0.02566455121089933 -0.055184617939816098 -0.053840855617909078 -0.14628489705663633 0.081843964890091186 0.09302579999725033 0.087856284779544561 0.023184046506129732 -0.063493348799267754 0.038553308433998006 -0.13911155590771102
leaf_weight=1816.84588496387 1724.4616782292724 109.21932375989854 161.93163562566042 19188.369883494452 27.643972722813487 1022.4689778778702 67.766898322850466 205.0011395290494 138.44961495324969 570.89366831071675 152.52866736799479 98.525363884866238 598.99467727914453 56.510185986757278 242.19839265011251 264.54741052351892 176.14966395497322 84.779712446033955 842.88044738397002 770.77738304622471 613.26103850640357 140.82627883553505 64.499601986259222 47.472373344004154 25.259504592046142 92.951274529099464 669.66629174910486 226.96528344973922 76.358636289834976 38.252822402864695
leaf_count=2798 3868 579 427 46531 163 2073 179 375 455 1181 604 584 1835 209 1171 1257 253 165 2336 1974 2344 453 294 77 42 186 1880 964 220 170
internal_value=0.0105645 0.00940158 0.0155541 0.00745443 0.00459875 0.0214415 0.00593758 -0.0223924 0.00324429 0.0243021 -0.00835498 -0.0731885 -0.0155181 -0.0307258 -0.0150497 -0.0630103 -0.00516213 0.0296417 -0.0110602 0.00988084 -0.0242399 -0.0146703 -0.084511 0.00265667 -0.0429916 8.45867e-05 0.00641472 -0.0192815 0.0306458 -0.0190796
internal_weight=30316.5 28499.6 6862.85 21636.8 5138.38 2231.01 1208.54 475.717 343.451 732.825 2907.37 126.169 2448.4 1234.98 841.193 393.789 2781.2 401.756 2379.45 923.306 1456.14 225.606 132.267 129.242 81.7697 1213.41 1104.19 434.528 207.563 114.611
internal_count=75647 72849 17728 55121 13860 4984 2911 1303 830 1608 8876 747 8590 4591 3006 1585 8129 871 7258 2578 4680 618 473 328 251 3999 3420 1540 576 390
cat_boundaries=0 8 16 24 32 33 34 42 49 56 57 58 66 74 81 82 89 96 102 109 117 118 125 126
cat_threshold=234904450 268435456 16777216 131072 66560 134283392 2113536 516 1074266148 536936448 471859336 2641920 570434176 21512728 134283264 34 1074266112 536936448 1008730258 2641920 553656960 21512448 134283264 50 268500992 72884352 537657616 16777216 286263552 2361604 264577 1048 11550 624 0 68681728 256 16777216 17827840 262148 2048 8 268435456 1048576 0 16777216 285212672 262144 2048 0 0 1107297280 0 8392705 2147483648 524288 526 30904 0 0 872415232 2097152 553656448 4718848 65536 2 1074266112 0 0 540672 8192 16777472 65536 2 2359296 3221225496 0 0 2097152 3 33562632 800 262144 2147485696 0 33816576 136314976 33554434 33554432 1 3221490691 32 1107560448 135004256 33554434 33596416 0 33554432 0 2147786752 134217768 8192 0 4194432 0 0 0 264196 2432 1073741824 65536 603979776 20480 8320 16777216 0 32 4 524288 536870912 134217728 0 536871424 0 134217728 33164
is_linear=0
shrinkage=0.1


Tree=28
num_leaves=31
num_cat=23
split_feature=7 10 4 5 7 10 7 3 7 7 2 7 7 7 7 1 8 0 7 1 7 7 1 1 7 7 2 7 0 7
split_gain=53.9627 44.1674 42.3946 39.0028 297.163 56.1417 42.4585 36.87 202.059 157.964 141.511 163.249 114.832 113.745 86.7677 86.655 73.591 73.0699 96.0676 82.5797 137.56 94.999 68.2808 67.4451 62.1204 61.7274 60.0749 57.1187 55.8909 85.5225
threshold=0 3205.0000000000005 1 6.5000000000000009 2 3650.0000000000005 3 8.5000000000000018 4 5 5.5000000000000009 6 7 8 9 10 413.00000000000006 11 12 13 14 15 16 17 18 19 7.5000000000000009 20 21 22
decision_type=9 2 1 2 9 2 9 2 9 9 2 9 9 9 9 9 2 1 9 9 9 9 9 9 9 9 2 9 1 9
left_child=1 2 -1 6 -5 -6 -2 9 15 23 13 -12 22 16 -13 26 -11 19 -19 20 -15 -21 -10 -8 -22 -17 -9 -25 29 -18
right_child=3 -3 -4 4 5 -7 7 8 12 10 11 14 -14 17 -16 25 28 18 -20 21 24 -23 -24 27 -26 -27 -28 -29 -30 -31
leaf_value=0.038435511472792346 -0.076647098774660236 -0.13391989937545687 0.0047808071843691855 0.047456732340842619 -0.10564279650373881 0.11339101211802038 -0.03362025161667459 -0.025655696148365444 0.053292189986490004 -0.12190131228012469 0.068284029637476221 -0.074616971039103211 0.0058044183516851285 0.041072308502375823 0.021076666866679864 -0.095689980748301692 0.045901504690274875 0.030551412397551353 0.0039148758546018753 0.097093511642743033 0.011699715012321216 0.032201128468427091 0.013033373357390571 0.041745832249508327 -0.055255825684519748 -0.029215036869141054 0.015753168970881106 -0.039101772766982248 -0.0068842642153362959 -0.025269755156055493
leaf_weight=1218.2620785087347 48.00469621270895 16.988878794014454 540.30252805352211 323.85083442926407 258.20443383604288 12.257612109184263 1002.992339387536 892.70700400695205 906.91116472706199 51.11381995305419 998.13372344896197 94.772465221583843 7527.550215922296 824.49680148437619 1018.4030239246786 223.81349657848477 516.47880066931248 1927.8653455935419 4528.3562113754451 334.2050366550684 262.96631447039545 768.91770799085498 820.73017790168524 258.70102867111564 281.60709268599749 428.2515443302691 576.67791100218892 121.15021683461964 3237.0470577664673 243.13412410020828
leaf_count=1760 688 58 1024 748 1758 17 3808 2751 2025 296 1535 375 18538 1623 2161 842 898 4418 11169 550 703 1615 2372 716 958 1425 1439 594 8092 691
internal_value=0.00951045 0.0263966 0.0280954 0.00844582 -0.0169003 -0.0923032 0.00898886 0.00916072 0.00478585 0.0121882 0.0151489 0.0391686 0.0111646 0.0112525 0.0123378 -0.022987 -0.00266522 0.0175455 0.0119036 0.0321721 0.0154853 0.0525567 0.034352 -0.0200799 -0.023296 -0.0531325 -0.00934072 0.0156186 -0.00114696 0.0230889
internal_weight=30264.9 1775.55 1758.56 28489.3 594.313 270.462 27895 27847 11376.6 16470.3 15087.5 2111.31 9255.19 12976.2 1113.18 2121.45 4047.77 8928.41 6456.22 2472.19 1369.07 1103.12 1727.64 1382.84 544.573 652.065 1469.38 379.851 3996.66 759.613
internal_count=75647 2842 2784 72805 2523 1775 70282 69594 29392 40202 35084 4071 22935 31013 2536 6457 9977 21036 15587 5449 3284 2165 4397 5118 1661 2267 4190 1310 9681 1589
cat_boundaries=0 8 9 17 24 32 40 48 56 64 71 72 73 81 82 90 98 99 100 108 116 123 124 131
cat_threshold=234912136 2162944 2147484160 131072 65536 134283392 2097152 512 4 539230208 3221226001 143425536 17825792 1073782816 19408913 1073815561 2 1048576 8388608 2050 32 1073872896 0 4 513 1666 537723137 4096 738469056 3225421825 134251016 2 536870914 264208 369132592 2148589568 2428534785 1573376 1074024448 16 18874368 537403520 151781377 19138560 67110944 1627392001 100865 1288 536870918 264208 302022704 3221282818 2429026305 1049088 282624 28 287835168 604512265 145293312 1074003968 526368 16779264 600073 9 262144 1111490562 0 33554432 536875008 2 16 194624 266 3221488128 38798850 256 528385 168048000 3267366912 134217792 132 555586 4 1073743008 1610875008 50332672 19923136 8454 134217872 34 2147483648 2147483682 0 33554434 538968136 2097168 32896 1280 250188 743513 262144 2421162048 0 0 4104 2113544 1024 1024 0 1536 524289 0 262144 2147485697 134217728 2 536870914 262144 268435456 2148556800 268435456 524288 262144 257 0 603987977 8388608 0 32 2048 10241
is_linear=0
shrinkage=0.1


Tree=29
num_leaves=31
num_cat=21
split_feature=7 1 10 8 10 7 7 3 8 3 7 7 2 7 7 7 7 1 1 0 0 1 7 1 7 0 7 1 2 5
split_gain=46.5159 49.1642 58.9459 32.8126 32.569 249.939 80.592 57.0173 41.8112 38.1526 190.231 124.993 109.727 154.92 131.157 95.4973 91.8357 62.5629 58.3408 84.3843 52.325 59.5733 70.3501 59.3396 56.7966 51.6868 64.1691 57.7973 60.5774 109.633
threshold=0 1 3270.0000000000005 441.00000000000006 1075.0000000000002 2 3 8.5000000000000018 467.00000000000006 8.5000000000000018 4 5 4.5000000000000009 6 7 8 9 10 11 12 13 14 15 16 17 18 19 20 2.5000000000000004 3.5000000000000004
decision_type=9 9 2 2 2 9 9 2 2 2 9 9 2 9 9 9 9 9 9 1 1 9 9 9 9 1 9 9 2 2
left_child=1 -1 3 -3 5 -2 7 8 -7 11 20 18 14 -14 25 17 -15 -12 19 -6 21 -11 -23 -22 -25 26 -13 -27 -29 -30
right_child=4 2 -4 -5 9 6 -8 -9 -10 10 15 12 13 16 -16 -17 -18 -19 -20 -21 23 22 -24 24 -26 27 -28 28 29 -31
leaf_value=0.031732072463542274 0.075113964661422963 -0.088380860492940028 -0.23534381073357197 0.0087346106610858062 0.0081303406737188774 -0.12028865802423215 -0.084181170942099426 0.072756845143374466 0.021381936402482066 -0.056598994313241169 -0.038307082553650632 0.039386198610565283 0.05247606023091346 0.023555788746104787 0.014375704563842637 0.0041674198281727182 -0.020163316870986662 0.0381309926897892 0.0078152333233580656 -0.065193507112305871 -0.023070847136313889 -0.076261130976740782 0.03612475827791272 -0.018507756299646003 -0.10572964110487509 -0.0064165522331779594 -0.014874080372789537 -0.075518830856958069 0.018140627298626213 -0.085569711743301663
leaf_weight=1625.5167470332235 451.58491219207644 36.664658151566982 10.459883235394953 680.72349876910448 241.37542042136192 39.022842742502689 170.96285231038928 81.741999790072441 44.689055882394314 122.0210783444345 110.43682685494423 415.7189201451838 1461.3182405736297 1632.0151383299381 7865.5221547130495 7455.6081655640155 671.65262387413532 1345.1403496414423 402.78942133113742 452.74479184858501 1253.2143744695932 56.058436181396246 372.65782414563 142.87468222901225 195.97671519964933 1671.45560022071 440.46060036495328 296.19939502701163 297.81466003507376 154.96721263974905
leaf_count=2910 801 137 48 1275 793 157 689 157 99 397 409 919 2524 3218 18973 18387 2156 3446 1417 2255 4227 253 794 438 954 4385 1147 1054 641 587
internal_value=0.00857753 0.0220626 0.000330328 0.00377118 0.00742727 0.0274703 -0.0375988 0.0125892 -0.0446587 0.00684631 0.00232807 0.00996706 0.0123624 0.0271299 0.00738348 0.00876247 0.0107771 0.0321097 -0.0224934 -0.0399423 -0.0243576 0.0023424 0.020026 -0.0335508 -0.0705378 -0.00941651 0.0116226 -0.0168759 -0.0398252 -0.0173548
internal_weight=30199.4 2353.36 727.848 717.388 27846 788.002 336.417 165.454 83.7119 27058 11054 16004 14907.1 3764.99 11142.1 8911.19 2303.67 1455.58 1096.91 694.12 2142.8 550.737 428.716 1592.07 338.851 3276.62 856.18 2420.44 748.981 452.782
internal_count=75647 4370 1460 1412 71277 1903 1102 413 256 69374 29305 40069 35604 7898 27706 22242 5374 3855 4465 3048 7063 1444 1047 5619 1392 8733 2066 6667 2282 1228
cat_boundaries=0 8 9 17 25 33 41 49 57 65 73 74 75 76 77 78 86 87 94 95 102 103
cat_threshold=236998569 270598400 2147483648 1073872896 8463360 138477696 2113536 516 616682 1073741824 537396224 1006895360 33824768 723518088 1090783248 67592 258 0 1140850712 0 16779264 268959808 34078721 134218385 32 8192 8389794 671416577 33558528 690227400 1073741825 134251016 160 4102 264720 369133072 2147524610 2151677953 35127808 1074008064 16 16777216 68690056 17301505 16777216 1076103264 1627389975 134808080 1288 285212672 604512265 25755648 262144 1344831520 553648130 590361 1289 528390 264720 35684912 2147794946 2151710721 1573376 1074008064 24 268435456 2 1082392840 35916800 370704392 2361352 43393 33 1826 612440 288 28 8788 0 0 0 0 536871040 1073741824 32768 32 31556 0 1184 262144 33554432 2056 0 512 321 0 603987977 8388608 0 1342177280 536870914 513 572186
is_linear=0
shrinkage=0.1


Tree=30
num_leaves=31
num_cat=25
split_feature=5 7 7 1 7 7 1 7 7 7 7 5 1 7 7 6 7 0 7 8 7 4 1 0 7 0 7 7 8 7
split_gain=43.3359 94.8745 74.1815 71.0875 196.276 133.892 67.5458 154.931 66.1547 61.9444 60.0266 46.543 45.9199 150.495 56.8396 103.588 56.2849 45.8754 45.6344 45.4364 44.9212 46.603 44.2688 47.4747 45.8165 44.0728 95.1421 61.7506 48.1134 45.2343
threshold=4.5000000000000009 0 1 2 3 4 5 6 7 8 9 8.5000000000000018 10 11 12 57.250000000000007 13 14 15 477.00000000000006 16 17 18 19 20 21 22 23 449.00000000000006 24
decision_type=2 9 9 9 9 9 9 9 9 9 9 2 9 9 9 2 9 1 9 2 9 1 9 1 9 1 9 9 2 9
left_child=2 22 19 4 -3 -5 7 -4 17 11 -9 -7 13 -8 15 -14 -15 -6 -11 -1 21 -19 -2 24 -24 26 -18 -27 -29 -28
right_child=1 3 6 5 8 9 12 10 -10 18 -12 -13 14 16 -16 -17 25 20 -20 -21 -22 -23 23 -25 -26 27 29 28 -30 -31
leaf_value=0.010710727902362181 -0.0053557853262121129 0.031685654327098314 0.029755355117095851 0.051805535779134583 0.017525861944437577 0.022743184294921392 0.04853103650488845 -0.025354776063568257 -0.062521993705222143 0.0031707948243235792 -0.11067060687430622 -0.18402841617664564 -0.0016701093053001969 0.018823583325910088 0.0094146141843056592 -0.096371961626918481 0.029832373660408969 -0.12571500016494899 -0.039018495115097626 0.042396439048515998 -0.085745749235192611 0.040370233709213867 0.047941433352809405 -0.07457972054000421 -0.045025285603394041 0.034131415289073173 -0.025711751392060792 -0.14600575202930027 -0.015857900072934937 -0.13434153895659176
leaf_weight=789.72632129117846 440.46394304186106 656.29408943466842 295.74260569363832 736.31522977538407 260.51396836712956 962.73784695193172 1164.4222632423043 193.88373351097107 528.2443884331733 605.38019265048206 166.89467006921768 11.010608058422802 3063.6192251853645 1147.6891095526516 15800.595131207258 120.02818252146244 104.36379408091307 21.305200841277838 436.67613917775452 1060.0095568671823 111.8834874574095 81.612417388707399 75.384520638734102 298.71835301443934 131.616166241467 296.46863006800413 86.993435963988304 30.811589576303959 363.64417818188667 99.005182880908251
leaf_count=1698 1590 1867 540 1495 865 2060 1996 514 2292 1562 698 56 10389 2045 36415 480 200 105 1848 1540 549 237 272 1408 566 608 211 136 954 451
internal_value=0.00772593 -0.000428889 0.00948897 0.00574891 -0.0105601 0.0155878 0.00792247 -0.0234786 -0.0382274 0.00216806 -0.0667419 0.0201977 0.00885797 0.0197544 0.00695825 -0.0052241 0.00386199 -0.0104956 -0.0147116 0.0287133 -0.0437483 0.00545822 -0.0289898 -0.0490713 -0.01052 -0.0136501 -0.0456983 0.00027807 -0.0253805 -0.0874383
internal_weight=30142.1 5358.16 24783.9 4411.97 1659.85 2752.12 22934.2 656.521 1003.56 2015.8 360.778 973.748 22277.6 3293.4 18984.2 3183.65 2128.98 475.315 1042.06 1849.74 214.801 102.918 946.183 505.719 207.001 981.287 290.362 690.924 394.456 185.999
internal_count=75647 16772 58875 12936 5915 7021 55637 1752 4048 5526 1212 2116 53885 6601 47284 10869 4605 1756 3410 3238 891 342 3836 2246 838 2560 862 1698 1090 662
cat_boundaries=0 8 16 17 25 32 33 41 49 57 65 66 74 82 90 91 99 106 107 108 109 116 117 125 132 139
cat_threshold=17367584 67371648 1140850689 2148141056 556794368 3230138370 2561 1036 2265473960 268501760 0 163843 8454144 2843803776 0 4 8640 1342178306 2181039104 42205192 1073751040 2181050568 16777217 590096 531 67108865 1615855683 402653568 34881536 557440 33562636 167780352 753696 538968069 2148017152 2147745792 35653632 34340864 0 1075914944 1024 2097152 1074274331 524304 2097152 67373088 33817104 1032 256 1074003972 2097192 2164818464 16778240 1342440488 2103808 2474000 128 268435456 32 32769 2147484672 32 2359321 16385 136 24960 4 38273160 167772465 2147764224 536879688 532484 34407168 288 5 46137473 436209808 2181054496 536883848 33554436 34406400 289 270864386 1610620929 268435464 1090520064 1839136 1074003993 2048 513 59 2720007168 8208 24 2097152 234881024 536870928 1073742024 800 2097152 8217 16 0 262144 528 1024 2 110592 77 0 0 1073741824 0 537920000 1082130432 513 232 134217728 0 0 0 119537664 0 32776 1032 0 68158480 1082392576 35651584 0 0 1169 2048 1049616 0 0 2048 0 8336
is_linear=0
shrinkage=0.1


Tree=31
num_leaves=31
num_cat=20
split_feature=8 7 7 8 7 7 1 8 1 7 0 7 7 7 0 1 1 7 3 3 8 3 2 9 7 5 6 9 0 0
split_gain=40.3895 162.804 94.5453 58.4522 116.245 115.036 60.9969 57.0374 47.1985 72.5789 58.9888 53.1465 49.5859 47.1366 46.5613 49.7459 46.4216 51.7868 44.5609 42.9629 40.8565 40.5259 41.8857 40.6193 39.9851 38.1818 37.2721 34.2402 34.0638 33.6207
threshold=437.00000000000006 0 1 423.00000000000006 2 3 4 405.00000000000006 5 6 7 8 9 10 11 12 13 14 11.500000000000002 12.500000000000002 419.00000000000006 10.500000000000002 6.5000000000000009 15 16 3.5000000000000004 55.750000000000007 17 18 19
decision_type=2 9 9 2 9 9 9 2 9 9 1 9 9 9 1 9 9 9 2 2 2 2 2 9 9 2 2 9 1 1
left_child=1 -1 7 5 25 6 -4 -3 12 -10 -11 18 19 16 -14 26 17 27 -12 -9 21 22 23 -8 -17 28 -16 -2 -5 -15
right_child=13 2 3 4 -6 -7 20 8 9 10 11 -13 14 29 15 24 -18 -19 -20 -21 -22 -23 -24 -25 -26 -27 -28 -29 -30 -31
leaf_value=0.030411170619844437 -0.20931215343114321 -0.082401376202662857 0.093967420652078304 -0.050403150861414683 -0.091643401804074542 -0.066145467006423875 -0.092992228682012734 0.090100459840852784 -0.077450902074297001 0.038086046248531888 0.052059869915457607 -0.096191690780513706 0.055491629376824406 0.012585293719268881 -0.075981575432652881 0.010022634868437774 0.029914547590823706 0.0074914779697531969 -0.17938217976341603 -0.097539694472905211 0.069744679459563821 -0.14903205436359737 0.17028700496882132 0.044722452182978406 -0.12351103091029619 -0.090560550442124257 0.14795004436477335 -0.044174347373902308 0.035614975992499812 0.0044906509947239357
leaf_weight=944.62995362654328 19.48463612049818 71.970230128616095 89.70182815939188 54.127235643565655 396.27066423930228 210.0068466514349 47.627841994166374 170.17162089794874 112.52340361475945 262.41785900294781 65.624763756990433 71.340337429195642 85.450358219444752 7301.1999285556376 10.972948700189589 40.081118889153004 1752.2856267485768 542.6253142952919 9.5266237929463369 13.144876614212988 51.790708400309086 25.262848973274231 11.731892563402651 38.91913790628314 54.493771009147167 42.724146492779255 23.038550607860088 35.308141669258475 158.60225240141153 17361.951131967828
leaf_count=2510 92 408 169 153 2000 1290 213 419 536 661 128 340 169 16924 36 89 3345 1036 45 75 133 145 20 102 257 147 29 113 337 43726
internal_value=0.00695651 -0.00392786 -0.019299 -0.0390194 -0.0588111 -0.0126879 0.0309969 0.00329423 0.0100428 -0.00984317 0.0101658 -0.0390868 0.0354929 0.00819035 0.00182006 -0.0352772 0.0217061 -0.00246635 0.0200526 0.0726808 -0.00455138 -0.0360659 -0.00702767 -0.0310636 -0.0713723 -0.00413094 0.0585032 -0.0870172 0.0130332 0.00689109
internal_weight=30075 3062.15 2117.52 1126.77 651.724 475.041 265.034 990.756 918.786 521.433 408.91 146.492 397.353 27012.9 214.037 128.586 2349.7 597.418 75.1514 183.316 175.332 123.542 98.2789 86.547 94.5749 255.454 34.0115 54.7928 212.729 24663.2
internal_count=75647 10411 7901 4709 2637 2072 782 3192 2784 1710 1174 513 1074 65236 580 411 4586 1241 173 494 613 480 335 315 346 637 65 205 490 60650
cat_boundaries=0 8 15 23 30 31 32 39 40 47 54 62 63 64 65 73 74 81 82 83 84
cat_threshold=10240 524552 673185824 17309696 167781192 3225419777 134218249 1577 268500992 2722112514 268435457 3223716864 270536704 42213394 34153472 35913728 1 262144 2048 1050752 524288 256 258 512 1141899408 264 0 553910272 2056 264336 1092 53422 0 541065218 1 2228224 4096 33554448 524288 241 0 1024 0 0 268435456 8194 8192 0 2688548866 268435457 2228224 2101248 33554432 525312 117724069 270600192 67174912 167936 8455169 151060608 0 514 281 49282 5026 262144 0 67108864 0 0 0 0 2 4 268500992 0 0 0 268435456 0 65536 4 518 312
is_linear=0
shrinkage=0.1


Tree=32
num_leaves=31
num_cat=21
split_feature=8 7 7 8 7 7 7 8 3 1 7 7 5 7 1 7 10 7 7 3 1 7 7 7 0 8 8 7 7 0
split_gain=35.8489 113.703 105.274 82.543 79.2201 69.9459 54.4397 51.0545 48.7012 47.7015 120.217 93.1208 54.0242 108.02 52.1149 46.55 55.4593 54.821 49.943 44.5396 44.2554 277.588 127.912 81.7099 43.3921 54.7446 43.0615 113.983 96.9836 50.302
threshold=477.00000000000006 0 1 473.00000000000006 2 3 4 417.00000000000006 4.5000000000000009 5 6 7 3.5000000000000004 8 9 10 1550.0000000000002 11 12 14.500000000000002 13 14 15 16 17 469.00000000000006 491.00000000000006 18 19 20
decision_type=2 9 9 2 9 9 9 2 2 9 9 9 2 9 9 9 2 9 9 2 9 9 9 9 1 2 2 9 9 1
left_child=2 -2 3 6 -3 -4 7 8 -1 10 -6 -11 14 -14 -13 -16 18 -18 -17 24 23 -22 -23 -7 -8 -26 28 -28 -15 -30
right_child=1 4 5 -5 9 20 19 -9 -10 11 -12 12 13 26 15 16 17 -19 -20 -21 21 22 -24 -25 25 -27 27 -29 29 -31
leaf_value=0.33386074808279204 -0.016474272133464224 0.045195801135505038 0.026209192785710125 -0.12518809606787865 -0.011292276889009875 -0.0091231234617608573 0.023725069805711107 -0.097043730542400106 -0.11416095797942079 0.021757986431669686 0.032168054255909621 0.045169461391942868 0.0073907281282982878 0.040107703963590528 0.016305194318900644 0.045454203449246784 -0.055712523197955256 -0.005978759897513803 -0.016396990450115716 -0.12338578794703298 0.036852196455826484 -0.0085881810816824562 -0.064881821111162294 0.010697407122979945 -0.03919661750249423 0.048803356641647498 -0.011830688435550032 -0.09567700178325958 0.017411580753456144 -0.091490423331654636
leaf_weight=5.5740330480039102 1453.8452527252957 712.85708211362362 1421.246202506125 80.0948740914464 851.08733182027936 2775.9479987490922 316.47685189545155 130.27855853550136 4.2964597959071398 2849.061502110213 2501.0256605241448 325.85833674669266 1295.0994670167565 192.52875588834286 1465.5294331721961 283.32275389134884 318.241464599967 710.09049019962549 230.76050546392798 32.930625580251217 859.94737764447927 949.96365742012858 707.02915625460446 8222.7790474444628 401.40547134354711 85.804276868700981 362.86338323354721 300.57549463398755 62.342728886753321 132.74063035286963
leaf_count=25 4890 1450 3860 362 2077 8848 828 1011 70 5883 4609 466 3062 411 2814 454 961 1517 584 161 1948 2399 2464 19971 1422 184 937 1266 145 568
internal_value=0.00625706 0.00994299 0.0030196 -0.0273352 0.0129954 0.00518218 -0.0195911 -0.0750738 0.138844 0.011027 0.0211329 0.007035 -0.000375299 -0.0120015 0.00780548 0.00359562 -0.00850765 -0.02197 0.0182558 -0.00928836 0.00295333 -0.00898598 -0.0328535 0.0056912 -0.00472885 -0.023222 -0.0356279 -0.0514383 -0.00948586 -0.0575366
internal_weight=30041.6 14047.8 15993.8 1056.86 12594 14936.9 976.766 140.149 9.87049 11881.1 3352.11 8529.01 5679.95 2346.15 3333.8 3007.94 1542.42 1028.33 514.083 836.617 13515.7 2516.94 1656.99 10998.7 803.687 487.21 1051.05 663.439 387.612 195.083
internal_count=75647 32094 43553 4063 27204 39490 3701 1106 95 25754 6686 19068 13185 6389 6796 6330 3516 2478 1038 2595 35630 6811 4863 28819 2434 1606 3327 2203 1124 713
cat_boundaries=0 8 16 24 32 39 40 48 56 64 65 73 80 87 88 96 104 112 113 121 128 129
cat_threshold=9217 33554442 1981874176 1074536448 293602368 1310724 1552 385 1074266124 546374240 16811016 33587201 1140883585 2153792256 64 32 67633548 536937024 16778240 1081345 1073774593 2151699200 33554496 544 134310913 2097152 337707520 1074266114 29426752 1376384 2114064 128 524300 8454208 1024 32769 1 2151694592 64 77849 824442880 1074798625 142868513 2181038080 34081288 8390665 8 2 841220096 1074800929 142606376 33705984 67111424 11012096 6152 1026 544 73400464 819200 2100224 34086952 536879129 1210908672 24 384 1090584578 2416706560 1 2149581824 170398112 50331650 8320 8 0 4194448 262160 0 2684354560 8192 135004417 0 4194304 256 2048 2685403136 8192 262145 569036 2164261408 8 1241776288 131072 573057032 1124075524 794752 1285 536870912 1074275345 257 281600 403702272 537403402 33621257 512 16777760 10241 134480032 5120 2622216 50857986 34343049 1280 618 1073741824 525312 2147483920 2 536870912 0 33153 4 2147483648 2147483648 1 16777218 262272 1107296256 8448 280
is_linear=0
shrinkage=0.1


Tree=33
num_leaves=31
num_cat=19
split_feature=5 7 7 7 1 7 3 7 2 7 1 7 7 7 8 8 3 0 1 4 8 7 7 0 8 2 10 8 1 4
split_gain=34.233 78.7541 56.6801 52.4038 54.9592 126.155 60.1178 68.3392 56.5074 54.915 44.4984 154.524 107.205 59.2231 48.946 43.6397 43.2298 39.685 58.2365 53.0503 46.7354 51.0188 39.4971 57.6946 51.3006 50.4224 44.7897 40.283 37.6971 37.3089
threshold=4.5000000000000009 0 1 2 3 4 8.5000000000000018 5 3.5000000000000004 6 7 8 9 10 537.00000000000011 523.00000000000011 2.5000000000000004 11 12 13 429.00000000000006 14 15 16 457.00000000000006 1.5000000000000002 1350.0000000000002 463.00000000000006 17 18
decision_type=2 9 9 9 9 9 2 9 2 9 9 9 9 9 2 2 2 1 9 1 2 9 9 1 2 2 2 2 9 1
left_child=3 -2 -3 28 5 -5 7 8 16 -8 11 -4 -12 14 15 -14 -7 18 -15 -19 -21 -22 23 26 25 -25 -13 -26 -1 -29
right_child=1 2 10 4 -6 6 9 -9 -10 -11 12 22 13 17 -16 -17 -18 19 -20 20 21 -23 -24 24 27 -27 -28 29 -30 -31
leaf_value=0.042823823957674284 -0.048549816194784878 0.025289430208052605 0.017482268883088715 0.023450907879793398 0.0067466403654814315 0.022648075653214517 0.019299658241469297 -0.07455410080321255 0.10377147561453526 -0.15661478778735513 0.03101524278499387 0.011086149726205648 0.00054048933459619364 -0.072458403150126013 -0.18375190606653194 0.074913014266694111 -0.22580273021149799 0.016570056637269345 0.04651268111822765 0.10753899083772436 -0.0081236841867861134 -0.098787261112633293 -0.066083264651833395 0.11263797477309384 0.13341556377245903 -0.16276766963076283 -0.093064515412580387 -0.062446726810204967 0.012465767148889821 0.033079269077503859
leaf_weight=650.01495577022433 325.20153578743339 825.97869455255568 757.34261759929359 308.13043946027756 22199.43073475454 19.113644957542423 26.884461000561714 146.22055355459452 51.811926916241646 83.864584874361753 972.14901466481388 56.747440204024315 824.4069732837379 51.866136258468032 13.558117538690565 87.24585771933198 11.053228974342344 91.087873384356499 113.49732360243797 14.406536618247626 96.912671659141779 246.46875192224979 421.64949075039476 8.575356297194956 29.490055374801159 29.57495304942131 151.59544197097421 54.812589172273874 1153.3499300051481 160.91230010986328
leaf_count=1013 1793 2055 2399 572 53691 33 53 561 55 421 2160 165 2082 240 65 129 46 275 305 40 330 1209 2008 16 53 147 664 207 2430 430
internal_value=0.00563901 -0.00162514 0.00151573 0.00721074 0.00590543 -0.0226176 -0.0639693 -0.0365174 0.0360261 -0.12631 -0.00322856 -0.0158282 0.00518218 -0.011226 0.00480117 0.007658 -0.068385 -0.0350576 0.00719346 -0.0504402 -0.0689098 -0.0763127 -0.043339 -0.0229069 0.00677139 -0.100862 -0.0617334 0.0237931 0.023584 0.00880749
internal_weight=29983.4 5333.48 5008.28 24649.9 22846.5 647.079 338.948 228.199 81.9788 110.749 4182.3 1670.7 2511.6 1539.45 925.211 911.653 30.1669 614.239 165.363 448.876 357.788 343.381 913.358 491.708 283.365 38.1503 208.343 245.215 1803.36 215.725
internal_count=75647 16772 14979 58875 55432 1741 1169 695 134 474 12924 6089 6835 4675 2276 2211 79 2399 545 1854 1579 1539 3690 1682 853 163 829 690 3443 637
cat_boundaries=0 8 16 24 25 33 39 47 48 56 63 71 72 73 74 81 89 90 91 92
cat_threshold=17302048 67108992 1140850688 2147614720 555745792 2155872258 2560 4 1073742851 2097217 16777864 34619392 1107337608 33559040 35667968 641 2265473960 268501760 2098176 131075 8454144 700514432 64 4 753696 538968069 2148017152 2147745792 35653632 34340864 16 1075914881 1024 268435456 0 256 2147484672 1048608 262144 0 0 0 0 0 2097153 16384 8 8640 268500992 2181571584 42729473 1073751040 2148538432 17301505 590104 1050 67371012 1615855618 403210528 17563648 269222912 1075849228 134520848 2720006144 270392 2147483664 2100224 201326624 262160 1073807561 288 268 561152 1 268435456 2147483648 33554433 0 0 0 1280 35913728 1073741850 134217744 2097152 67371040 262168 271488 256 708 254288 2
is_linear=0
shrinkage=0.1


Tree=34
num_leaves=31
num_cat=21
split_feature=8 7 7 8 7 7 1 7 2 0 5 1 7 7 7 7 5 7 8 7 7 7 8 7 2 0 1 7 3 7
split_gain=32.5792 131.389 81.8867 44.4489 101.533 93.9225 55.0638 45.0009 41.1648 43.9042 38.7946 95.6898 161.539 93.9448 81.4145 74.982 71.4274 60.845 59.5259 164.156 90.8274 61.7125 55.8628 59.861 51.3733 50.9343 46.7104 85.745 46.2152 62.1174
threshold=437.00000000000006 0 1 423.00000000000006 2 3 4 5 5.5000000000000009 6 3.5000000000000004 7 8 9 10 11 6.5000000000000009 12 515.00000000000011 13 14 15 445.00000000000006 16 7.5000000000000009 17 18 19 14.500000000000002 20
decision_type=2 9 9 2 9 9 9 9 2 1 2 9 9 9 9 9 2 9 2 9 9 9 2 9 2 1 9 9 2 9
left_child=1 -1 -3 5 -5 6 -4 -8 -7 -10 14 12 -12 -14 28 16 -13 -16 20 -20 -17 -21 24 25 -15 -24 27 -19 -2 -30
right_child=10 2 3 4 -6 8 7 -9 9 -11 11 15 13 22 17 18 -18 26 19 21 -22 -23 23 -25 -26 -27 -28 -29 29 -31
leaf_value=0.02806102879498017 -0.0068866451016570442 0.0014247874303163299 0.08521828467826055 -0.012355120147891278 -0.094537000948888311 -0.1079770624469155 -0.10360203167885194 0.017491303336440403 0.047226347758005181 -0.074805086820568509 0.030214958306287443 0.031567724173449573 -0.08362532275835205 0.0066739082538450917 0.028549430314725684 -0.028258510332387129 -0.072463816750134177 0.06439657517141327 0.061429460227091032 0.029511394450047725 0.004488398591801889 -0.045508974372230122 -0.0436658710951872 -0.042988073586123582 0.15295530119837422 0.007054829566440538 0.0076755870562759529 -0.0038965574416981921 0.055518480234091311 -0.10998342161166963
leaf_weight=865.09247640892863 1639.6916958913207 1104.1306061856449 90.739314936101437 307.90478541702032 308.40379501599818 108.1456746570766 29.228519383817911 133.35612346976995 47.922559510916471 51.723118536174297 629.50929701142013 1488.3604976944625 250.66658947244287 88.601649699732661 1885.7973333969712 1030.1959204003215 69.061024438589811 400.894974604249 543.70779856853187 162.68002503365278 4551.3574144802988 300.33598145283759 261.2440848685801 848.12159029394388 32.931553956121206 727.8207198344171 11532.271906195208 338.79823754355311 26.496732473373413 81.503075875341892
leaf_count=2448 5226 3289 175 924 1673 773 187 391 191 360 1525 3374 1316 269 3695 3135 420 481 845 335 11213 916 869 3213 50 1831 25351 707 58 407
internal_value=0.00506881 -0.0047318 -0.0177829 -0.0372987 -0.0552137 -0.0141631 0.0266902 -0.00901974 -0.0622568 -0.0188842 0.00617922 0.00160865 -0.0141722 -0.0268984 0.00933574 0.00711717 0.0267827 0.0118451 0.00243484 0.02482 -0.00159834 -0.019084 -0.0192509 -0.0236927 0.0463114 -0.00664512 0.00925706 0.0334819 -0.0109971 -0.0744222
internal_weight=29936.7 3046.65 2181.55 1077.42 616.309 461.115 253.324 162.585 207.791 99.6457 26890 10984.6 2838.9 2209.39 15905.5 8145.7 1557.42 14157.8 6588.28 1006.72 5581.55 463.016 1958.72 1837.19 121.533 989.065 12272 739.693 1747.69 108
internal_count=75647 10411 7963 4674 2597 2077 753 578 1324 551 65236 29311 9073 7548 35925 20238 3794 30234 16444 2096 14348 1251 6232 5913 319 2700 26539 1188 5691 465
cat_boundaries=0 8 15 23 30 31 38 39 40 48 56 64 72 79 87 95 103 111 112 113 120 128
cat_threshold=10240 256 673185824 17309696 169878344 3225419779 134218249 1577 268500992 2722636826 268435457 3221621760 268439552 42213392 34153472 35913728 2049 1074069504 35651584 1050784 1572864 256 258 512 1141899392 264 0 553910272 2056 264336 1094 0 1140850688 8 0 0 0 262272 538 192 2097792 100665744 33555488 1074012161 533504 1573121 295168 787 67174400 1073741826 67371025 2244608 2231631880 2147745794 0 32 8706 41943041 167773216 1074569216 138420544 2148532229 134546960 272 67109378 8388611 167772801 2408448 202115136 2684354693 263696 256 119887137 268765184 67698688 135168 2172715009 151077376 128 786436 1074799648 2155905328 34737152 2148536832 1084227600 2241 1024 2364416 1141113936 67665920 1057792 2415919872 10485762 201 1571 1342178344 4194384 8 0 1073742112 16787456 1073741824 12 1107820576 2688812040 1208484096 524288 304087072 16850960 134817921 1032 580 896 268435456 1077944328 264 33556480 537920032 270336 33562880 0 0 0 0 0 0 1536 256
is_linear=0
shrinkage=0.1


Tree=35
num_leaves=31
num_cat=23
split_feature=8 5 7 7 1 1 7 7 7 1 7 7 0 3 6 6 7 7 7 4 7 7 7 0 7 7 4 12 8 8
split_gain=29.3512 27.5776 94.5267 55.0942 45.051 36.3318 160.699 83.0665 82.5998 95.5714 63.9805 54.6552 54.0062 52.6358 51.5708 46.3504 246.516 74.16 51.534 46.2685 124.537 91.3939 67.4102 45.8003 88.4324 79.7535 43.9209 41.7307 44.3154 41.2527
threshold=385.00000000000006 5.5000000000000009 0 1 2 3 4 5 6 7 8 9 10 14.500000000000002 57.750000000000007 57.750000000000007 11 12 13 14 15 16 17 18 19 20 21 22 503.00000000000006 531.00000000000011
decision_type=2 2 9 9 9 9 9 9 9 9 9 9 1 2 2 2 9 9 9 1 9 9 9 1 9 9 1 1 2 2
left_child=-1 5 4 -4 -3 6 12 -8 9 13 -10 27 29 14 -7 18 -17 -18 -12 20 -9 -21 -22 24 -20 26 -25 28 -11 -2
right_child=1 2 3 -5 -6 8 7 19 10 11 15 -13 -14 -15 -16 16 17 -19 23 21 22 -23 -24 25 -26 -27 -28 -29 -30 -31
leaf_value=-0.093363138914628607 -0.1036555870556039 -0.046818214695753424 -0.062088490098547534 -0.010925868270494047 0.039603159340734925 0.0038380796001637723 0.036502395180945328 0.024731768581108579 0.027142790194303597 -0.061781402877229885 0.014106301594867122 -0.11506467306642794 -0.017616103718131177 -0.087375001292417862 -0.11380279488112693 0.028054628238616892 -0.019147810981034168 -0.11121779716348322 -0.035861555934502257 0.033139134819557554 -0.0027200136709064973 0.0050398781482231658 -0.045121290908597504 -0.10130536804835139 -0.00021321703116356996 -0.0070160614796581124 0.018866472044252097 -0.053498045666314969 0.14109441820733834 0.084968245837776013
leaf_weight=30.576281042769551 136.57095510140061 62.040062673389912 254.00622588209808 1113.7914581904188 463.65805077925324 1043.6631777193397 1425.5097758751363 1179.0482816249132 1178.8376380875707 17.895901817828417 3966.6759045496583 135.0744942817837 818.74866977334023 74.293099144473672 38.643620505928993 498.96923293173313 158.69803673774004 242.83425575122237 826.67466791719198 1909.0137815326452 1067.8246343992651 2949.2125017475337 573.20568311214447 30.720345005393028 4146.6374767106026 2287.6175529528409 3044.5253381226212 152.83555100858212 27.028703168034554 12.670406147837637
leaf_count=251 660 210 1558 4250 1047 3310 3001 2541 3285 61 8648 652 2817 345 196 972 432 976 2607 3591 2392 6458 2022 116 10367 5905 6402 531 21 23
internal_value=0.00456283 0.00466319 -0.0070159 -0.0208087 0.0287206 0.00545458 0.0102551 0.0143813 0.00274193 -0.0197273 0.00479558 -0.0662021 -0.028302 -0.00590044 -0.000362272 0.00304612 -0.0189571 -0.0761784 0.00443356 0.0102323 5.69402e-05 0.0161599 -0.0177142 0.000707157 -0.00619883 0.00711112 0.0176087 -0.0288959 0.0493033 -0.082138
internal_weight=29867.5 29836.9 1893.5 1367.8 525.698 27943.4 10071.8 9103.81 17871.6 1489.43 16382.2 332.835 967.99 1156.6 1082.31 15203.4 900.502 401.532 14302.9 7678.3 2820.08 4858.23 1641.03 10336.2 4973.31 5362.86 3075.25 197.76 44.9246 149.241
internal_count=75647 75396 7065 5808 1257 68331 23505 20005 44826 5116 39710 1265 3500 3851 3506 36425 2380 1408 34045 17004 6955 10049 4414 25397 12974 12423 6518 613 82 683
cat_boundaries=0 8 15 16 17 25 33 41 42 50 58 59 67 75 83 84 92 100 108 109 116 123 124 125
cat_threshold=2684616709 2149842992 268435456 1074790402 1224777856 51118080 136381505 514 1109393408 1057920 1115684896 2181956608 2101856 536871424 33581568 81920 258184 545 2214854656 1420558336 1074814976 2357234688 36702464 8 33 3223326722 1644169218 2164294048 294914 262209 1073742336 1107836928 276 2684358658 1652558371 2147516544 2 303232 516 1074364480 272 3184 1825 2147811392 10487296 1073770497 8457216 144769408 8 1 536875008 2595 2147483648 0 32768 0 1073840128 256 129 302514176 3671064 33816616 2048 100663328 570949633 2122496 1152 1075838976 8448 0 2182087680 524352 1074003968 1 512 117776384 67633152 1141374976 17433600 2219315456 2148558872 4608 34 2 84476936 8390145 167837704 19400704 285212832 2151940096 134489728 1024 33562628 1057153 536870913 33686528 537920008 4119 362833 512 33554432 4718600 0 2147483648 37237248 25165849 33041 520 643 8 1280 24 262144 452984896 34078720 2192 268435456 269493504 25 2149844992 993002080 34078720 168036736 1 2
is_linear=0
shrinkage=0.1


Tree=36
num_leaves=31
num_cat=15
split_feature=8 7 7 3 0 7 1 6 5 7 10 10 3 5 8 0 7 7 7 8 8 8 7 0 1 9 6 8 3 7
split_gain=26.1946 120.601 55.3271 29.2987 55.4092 37.7669 28.052 30.393 26.278 148.64 29.4061 25.8392 25.7747 26.045 26.2887 24.4109 78.2493 63.4889 50.5187 44.4014 43.7822 43.6009 40.7419 38.1937 36.862 40.6323 38.3374 34.8624 34.249 33.7106
threshold=413.00000000000006 0 1 12.500000000000002 2 3 4 54.500000000000007 7.5000000000000009 5 4015.0000000000005 1550.0000000000002 4.5000000000000009 3.5000000000000004 395.00000000000006 6 7 8 9 483.00000000000006 481.00000000000006 485.00000000000006 10 11 12 13 59.250000000000007 505.00000000000006 17.500000000000004 14
decision_type=2 9 9 2 1 9 9 2 2 9 2 2 2 2 2 1 9 9 9 2 2 2 9 1 9 9 2 2 2 9
left_child=1 3 6 4 12 11 -3 -8 15 -10 -11 -6 -1 14 -14 16 -2 19 20 23 -18 -22 -21 -17 -24 26 -26 -23 29 -19
right_child=8 2 -4 -5 5 -7 7 -9 9 10 -12 -13 13 -15 -16 17 18 28 -20 22 21 27 24 -25 25 -27 -28 -29 -30 -31
leaf_value=0.12263421524737812 0.029960613409035948 0.05374693029968191 -0.11311732075180025 0.093780421917134649 -0.066010963207769099 -0.087723994787665405 -0.00756723867019713 -0.1325466262892776 0.089198239288483472 -0.11470781865954448 0.16608937333454299 0.1135136588051807 0.098466534896515426 0.15479005697513151 -0.07362443372610937 -0.0031545436773538827 -0.078243610754652138 0.02405601669981183 0.0063965320457009204 0.018721132987764396 0.11356608031214355 -0.10145422097328352 0.017516910055397444 -0.041392775584629865 0.031085862498363877 -0.092446473380682889 -0.21007760483407753 0.035041123035817093 -0.08084543475037137 0.0039303148829250741
leaf_weight=45.681116554886103 1490.5154437161982 33.440855421125889 123.76342702098191 58.177273273468018 12.701632499694822 56.827377773821354 59.577934408560395 28.894959107041359 57.514498174190521 109.67953429557383 3.8607909977436057 21.739463478326797 13.143172089010475 11.158354092389343 27.345437556505203 429.50901044160128 136.45440292172134 864.52392966859043 6781.1215321607888 560.6646128706634 28.397488556802273 36.751458186656237 115.24904862046242 698.00724465213716 60.756328545510769 115.49012839049101 7.3939449191093436 38.121965885162354 46.720721572637558 17733.444002337754
leaf_count=87 2831 73 1184 143 44 276 203 135 106 734 5 33 32 13 112 1430 725 2616 16544 1307 53 171 356 3146 188 563 34 102 191 42210
internal_value=0.0041008 -0.0187714 -0.0667909 0.0305052 0.0126039 -0.0418006 -0.0147517 -0.0434716 0.00448503 -0.0345953 -0.0966475 0.0366615 0.0615882 0.0195185 -0.0177613 0.00471441 0.00921819 0.00285058 0.00477825 -0.014099 -0.0394211 0.00805878 0.00295056 -0.0272216 -0.0263762 -0.0534046 0.0049209 -0.0319573 0.00466359 0.0048809
internal_weight=29806.6 492.451 245.677 246.774 188.597 91.2685 121.914 88.4729 29314.2 171.055 113.54 34.4411 97.3281 51.647 40.4886 29143.1 8511.36 20631.8 7020.85 1987.07 239.725 103.271 859.554 1127.52 298.889 183.64 68.1503 74.8734 18644.7 18598
internal_count=75647 2335 1595 740 597 353 411 338 73312 845 739 77 244 157 144 72467 20426 52041 17595 7024 1051 326 2448 4576 1141 785 222 273 45017 44826
cat_boundaries=0 7 14 15 22 23 30 31 38 45 53 60 61 62 63 71
cat_threshold=268435456 2214592920 1476657193 2238464 573571136 4202515 134217872 0 1024 256 0 268439592 264200 2049 582 0 2147483656 268435456 0 0 0 134217744 9220 536870912 1073741824 8913408 1048576 0 16779265 2097160 312 33554432 270532608 2181563401 1090912257 2156928256 16787728 1073758337 0 335544993 3532129418 1074012161 270537856 16777476 1073744000 0 33556736 16 1572864 1140850688 4194306 2359296 1025 0 67109024 276824072 1073750016 2101248 256 128 65 116064 4 201345408 33884160 83886080 36866 1073807360 671158786 2102272 661
is_linear=0
shrinkage=0.1


Tree=37
num_leaves=31
num_cat=25
split_feature=2 7 7 7 3 7 7 7 2 7 7 1 7 7 10 1 0 7 7 1 7 1 7 0 11 0 7 1 3 0
split_gain=24.6844 186.118 120.297 102.363 91.8701 153.37 79.7833 73.0379 73.0659 130.224 115.31 68.4289 132.379 68.0062 64.6608 62.7586 69.1655 61.1031 61.0258 63.6176 68.9861 60.7965 56.8128 55.2744 54.9195 68.5703 69.1332 53.8628 55.9063 52.554
threshold=3.5000000000000004 0 1 2 6.5000000000000009 3 4 5 6.5000000000000009 6 7 8 9 10 2150.0000000000005 11 12 13 14 15 16 17 18 19 20 21 22 23 12.500000000000002 24
decision_type=2 9 9 9 2 9 9 9 2 9 9 9 9 9 2 9 1 9 9 9 9 9 9 1 9 1 9 9 2 1
left_child=1 -1 -3 24 5 -5 -7 15 9 14 -10 12 23 -13 29 16 -6 -4 27 20 -20 22 -8 -11 -2 -26 -27 -12 -29 -9
right_child=3 2 17 4 7 6 21 8 10 11 18 13 -14 -15 -16 -17 -18 -19 19 -21 -22 -23 -24 -25 25 26 -28 28 -30 -31
leaf_value=-0.032100177120543652 -0.02667514516377922 0.033328665575987224 0.013505796504124951 0.05109550030730188 0.017233349096995299 0.02653803875258659 0.024039359811193175 -0.010689152022904493 0.028436474106318572 0.017138207787805802 -0.05410654668279205 0.030579054072550588 0.0021310550251379214 -0.0036998303489622361 -0.11694809720898003 0.028668274521836429 -0.073876241283193422 -0.0067798611238067512 0.023602481888915235 -0.033196304211903949 -0.031655830891066661 -0.0049350120162236048 -0.15439611178778931 -0.086066629953339191 -0.065059982893898458 0.037262742398544643 -0.032252107274263773 0.027865633441326022 -0.0010667830728646039 -0.047373798555499953
leaf_weight=1549.8985488954931 1392.5348214665428 1304.0748207625002 2250.1575674880296 1223.4335566572845 210.65970924682915 1049.1508915070444 28.884765148162842 1027.1117509752512 2068.8333699665964 66.093282826244831 118.09044832922518 1237.0944289620966 1430.1360424719751 1082.695451958105 80.392244329676032 1862.0452240593731 125.90144506655633 4318.6790298074484 621.25085731968284 884.87087082490325 342.09241872467101 1045.9727565366775 47.868264298886061 276.98714952543378 106.31106651667506 501.24377365782857 191.21630263328552 1250.9002309311181 1432.9235161989927 640.57010365277529
leaf_count=4980 4761 3321 4852 2171 555 1947 47 2654 4672 160 350 2651 3611 2789 290 4390 508 11624 1245 2645 1357 2780 236 1004 424 1125 803 2347 3395 1953
internal_value=0.00369018 -0.000541163 0.00570522 0.0056499 0.00811321 0.0229492 0.00682746 0.00470561 0.00175157 -0.00642728 0.0088644 0.00335492 -0.011399 0.0146332 -0.0291839 0.0214756 -0.0179973 0.000178966 9.54652e-05 -0.0139667 0.0038561 -0.0116631 -0.0922143 -0.0662623 -0.0147273 0.00617418 0.017881 0.0093879 0.0123722 -0.0251282
internal_weight=29768.1 9422.81 7872.91 20345.3 18154 3395.31 2171.88 14758.6 12560 5841.08 6718.96 4093.01 1773.22 2319.79 1748.07 2198.61 336.561 6568.84 4650.13 1848.21 963.343 1122.73 76.753 343.08 2191.31 798.771 692.46 2801.91 2683.82 1667.68
internal_count=75647 24777 19797 50870 43757 7181 5010 36576 31123 15112 16011 10215 4775 5440 4897 5453 1063 16476 11339 5247 2602 3063 283 1164 7113 2352 1928 6092 5742 4607
cat_boundaries=0 8 16 24 32 40 48 56 64 65 73 81 82 83 91 99 100 108 109 116 117 118 119 126 127 128
cat_threshold=268436482 67635224 285213712 1076125696 288096256 17302018 525328 513 3221299208 12584256 1073741952 33558529 2818573376 1212174336 1073774656 134 3758170120 1088423232 1073741952 33558529 2818573504 4215040 1073774656 128 0 2148008064 545521672 1074138112 369891584 524299 170721296 2 50594819 68165664 83919616 2166882304 1056800 2156208128 2568 1024 268439938 2072 2415920672 1073799170 20971520 587203076 21504 525 85983268 2685927458 746881280 16779264 335557121 1075841024 262400 16 85984292 639173121 151289872 17039360 335544321 2050 272400 1040 593460 0 100925568 2621440 393216 526344 0 648 1282 34079232 100933760 2621448 2360320 821288 786432 521 1312 50982 213 606601728 3491037184 35651841 18481152 1057417 10486016 896 256 33554944 2147745826 8913152 2148665344 2667040 1076633624 524680 32 577409 262144 8192 2097160 2098176 34603008 8388608 1 258 525057 2097184 8 2147483648 0 0 0 8192 2 10 257 536870920 1080034560 1073741824 33554432 134217792 0 1073741824 32801 790
is_linear=0
shrinkage=0.1


Tree=38
num_leaves=31
num_cat=22
split_feature=8 5 7 7 4 7 5 1 7 7 7 0 6 7 7 7 6 7 7 0 8 1 8 7 7 7 0 2 7 1
split_gain=23.7126 24.0336 63.3019 52.8364 45.4165 75.8392 50.4422 41.0223 141.664 56.7953 44.5375 53.5065 51.1534 55.4143 45.6412 42.3415 80.9753 45.2579 41.5379 44.998 39.5163 48.8234 39.0763 165.395 91.3135 80.0218 46.9587 43.2299 53.4431 43.0304
threshold=385.00000000000006 4.5000000000000009 0 1 2 3 5.5000000000000009 4 5 6 7 8 53.500000000000007 9 10 11 57.250000000000007 12 13 14 489.00000000000006 15 503.00000000000006 16 17 18 19 3.5000000000000004 20 21
decision_type=2 2 9 9 1 9 2 9 9 9 9 1 2 9 9 9 2 9 9 1 2 9 2 9 9 9 1 2 9 9
left_child=-1 7 4 -4 5 -3 -6 8 -2 -10 11 14 -12 -14 -11 16 -9 -18 19 -15 -8 -22 25 29 26 -5 -25 28 -28 -24
right_child=1 2 3 22 6 -7 20 15 9 10 12 -13 13 18 -16 -17 17 -19 -20 -21 21 -23 23 24 -26 -27 27 -29 -30 -31
leaf_value=-0.088211972249351178 0.045223986770281728 0.053964078736199309 -0.092038683453949541 0.0089903483146189563 0.05369319875744602 -0.067136386341022314 0.028824860683481359 -0.0045073913492230397 0.01945918190663979 0.018728691738581837 0.046226272261730303 0.022671614858277997 -0.00034637697198116034 0.0020988835017199648 -0.067247512453694425 0.0048413373730487449 0.026373710945538927 -0.11190316167332792 -0.1031390067378085 -0.080848812307683426 0.015121151113675742 -0.10604971070839089 0.077350031798494756 -0.072813059010961148 -0.058573035906466286 -0.024239026395723635 0.059541827814703824 0.054403311515731592 -0.10219196259880559 0.011790742161173373
leaf_weight=28.279635761864483 1055.3697493039072 75.644397746771574 63.5383022390306 1134.0992775736377 439.09532106295228 124.4224512130022 206.62047370709479 2867.7203113082796 1095.1734803579748 101.53024443984032 83.152950953692198 575.43091447651386 266.96134714782238 158.46568273380399 143.32589594274759 17692.533901135437 31.761833593249321 99.235150616616011 143.12594044581056 105.53060500323772 72.859585862606764 51.717302393168211 297.87634158506989 42.006309043616056 336.64718639850616 1987.1239575082436 28.697994448244572 209.4336111433804 37.355079166591167 170.5432683005929
leaf_count=251 1698 174 463 3259 858 504 530 9345 1976 195 176 1026 627 335 464 41285 68 428 680 327 209 251 478 159 1365 7376 61 464 173 442
internal_value=0.00331444 0.0034016 -0.00271765 -0.00791696 0.0202346 -0.0220072 0.0314686 0.00472413 0.0143669 0.0020592 -0.010067 0.00608307 -0.027413 -0.0369036 -0.0322612 0.00297835 -0.00799287 -0.0849053 -0.0594075 -0.0327994 0.00200375 -0.0424812 -0.00644408 0.0095414 -0.0229352 -0.012214 0.0154873 0.0310302 -0.0383806 0.0542264
internal_weight=29725.3 29697 5277.68 4307.32 970.36 200.067 770.293 24419.3 3728.07 2672.7 1577.52 820.287 757.237 674.084 244.856 20691.3 2998.72 130.997 407.122 263.996 331.197 124.577 4243.78 1122.56 654.14 3121.22 317.493 275.487 66.0531 468.42
internal_count=75647 75396 16766 14240 2526 678 1848 58630 7504 5806 3830 1685 2145 1969 659 51126 9841 496 1342 662 990 460 13777 3142 2222 10635 857 698 234 920
cat_boundaries=0 8 14 15 23 24 32 40 48 49 57 65 73 80 88 89 90 97 105 113 114 122 123
cat_threshold=1073742849 3145793 17564288 34619392 1107342728 35656200 16384 513 17302048 67108864 67108864 2147483648 0 8388610 2 1025 1048576 0 0 1073755144 0 0 512 221568 2181562628 37749376 2315256081 2147764226 536879616 8912896 33882880 260 70178 537395241 268435488 1073872896 1577064 553918493 1074266112 33 337903744 1074798608 1082130440 18875392 262144 3223324672 35008 512 77 671088640 0 294912 0 85985280 64 16400 1160 2359424 0 8388608 0 0 0 34944 512 4 37748769 2583691408 16416 536916616 35651588 33882376 293 4 0 0 0 8 0 256 2048 2147483648 0 34078720 2181038080 0 8193 2 71 230016 337969154 3762816050 2147516696 1073742848 2147745792 537133060 136577344 536870912 8192 8388641 403456 96 10257 34119816 138 2717908996 33562624 436207624 19398658 471337024 16777216 1107370008 180 97 0 0 1 0 0 10256 128 8 635136
is_linear=0
shrinkage=0.1


Tree=39
num_leaves=31
num_cat=24
split_feature=6 7 10 0 11 7 7 3 4 1 2 0 8 4 7 7 7 0 7 0 7 7 7 1 11 1 2 0 7 7
split_gain=22.5291 121.595 63.4265 62.363 78.5141 60.7829 60.0249 46.721 49.4658 32.7581 39.465 34.8934 34.9083 31.7731 186.516 131.938 93.6822 86.5445 71.3661 65.5164 148.2 108.057 60.4743 59.5724 56.263 51.5076 71.2916 51.9702 56.1265 51.3023
threshold=52.500000000000007 0 1250.0000000000002 1 2 3 4 17.500000000000004 5 6 7.5000000000000009 7 471.00000000000006 8 9 10 11 12 13 14 15 16 17 18 19 20 7.5000000000000009 21 22 23
decision_type=2 9 2 1 9 9 9 2 1 9 2 1 2 1 9 9 9 1 9 1 9 9 9 9 9 9 2 1 9 9
left_child=1 3 -3 -1 7 -2 9 8 -5 10 -4 -11 -13 15 17 25 -16 -15 23 20 -18 24 -23 -17 -21 26 -7 -27 -29 -25
right_child=5 2 6 4 -6 13 -8 -9 -10 11 -12 12 -14 14 16 18 19 -19 -20 21 -22 22 -24 29 -26 27 -28 28 -30 -31
leaf_value=0.097939516145545635 -0.035152364167236765 0.023073889226626537 0.02353133459692942 0.060188435192154999 0.076008140848033201 0.024350418131511224 -0.055076693362628305 0.18527894877163331 -0.071308108043325921 0.033756910585584075 0.21915598879293541 -0.017305709018181747 -0.15597794390089803 -0.016150057806650697 0.029512504324568412 0.056713045178286209 0.037042265978538241 -0.075081601170675638 0.0069943742056557167 0.065508685098991437 -0.0081338078594865998 -0.070285210001228809 -0.014872318908592773 0.040912516352689041 0.0047462666347027407 0.0019600925852144742 -0.10727791579522766 -0.070640749499864972 -0.022292229493056523 -0.010926649315038228
leaf_weight=197.35065259598196 416.06119924969971 429.08838646300137 26.675490226596594 38.156536251306534 142.19908064417541 443.7180246617645 322.060123257339 9.9475369825959188 114.30721532553434 92.614767840132117 16.811872579157352 68.767487470060587 24.663691285066307 607.6772683057934 1164.5608302988112 542.89471587724984 1286.3373281806707 436.01378994528204 13002.887358875945 152.42820541188121 1647.9474936313927 202.52584621682763 3155.5707779480144 343.59598390199244 2559.2687361445278 523.10023017786443 45.352800751104951 334.88504264689982 912.44295817241073 410.82974117714912
leaf_count=381 1908 1340 95 66 285 1051 1356 7 455 287 19 306 123 2125 3330 1259 2485 2037 28752 272 4346 1119 8153 898 6286 1390 181 1208 2728 1399
internal_value=0.00296897 0.0149839 -0.00570214 0.0544276 0.0240202 0.00233701 -0.0281906 -0.0232663 -0.038399 0.0114349 0.0806196 -0.00802416 -0.0486996 0.00291026 -0.00119929 0.00569452 0.00294894 -0.0412483 0.00924107 -0.000515645 0.0117291 -0.00644461 -0.018413 0.0315337 0.00838995 -0.0167182 0.0119008 -0.0246465 -0.0357315 0.0129094
internal_weight=29670.7 1482.64 980.682 501.961 304.61 28188.1 551.593 162.411 152.464 229.533 43.4874 186.046 93.4312 27772 11212.3 16559.7 10168.6 1043.69 14300.2 9004.08 2934.28 6069.79 3358.1 1297.32 2711.7 2259.5 489.071 1770.43 1247.33 754.426
internal_count=75647 4720 3526 1194 813 70927 2186 528 521 830 114 716 429 69019 30153 38866 25991 4162 32308 22661 6831 15830 9272 3556 6558 6558 1232 5326 3936 2297
cat_boundaries=0 8 9 10 18 24 25 26 27 28 36 43 51 52 60 61 69 77 85 86 87 88 89 96 104
cat_threshold=0 4194312 1677721600 33556480 268445760 2048 99840 32 334 2 0 0 872415234 32 268435456 2 0 32 0 67109888 0 262144 673710080 1048578 4 5124 410 4 604766212 10242 1073742848 295936 2214627584 1117798400 1208026120 129 18874369 75564560 36208816 528386 161751104 1312768 34086912 2166360577 75563536 2183692432 524290 25437184 2147746304 34095104 512 570 603996548 536870978 1073743360 294913 2147549440 1256276096 1207959560 129 297 0 2417493408 134217728 2166360064 1744834561 553656581 10321 10 1342185480 541065216 159645737 50337792 36176096 16779272 295424 1296 0 289 0 2147483648 134221825 4 2112 2 577620 8 147723 208 2097153 1552 33554432 524288 134217728 262144 524288 536887684 0 0 294912 2147483904 6307840 8 1
is_linear=0
shrinkage=0.1


Tree=40
num_leaves=31
num_cat=19
split_feature=5 1 7 7 1 7 7 7 7 0 7 2 8 7 8 7 7 7 0 3 4 10 8 8 3 7 7 2 7 8
split_gain=22.0033 76.6444 121.931 79.1157 72.3136 119.948 76.9334 70.5008 61.1143 56.7431 99.4989 54.1371 53.1193 50.6079 50.5714 154.691 67.3978 65.536 51.2762 70.6199 56.5188 49.1435 47.874 47.5045 46.3764 61.8392 47.7927 46.313 46.0397 45.8331
threshold=3.5000000000000004 0 1 2 3 4 5 6 7 8 9 3.5000000000000004 499.00000000000006 10 451.00000000000006 11 12 13 14 3.5000000000000004 15 1175.0000000000002 429.00000000000006 515.00000000000011 7.5000000000000009 16 17 5.5000000000000009 18 513.00000000000011
decision_type=2 9 9 9 9 9 9 9 9 1 9 2 2 9 2 9 9 9 1 2 1 2 2 2 2 9 9 2 9 2
left_child=1 2 -1 12 5 -2 -7 23 -6 10 11 -8 -4 -11 15 22 -16 18 19 20 -17 -20 -9 -3 26 27 -19 -26 -21 -10
right_child=4 7 3 -5 8 6 9 14 29 13 -12 -13 -14 -15 16 17 -18 24 21 28 -22 -23 -24 -25 25 -27 -28 -29 -30 -31
leaf_value=0.046818607062174541 -0.054420458697911692 -0.012454484646803056 -0.065880494249976343 0.01277710157601613 0.022104530761869433 0.037819047855324445 -0.081119409012796059 -0.014608206288037809 -0.0036134517723827712 0.018736452708771566 -0.087709072399827392 0.018112255889997861 0.025053498890159204 -0.018170938897265669 0.028133774163777998 0.11106949342500508 0.0045462396142496829 0.031970342089349381 -0.16790714636706106 0.036990317480546452 -0.16827164502777231 0.046917318502099778 -0.068287013735800733 -0.086328345221942146 -0.070474369850666907 -0.040034111728948739 -0.009702038408954344 0.033119040165899796 -0.10369656256229393 0.018507738305328966
leaf_weight=1028.0825486518443 583.29215925745666 1930.225318861194 232.42187002673745 2295.1839803252369 1513.1324207410216 360.4867851510644 69.545183701440692 267.34043923020363 5782.0567155731842 673.87904257886112 231.12817341741174 262.4856613278389 88.77599686384201 803.5690063200891 1431.9763334281743 47.918788865208626 7662.6356816701591 487.0166342984885 10.839884649962185 30.308703504502773 8.5328404009342176 603.95010950602591 438.94441304728389 91.157878939062357 52.012824222445488 594.59200946055353 611.28215101268142 253.43058088421822 75.425417829304934 1117.6640763841569
leaf_count=1635 2455 6715 754 4511 4026 917 289 1066 15046 1564 1039 702 168 2767 2914 108 16773 1140 57 95 47 1623 1643 328 170 2127 1683 538 393 2354
internal_value=0.00267303 0.00482668 0.0177775 0.00623125 -0.000774014 -0.0141204 -0.00414533 0.00158009 0.00397257 -0.0117069 -0.0384472 -0.00259408 -0.0395169 -0.00132431 0.00436913 -0.00587638 0.00829611 0.00481828 0.02927 -0.0202154 0.0688462 0.0424393 -0.047299 -0.0157082 -0.00478726 -0.0216397 0.00897942 0.0149878 -0.0696775 -3.00662e-05
internal_weight=29639.3 18242.1 3644.46 2616.38 11397.2 2984.39 2401.09 14597.6 8412.85 2040.61 563.159 332.031 321.198 1477.45 12576.2 3481.59 9094.61 2775.31 776.976 162.186 56.4516 614.79 706.285 2021.38 1998.33 900.035 1098.3 305.443 105.734 6899.72
internal_count=75647 44488 7068 5433 31159 9733 7278 37420 21426 6361 2030 991 922 4331 30377 10690 19687 7981 2323 643 155 1680 2709 7043 5658 2835 2823 708 488 17400
cat_boundaries=0 1 9 17 18 26 34 42 50 51 59 67 75 83 91 92 93 99 107 112
cat_threshold=448 35651872 1107306506 69206040 1108240384 2147489792 17039360 360576 32 269221888 1048720 0 1024 2097288 35127315 2048 257 192 67174400 1048579 872677401 2246656 2366900352 2147745792 33563664 32 2097792 100665488 33555488 1073750017 4203520 1048832 32768 17 544 42010633 33554608 1108133889 4208640 4 360976 48 514 545259523 168034433 2933760 203687936 2181038215 33554960 256 596 32 537395200 1208484096 33554432 34079232 16844818 262784 770 1376256000 3758358792 1073741824 787456 268960288 1073750017 68352 266 1073741828 1678516352 1073742080 2147484672 75497985 18096146 33556616 513 857092 786576 536936448 1024 65673 164643346 1073748096 3 86269953 2147483650 335544321 2101248 2164262336 34078720 134743040 8 152 2 33554432 272 136839168 16916480 786464 2048 268435456 4195328 536936448 0 975175680 3225419785 8192 256 0 0 67108864 0 2147484736
is_linear=0
shrinkage=0.1


Tree=41
num_leaves=31
num_cat=23
split_feature=5 7 7 2 3 7 7 2 7 7 7 7 1 1 0 7 0 8 7 9 7 7 7 1 8 7 0 7 8 7
split_gain=20.4545 105.213 34.123 20.7806 20.3256 134.272 104.781 116.195 121.45 81.994 73.8972 69.0408 63.913 62.7832 60.1865 73.0433 54.0842 57.31 70.637 53.1017 179.744 137.761 80.5152 58.4637 66.1878 53.9699 62.6908 52.6327 56.7924 52.4585
threshold=7.5000000000000009 0 1 4.5000000000000009 8.5000000000000018 2 3 5.5000000000000009 4 5 6 7 8 9 10 11 12 519.00000000000011 13 14 15 16 17 18 439.00000000000006 19 20 21 445.00000000000006 22
decision_type=2 9 9 2 2 9 9 2 9 9 9 9 9 9 1 9 1 2 9 9 9 9 9 9 2 9 1 9 2 9
left_child=4 3 -3 -2 6 -6 14 10 -9 -7 13 12 -10 -8 15 -1 27 -18 -19 21 -21 -12 -23 24 -24 26 -22 28 -15 -16
right_child=1 2 -4 -5 5 9 7 8 11 -11 19 -13 -14 16 29 -17 17 18 -20 20 25 22 23 -25 -26 -27 -28 -29 -30 -31
leaf_value=-0.0043993297994692829 0.0062550073039385661 0.0044624344059942594 -0.11145256165350725 0.16559158410148633 -0.0262065624649668 0.029123772097668726 -0.030255448953593514 0.058859173407613478 0.04081912970615148 0.0006390715512371428 -0.032347697349958231 0.018488007188618667 -0.087557288004275535 -0.17435981050861116 -0.065436167230083275 -0.09818336718464217 0.0085894732009879748 0.035329859248527738 -0.11778972534085924 0.029663850839199049 0.033632447141676049 0.041747044710931075 -0.092948058288385413 0.020630319831238961 -0.00028582579900378129 -0.023705086991281921 -0.01195334048425159 -0.071663802684429997 0.023827684202808112 -0.001325284641667682
leaf_weight=157.39526339620352 11.463193111121653 42.758245036005974 83.94282119255513 28.623123779892921 1735.4924731478095 1126.7199210068211 962.02395453862846 811.64118257910013 51.918197829276323 9123.6052302699536 543.21013903059065 1296.5956474849954 116.56180668249726 15.960333233699201 135.8504030238837 186.19421051628888 2223.3957699947059 46.573751278221607 69.54213161021471 1441.9492767043412 429.64254917576909 1290.5631936201826 84.273224895820022 2470.1089191753417 903.79068850167096 1865.8566244971007 951.89416010119021 188.3730558231473 153.70801681652665 1038.8223628029227
leaf_count=566 34 93 681 40 5718 3193 2527 1281 116 22537 1951 2611 468 80 763 944 5040 70 262 3606 863 2902 313 5132 2040 5033 2557 597 290 3339
internal_value=0.00240476 -0.0325162 -0.0748695 0.0960632 0.00260272 -0.0005674 0.00478194 0.00717688 0.0280946 0.00379545 0.00369089 0.0105773 -0.0479267 -0.00845281 -0.0202408 -0.0565612 -0.00059434 0.00499138 -0.0634754 0.00814361 0.000403355 0.0150179 0.0204611 0.0124198 -0.00810706 -0.0126417 0.00236315 -0.0362364 0.00489605 -0.00922945
internal_weight=29588.4 166.787 126.701 40.0863 29421.7 11985.8 17435.8 15917.6 2276.72 10250.3 13640.9 1465.08 168.48 3659.58 1518.26 343.589 2697.55 2339.51 116.116 9981.29 4689.34 5291.95 4748.74 3458.17 988.064 3247.39 1381.54 358.041 169.668 1174.67
internal_count=75647 848 774 74 74799 31448 43351 37739 4476 25730 33263 3195 584 8866 5612 1510 6339 5372 332 24397 12059 12338 10387 7485 2353 8453 3420 967 370 4102
cat_boundaries=0 7 14 22 30 38 46 54 61 62 63 64 71 72 77 78 86 94 102 103 111 112 119 127
cat_threshold=0 1073741824 8912896 1048576 0 16779265 8 536870912 544 2147484160 0 0 2097152 2097152 8705 8389026 537723137 4096 738469056 1077938177 136348160 128 4102 264209 369131568 3222331394 2428502016 1573376 1074024448 16 18874624 537403520 2299265025 16777216 67643392 1627392001 100865 1288 67113094 264209 302023168 3221282818 2160099329 1573376 1073762304 16 824706080 1677729800 2292776960 262144 1074266145 555745288 74241 8 2148270080 3258974208 0 33554432 538972168 262146 134217744 542216 681525 26 4 0 67141632 24576 276824064 1572864 16384 520 2621440 1073741824 2155872256 262144 32 4 1074069504 12648834 536872320 33555457 119539712 1078018050 134743048 514 1073807360 4194688 1610612736 1024 85985280 2 134743048 514 8193 3146752 262144 528384 671093448 2290102277 2097216 1056 100178 100663816 268435456 1073741832 2232320 537142592 2181300496 33587344 256 808 538968064 536870912 0 262144 524320 0 66049 4102 2048 32768 40960 12582912 1049088 20480 16
is_linear=0
shrinkage=0.1


Tree=42
num_leaves=31
num_cat=22
split_feature=10 7 7 7 7 7 8 12 7 1 8 7 8 8 7 7 0 11 7 7 2 7 0 7 1 0 7 6 3 0
split_gain=20.7193 174.179 112.087 106.48 55.9293 53.0315 47.4829 47.0889 48.2802 44.7163 66.9809 56.5763 47.6892 52.0004 43.2026 42.0212 46.5065 39.9024 282.85 87.2989 79.5045 63.9189 69.3133 45.9648 52.5851 60.9586 58.9413 53.7238 56.3067 54.7242
threshold=1350.0000000000002 0 1 2 3 4 411.00000000000006 5 6 7 499.00000000000006 8 469.00000000000006 487.00000000000006 9 10 11 12 13 14 6.5000000000000009 15 16 17 18 19 20 53.500000000000007 10.500000000000002 21
decision_type=2 9 9 9 9 9 2 1 9 9 2 9 2 2 9 9 1 9 9 9 2 9 1 9 9 1 9 2 2 1
left_child=1 6 7 9 -4 -6 -1 -3 -9 10 -2 12 -11 -14 -12 16 -5 18 -17 20 -20 22 -21 24 26 -26 -19 -28 29 -29
right_child=3 2 4 15 5 -7 -8 8 -10 11 14 -13 13 -15 -16 17 -18 23 19 21 -22 -23 -24 -25 25 -27 27 28 -30 -31
leaf_value=-0.1276995142801379 -0.071208740947590166 0.022475579690873326 -0.0014542060538649563 0.0025068634802155087 -0.013915782700887669 -0.056630921788633409 0.042604519634282419 0.035499641553899286 -0.054775429707407099 -0.13032501954711934 0.080212035462501247 -0.0056388058350086579 0.030235667832798782 -0.10341242851866911 -0.030059526709031194 0.076390691106633685 0.031046929202102714 -0.062170840409405397 0.050602134900000498 -0.11535140070797748 -0.15481997821013538 -0.14441203330497052 0.023845313333959582 0.0039190055699441168 0.011297448813622615 -0.013128060060541936 0.028824507455073579 0.0154091604499358 -0.06527290183630427 -0.031975061512387208
leaf_weight=16.586405720561743 348.32648229971528 1913.9382115509361 2088.7099672276527 1254.3230413366109 949.67335885390639 424.08509382233024 1263.3106697537005 84.033819552510977 160.51049909740686 71.385985128581524 46.514987610280514 1465.2844511121511 68.060686701908708 50.873526578769088 87.200843990780413 440.02625867910683 1051.1516925506294 287.87857821770012 126.34686058014631 48.745001129806042 22.142586074769497 87.847596276551485 87.962629586458206 11572.496607658453 2068.2406513784081 1999.9984252061695 252.74780045449734 430.44469765946269 239.66823729500175 541.19411311484873
leaf_count=145 1493 4022 5532 3988 2545 2160 3009 171 479 604 89 4654 234 280 309 681 2575 1040 226 180 87 451 165 26874 4914 5213 517 896 709 1405
internal_value=0.00215206 0.00694921 -0.000665819 0.000690427 -0.0118041 -0.0274161 0.0400843 0.0171733 -0.0235779 -0.0204958 -0.0471352 -0.0125032 -0.0624324 -0.0269317 0.0120507 0.002907 0.0155972 0.0012923 0.0228077 -0.0407405 0.0187098 -0.0791743 -0.0302668 0.000273972 -0.00696789 -0.000713191 -0.0214057 -0.0130226 -0.0218619 -0.0111539
internal_weight=29549.7 6900.85 5620.95 22648.9 3462.47 1373.76 1279.9 2158.48 244.544 2137.65 482.042 1655.6 190.32 118.934 133.716 20511.2 2305.47 18205.7 813.071 373.045 148.489 224.555 136.708 17392.7 5820.17 4068.24 1751.93 1464.05 1211.31 971.639
internal_count=75647 18063 14909 57584 10237 4705 3154 4672 650 7663 1891 5772 1118 514 398 49921 6563 43358 1790 1109 313 796 345 41568 14694 10127 4567 3527 3010 2301
cat_boundaries=0 8 16 24 32 40 41 49 50 58 65 73 74 75 83 91 98 99 107 108 109 117 118
cat_threshold=1141375136 536936448 740294656 2641920 536945280 21578256 134283264 50 268500996 274210944 269222296 0 118491392 2099464 264449 1032 1074266112 805371904 1008730240 2641920 553656960 21578496 134217728 50 33554433 3288335386 65537 50503680 402653256 33816583 42632 1 16781312 33818881 8388608 1073744896 786464 1073750016 33554448 256 6 0 1056768 256 0 2048 2048 264192 1024 1890 1073741824 268500992 69206144 20480 0 16793600 0 48 1073741824 268435456 134217728 0 0 524288 134217728 290568 262400 1107297280 3221618688 14685185 3364880512 34078720 512 646 8 2415919104 2219835392 262401 51380226 504365096 2057 1552 1289 0 1073750016 2164293664 0 559360 8208 88385 128 67108864 1033 8 3072 0 2359296 303104 905 2415919108 72359936 17039369 1048578 504365320 2072 332864 1289 594021 310 268435456 8192 262144 1048578 134217736 0 1024 1 339
is_linear=0
shrinkage=0.1


Tree=43
num_leaves=31
num_cat=23
split_feature=2 7 7 7 0 7 7 1 1 12 2 3 1 3 7 1 0 3 7 1 7 7 7 1 0 7 10 7 8 1
split_gain=20.0002 140.16 94.984 65.1502 61.6446 99.7015 57.2532 55.8236 50.0474 46.2769 49.837 45.983 49.0145 44.7671 42.2347 54.8549 61.5522 46.2131 188.409 97.9276 119.046 87.4415 72.2584 61.9174 72.4143 50.1292 49.3117 60.1883 51.8218 45.1702
threshold=6.5000000000000009 0 1 2 3 4 5 6 7 8 3.5000000000000004 2.5000000000000004 9 7.5000000000000009 10 11 12 7.5000000000000009 13 14 15 16 17 18 19 20 1750.0000000000002 21 499.00000000000006 22
decision_type=2 9 9 9 1 9 9 9 9 1 2 2 9 2 9 9 1 2 9 9 9 9 9 9 1 9 2 9 2 9
left_child=3 -2 -3 4 6 7 -1 -6 9 -8 -11 -7 -13 -9 15 16 -5 22 23 20 -20 -21 -16 25 -25 -19 29 28 -28 -26
right_child=1 2 -4 14 5 11 8 13 -10 10 -12 12 -14 -15 17 -17 -18 18 19 21 -22 -23 -24 24 26 -27 27 -29 -30 -31
leaf_value=0.012797411204665588 -0.024513059760589425 0.034533471242046164 0.0057200905833678572 0.079086854789151298 -0.075314154855154442 -0.16431017456762703 0.096221788800268007 0.031609818591268671 -0.064098763248043353 0.034279422594100058 -0.087234709699938032 -0.013019186968882235 -0.0984542586502207 -0.051445796112424946 -0.012427702539454541 0.028347706542417053 -0.065001148871465381 0.067935768524289411 0.027557015083444859 0.026852564274548657 -0.10567632204152007 -0.0053275250849911691 0.0075134852820945138 -0.01898359234102124 -0.028544762852750323 -0.027232630053168963 -0.015499207495149875 -0.15979079318315625 -0.24078640636606352 -0.10269832061515692
leaf_weight=802.15119637735188 1279.0022491952404 1406.4421250913292 6023.1323431134224 29.856236074119806 82.990492092445493 54.6669906321913 34.880191400647163 272.10425288043916 220.79020096547902 73.504566436633468 62.40894556697458 130.41332164593041 164.53229091502726 85.221598994918168 2191.5854369644076 1049.5827136039734 125.02222674898803 80.703601071611047 109.4571666829288 1516.5476573314518 160.11039493605494 1887.5276422481984 10422.885603453033 487.8176939971745 299.26680994406343 133.47886433266103 85.359101355075836 110.27055956423283 11.597583521157501 120.74200260452926
leaf_count=1852 4160 3191 14480 70 346 268 79 674 967 248 304 391 706 310 6593 3272 600 160 237 3214 579 4980 23983 1372 930 386 222 537 53 483
internal_value=0.00192767 0.0059513 0.0112136 0.000243494 -0.0169469 -0.038479 -0.00249724 -0.00618815 -0.0333665 0.00771 -0.0200429 -0.0778445 -0.0644577 0.0114799 0.00206313 0.0201013 -0.034113 0.000819197 -0.00731307 0.00439723 -0.0525267 0.00904567 0.00404509 -0.0394137 -0.0489212 0.0100575 -0.0715411 -0.112599 -0.0384786 -0.0529868
internal_weight=29514.1 8708.58 7429.57 20805.5 1983.66 789.929 1193.74 440.316 391.584 170.794 135.914 349.613 294.946 357.326 18821.8 1204.46 154.878 17617.4 5002.88 3673.64 269.568 3404.08 12614.5 1329.24 1115.05 214.182 627.236 207.227 96.9567 420.009
internal_count=75647 21831 17671 53816 6145 2695 3450 1330 1598 631 552 1365 1097 984 47671 3942 670 43729 13153 9010 816 8194 30576 4143 3597 546 2225 812 275 1413
cat_boundaries=0 8 16 24 25 32 40 41 42 43 44 52 53 54 62 63 70 78 86 87 88 96 103 104
cat_threshold=2147745792 4203656 570490881 33558530 159386056 2156920833 1241513984 3 1157633062 538511872 3355705376 1073741824 339738625 536873472 24576 20 1090524198 537987616 3221259296 1073758208 272629761 536871682 28672 20 285 1073745956 1114144 3221259296 0 1 2 4096 0 537920000 0 1073758208 268435456 536871168 24576 20 569728 4442 2 115544 18697 270540800 570490880 4099 25233800 142676096 1109393472 513 41991 592 604045824 2181562626 134480128 17303552 738472448 2151680000 265480 1056 1328 0 4194304 8388616 2147483648 1572864 1091051520 590352 302776320 67371160 338165760 2139136 3254779904 18350093 134217729 8 268959744 67371161 489161232 303104 2149580800 18350084 524288 1032 132480 124 0 33554432 0 526336 4096 0 264 1024 67108864 33554432 0 16779264 671350784 0 1024 2664
is_linear=0
shrinkage=0.1


Tree=44
num_leaves=31
num_cat=24
split_feature=2 7 7 3 7 7 7 0 7 7 1 7 8 1 7 1 7 2 7 7 1 7 1 7 7 10 7 7 0 10
split_gain=20.9193 137.008 87.9836 73.3604 166.488 89.1894 75.7238 58.6151 74.8017 63.274 59.3157 67.7687 55.3383 53.3315 174.05 52.8605 52.0078 59.3138 96.012 78.3739 60.668 100.648 58.6684 139.267 51.2083 49.8713 63.2021 49.5108 48.6781 46.0702
threshold=3.5000000000000004 0 1 6.5000000000000009 2 3 4 5 6 7 8 9 431.00000000000006 10 11 12 13 6.5000000000000009 14 15 16 17 18 19 20 1550.0000000000002 21 22 23 2150.0000000000005
decision_type=2 9 9 2 9 9 9 1 9 9 9 9 2 9 9 9 9 2 9 9 9 9 9 9 9 2 9 9 1 2
left_child=1 -1 -3 4 15 -5 -6 8 -4 12 -10 -12 -9 14 -11 -2 -7 18 29 -19 21 -20 23 28 -22 -17 -27 -15 -21 -18
right_child=3 2 7 5 6 16 -8 9 10 13 11 -13 -14 27 -16 25 17 19 20 22 24 -23 -24 -25 -26 26 -28 -29 -30 -31
leaf_value=-0.031363669458332757 0.0072576777240138494 0.02620991604721622 0.076116787013087162 -0.021580909203404872 0.050454115488545781 0.017122177516091231 0.015697021123172391 -0.070581629801466081 0.060180956370739058 0.010376779066477082 0.064259070887915937 -0.075181837945957966 0.014774396064826856 -0.023143034972017626 -0.077927061346897711 -0.13260668452459651 -0.023359893208464221 0.024813355707156298 0.013109983212057981 0.044265502593998494 0.02301243550964931 -0.068763608444314464 0.0068168005556138991 -0.051502564938025713 -0.0022501838056790736 -0.0018832183301888041 -0.090332809364454023 0.0026388436022950642 -0.010734168506743122 -0.10160504677284232
leaf_weight=1363.4324233969674 245.1020867601037 1329.7239171378314 204.03876614198089 1614.8992587132379 889.66787950694561 2234.4710170784965 2182.6714875604957 79.366123616695404 81.601991966366768 456.05636898055673 40.109596254304051 123.68734199181199 1767.3234089007601 1070.3735139276832 428.65327015332878 65.646814052015543 1600.5017524240538 1795.5970820784569 296.87734468653798 290.67933047190309 1205.6303500495851 293.11656158883125 3686.8875743951648 620.00766189210117 2361.2554711382836 212.92355360090733 125.19169405288994 2397.425233785063 342.9773364327848 78.962225781753659
leaf_count=4678 618 3408 307 5616 1681 5624 4736 326 157 1025 67 425 3942 2937 1487 267 4525 4277 663 528 3049 985 8680 1873 5693 479 483 6018 816 277
internal_value=0.00171946 -0.00219185 0.00282913 0.00353341 0.016211 0.000660656 0.0258928 -0.00187936 0.0325915 -0.00442694 -0.00516121 -0.0393037 0.0110462 -0.0110022 -0.0328004 -0.0295749 0.00309888 0.000594936 -0.00678368 0.00698881 0.0013964 -0.028034 0.000459492 -0.0181426 0.00632921 -0.0515689 -0.0373602 -0.00536267 0.0147917 -0.0268786
internal_weight=29484.9 9341.79 7978.36 20143.1 3721.2 16421.9 3072.34 6648.64 449.438 6199.2 245.399 163.797 1846.69 4352.51 884.71 648.864 14807 12572.5 5836.34 6736.15 4156.88 589.994 4940.55 1253.66 3566.89 403.762 338.115 3467.8 633.657 1679.46
internal_count=75647 24777 20099 50870 8264 42606 6417 16691 956 15735 649 492 4268 11467 2512 1847 36990 31366 15192 16174 10390 1648 11897 3217 8742 1229 962 8955 1344 4802
cat_boundaries=0 8 16 24 32 39 40 48 56 57 65 66 74 75 83 91 99 100 107 108 116 124 132 140 141
cat_threshold=2 67635248 285213712 1076125696 288096256 50856450 525328 1537 3221299208 12846400 1073741952 33558529 2818573376 1212174336 1073774656 134 3223388160 1644429322 1342177312 2 0 1663043588 1073791425 424 536944649 281019648 536871040 34082817 671102400 12603393 2097216 2 16777216 2148008320 545521664 3221621760 335810944 524290 170721296 256 0 8200 75759616 16779264 136 3145728 2049 32 606601216 3254845954 36176129 1703936 1083189761 8388608 2098048 272 33684 0 268435456 134217760 2 0 536873220 0 8 147568 548 537919617 201359400 16780288 32 2048 167772168 8 123018 268702082 2072 2415920688 1073799170 4194304 50332162 21504 525 1159725092 2786590754 1283719424 16779264 335544833 538970368 262144 16 1159726116 639173123 1208254464 0 335544321 536873216 272384 1040 67124 524288 0 33554432 2149581824 35129384 1073741824 34119697 196715 2147483648 262176 92274952 2165703680 2150105600 1075060752 99200 32 2181562880 270464 2162688 0 3248785416 2149318672 1207959561 288 0 1073741832 268435456 2 0 1073743876 193 136 1572 137 75530280 3072 0 3147776 167774208 8 872
is_linear=0
shrinkage=0.1


Tree=45
num_leaves=31
num_cat=17
split_feature=10 7 7 2 4 8 7 3 8 3 8 7 8 5 7 6 3 3 7 9 7 7 7 2 7 7 7 1 7 1
split_gain=19.4673 186.401 65.192 36.5828 64.5625 39.1384 34.4719 34.4143 31.5359 30.5273 58.9853 37.1921 27.6253 26.3999 80.5476 24.0228 23.8059 23.764 119.434 80.1108 154.402 120.217 76.278 81.0442 124.904 83.8968 76.0895 64.0586 66.6548 63.6024
threshold=1075.0000000000002 0 1 5.5000000000000009 2 459.00000000000006 3 12.500000000000002 485.00000000000006 13.500000000000002 495.00000000000006 4 469.00000000000006 7.5000000000000009 5 60.250000000000007 6.5000000000000009 8.5000000000000018 6 7 8 9 10 4.5000000000000009 11 12 13 14 15 16
decision_type=2 9 9 2 1 2 9 2 2 2 2 9 2 2 9 2 2 2 9 9 9 9 9 2 9 9 9 9 9 9
left_child=1 3 9 4 5 -1 8 -8 -4 10 11 -3 -9 17 -15 -16 -6 22 -19 21 27 -20 -2 25 -25 -24 29 28 -21 -26
right_child=13 2 6 -5 16 -7 7 12 -10 -11 -12 -13 -14 14 15 -17 -18 18 19 20 -22 -23 23 24 26 -27 -28 -29 -30 -31
leaf_value=0.040064429193466783 -0.020913890899883908 0.03914708268493107 0.013370433170807628 0.087718689472187431 0.077063619325319146 -0.14172494638031738 -0.14109401516803918 -0.15994406280176113 -0.19967676058404263 0.1193716560930741 0.092071655408253295 -0.082426760999467774 0.068502170572106724 0.071006436603135978 -0.10556866476300267 0.027868229536023338 -0.071319536858257676 -0.025190110458552795 0.03461604378779453 0.036259730680521948 0.0057771344133969935 0.0010656937480054086 -0.014021897450286331 0.047967762045971057 -0.084804959746884373 0.0060076209173528699 0.012896737323827151 -0.045027883881541581 -0.045539856716132171 0.0050680391232729403
leaf_weight=19.703344617038965 1159.1640014965087 32.706573277711868 59.446426726877689 242.74512702971697 124.76885328069329 29.687328144907951 99.632083579897881 7.9267752300947931 7.8674115091562262 22.392751142382622 43.020922638475895 69.038891341537237 15.93419308029115 41.840384364128113 97.842767503112555 15.649869140237568 11.838122069835661 1872.9868620485067 1497.1375162675977 228.96638352796435 3029.3427695203573 3679.9923697831109 2712.3800609670579 1014.8850143998861 146.60066898539662 9012.2100577903911 2693.2872689766809 1143.093905525282 160.87063523940742 164.11674718558788
leaf_count=40 4897 62 140 357 205 117 513 50 36 30 63 258 35 76 723 37 46 6396 3373 451 7374 9107 7088 1768 516 21821 5715 3463 504 386
internal_value=0.00154839 0.0170675 -0.0359243 0.0607329 0.028779 -0.069204 -0.074748 -0.106626 -0.0100385 0.0101095 -0.00609309 -0.0476 -0.00738921 0.00112255 -0.0399915 -0.08011 0.064205 0.00134651 -0.00213637 0.00232058 -0.00733828 0.0108368 0.00373931 0.00556423 0.0178226 0.00136713 0.00745371 -0.0330786 0.00220948 -0.0386573
internal_weight=29457.1 786.709 357.966 428.743 185.998 49.3907 190.807 123.493 67.3138 167.159 144.766 101.745 23.861 28670.4 155.333 113.493 136.607 28515 11612.4 9739.4 4562.27 5177.13 16902.6 15743.5 4018.89 11724.6 3004 1532.93 389.837 310.717
internal_count=75647 1952 1187 765 408 157 774 598 176 413 383 320 85 73695 836 760 251 72859 30668 24272 11792 12480 42191 37294 8385 28909 6617 4418 955 902
cat_boundaries=0 8 16 17 24 31 38 46 47 55 63 71 79 87 95 96 104 105
cat_threshold=1073741824 537396224 1006895104 33562624 723518088 1090783249 67592 258 33554432 1073741832 256 17041408 268435520 34078720 134226577 32 4 0 67108880 0 0 1572864 65536 34048 0 0 256 262144 0 0 528 0 1073741824 8913408 1048576 0 2049 2097152 513 418 671940865 4096 690225344 1073743873 136348168 160 2 1342242816 1079510016 1140850704 2200184832 2181046312 1581060 526352 1024 1342246914 264192 102761488 3221530624 2160066592 1573376 790544 1048 528390 264192 503350288 2148835330 2160066560 35127808 1074024448 17 16777504 1581208 2164785152 1073741824 1076111424 1627389975 134808192 1024 16777248 67641872 2173239296 1073741824 1342709792 553648154 2687632 1288 3825270784 3221226529 32 0 553648128 8388608 33555520 2 57364 65536 1572864 1073741824 2097152 33554472 4 524304 1024 207312
is_linear=0
shrinkage=0.1


Tree=46
num_leaves=31
num_cat=21
split_feature=6 7 1 7 0 11 10 7 3 4 2 9 6 10 8 4 7 7 7 0 7 2 1 7 0 7 7 1 7 10
split_gain=18.8635 97.2376 53.034 45.6805 44.8061 62.0202 40.8505 40.9447 35.5852 39.5916 28.2286 27.2172 38.9621 26.629 34.6654 26.3534 145.608 90.1413 74.133 60.2695 57.1626 58.3366 62.1157 52.8566 51.1046 122.193 85.1989 54.2033 76.2861 77.0842
threshold=52.500000000000007 0 1 2 3 4 1250.0000000000002 5 17.500000000000004 6 1.5000000000000002 7 51.750000000000007 1650.0000000000002 449.00000000000006 8 9 10 11 12 13 5.5000000000000009 14 15 16 17 18 19 20 1550.0000000000002
decision_type=2 9 9 9 1 9 2 9 2 1 2 9 2 2 2 1 9 9 9 1 9 2 9 9 1 9 9 9 9 2
left_child=1 4 -3 -2 -1 8 -4 10 9 -6 -8 12 -7 14 -11 17 19 -5 -18 -17 21 22 23 -19 25 -20 -26 28 -28 -30
right_child=3 2 6 15 5 11 7 -9 -10 13 -12 -13 -14 -15 -16 16 18 20 24 -21 -22 -23 -24 -25 26 -27 27 -29 29 -31
leaf_value=0.084393623358038586 -0.020391177531580713 -0.11862029330571539 0.0219385721780978 -0.013551171359593498 0.053746891789157737 -0.17387129152827002 -0.14302502132579728 -0.044657083910572895 0.16099177166889422 -0.10939601470999183 0.01931651062920851 0.10420837340658301 0.054698882865847925 -0.13071492856649203 0.031061975072396188 -0.016586981527224876 0.023195015482898918 0.038724631567570077 0.030079232508927512 -0.067295849745969416 0.012190728202837771 0.010630855242646123 -0.024238759430978286 -0.0074834170789851969 0.0056330326526107255 -0.011623885755974653 0.017115189434238381 -0.029513632977907506 -0.08751749413740012 -0.0030584040087992606
leaf_weight=198.96973163634539 970.56457335967571 30.276821166276932 417.01513393688947 2432.6483682207763 37.849050220102072 9.1554325949400646 11.247156787663696 285.20458070281893 9.9190283939242345 30.490814495831728 224.68616804294288 92.82731182128191 40.216680746525526 39.409548509865999 41.469073394313455 564.51975359302014 1343.3838840220124 342.49869707599282 1385.2800573911518 420.29152942541987 8700.9367079809308 2251.9976133108139 1541.4256182610989 825.65226693451405 2684.4288391135633 1409.1249285126105 760.35519966110587 1849.5918235788122 172.81610323488712 288.39607108291239
leaf_count=381 3870 199 1281 6970 66 46 76 1169 7 159 801 140 99 190 106 1951 3801 625 2728 1980 19899 4630 3811 1870 6362 3772 1594 5460 756 848
internal_value=0.00139227 0.0124385 -0.00621443 0.000811673 0.0477151 0.0215638 -0.00137397 -0.0200551 -0.0210937 -0.0346111 0.0111068 0.0675517 0.0123134 -0.0646396 -0.0284528 0.00158157 -0.00221991 0.00415186 0.00144777 -0.0386871 0.0073085 -0.00126059 -0.0111485 0.00627835 -0.00199229 0.00908328 -0.00737604 -0.0187283 -0.00229114 -0.0339687
internal_weight=29412.6 1468.74 968.43 27943.9 500.307 301.337 938.153 521.138 159.138 149.218 235.933 142.199 49.3721 111.369 71.9599 26973.3 10878.2 16095.2 9893.38 984.811 13662.5 4961.57 2709.58 1168.15 8549.99 2794.4 5755.59 3071.16 1221.57 461.212
internal_count=75647 4720 3526 70927 1194 813 3327 2046 528 521 877 285 145 455 265 67057 29252 37805 25321 3931 30835 10936 6306 2495 21520 6500 15020 8658 3198 1604
cat_boundaries=0 8 9 17 18 19 25 26 27 28 36 43 51 52 60 61 69 70 78 86 87 95
cat_threshold=0 4194312 1677721600 33556480 268445760 2048 99840 32 25344 0 8388608 872415234 0 402661376 1050626 1024 32 334 2 0 67109888 65536 262144 673710080 1048578 4 4 4 604766244 10242 1073742848 295936 2214627584 1117798400 1208025096 129 18874881 71370256 44564496 528386 564396096 2147746560 34086976 2166360577 67174928 44597392 524290 25429056 2147746304 34095104 512 570 2415919104 268435456 2147844136 52430848 34079744 553648140 377361 782 128280 2147483648 0 0 33554432 33554432 536870912 327696 774 297 0 2149057953 2281701376 2166360064 1610616833 553656597 10321 10 1342251016 541065216 151257129 50337792 36176544 16777224 295680 1296 21659 5120 1108608000 256 2244608 1048584 0 8321 10
is_linear=0
shrinkage=0.1


Tree=47
num_leaves=31
num_cat=17
split_feature=5 7 1 7 7 7 7 0 7 7 8 7 7 8 3 3 3 12 7 8 8 8 8 7 0 1 2 0 3 8
split_gain=18.7358 52.4409 43.1279 149.211 126.387 75.668 67.6724 70.5227 102.148 92.9036 64.0204 48.1102 47.4319 42.7312 42.2099 50.1869 38.4574 36.5536 35.9453 40.7089 39.9391 35.7948 36.0062 36.6236 43.9275 32.7828 29.3181 29.251 45.1961 28.544
threshold=4.5000000000000009 0 1 2 3 4 5 6 7 8 457.00000000000006 9 10 507.00000000000006 2.5000000000000004 4.5000000000000009 2.5000000000000004 11 12 443.00000000000006 503.00000000000006 525.00000000000011 513.00000000000011 13 14 15 4.5000000000000009 16 1.5000000000000002 425.00000000000006
decision_type=2 9 9 9 9 9 9 1 9 9 2 9 9 2 2 2 2 1 9 2 2 2 2 9 1 9 2 1 2 2
left_child=-1 25 3 17 -4 16 -6 8 10 -9 29 13 27 -10 -12 -16 -5 -3 20 26 -14 22 23 -18 -25 -2 -20 -7 -29 -8
right_child=1 2 4 5 6 12 7 9 11 -11 14 -13 18 -15 15 -17 21 -19 19 -21 -22 -23 -24 24 -26 -27 -28 28 -30 -31
leaf_value=0.0024204095573527569 -0.005863776052322702 0.065472444990643919 0.023179981767727002 0.065405451176242385 -0.00023414083474899655 0.023983820731152763 0.11388481173090886 -0.0085816786629774235 0.011512956295628329 -0.088150715560102622 0.13399224567548138 -0.10225186654019869 -0.051181261225338073 -0.16059172655977713 -0.11891000242917851 0.043956054345679146 0.030853356647932696 0.0066815982112538967 -0.13979930279181535 -0.10077673401169694 0.030785534309665658 -0.11892319300763535 0.071412996610910925 -0.074081498453144365 0.01055917810476862 -0.09018013084796471 0.13067519951692494 -0.18387389626775383 -0.014726352013490485 -0.15581052841729176
leaf_weight=24162.078119604848 91.234406106173992 440.73734994139522 774.45670355297625 140.16794888302684 725.28363938629627 212.67487600073218 4.6972848847508457 236.42078456655145 107.44018899276853 432.96001912187785 45.316254150122404 117.481042326428 171.40200416557491 16.664018630981445 21.047370985150337 187.22221994027495 203.70544421486557 154.57876097690314 5.6531444843858507 172.35431962832808 91.010488800704479 21.771988589316607 85.30005631223321 97.867932762950659 142.25834280997515 106.48229832667857 13.767619082704185 16.537186976522207 352.84884629398584 23.849034871906042
leaf_count=58875 391 830 2246 253 2322 451 10 702 309 2221 87 727 607 78 92 468 524 393 40 1070 213 87 113 302 321 694 41 77 979 124
internal_value=0.00124732 -0.00418969 -0.00213784 0.00782943 -0.010732 -0.0071071 -0.0244716 -0.0390811 -0.010973 -0.0605874 0.0294998 -0.0575325 -0.0241125 -0.0107316 0.046528 0.0274971 0.0183723 0.0505695 -0.0481083 -0.081083 -0.0219181 0.00673906 0.0119096 0.000473682 -0.0255203 -0.0534286 0.0519434 -0.00489196 -0.0217112 -0.111432
internal_weight=29375.3 5213.19 5015.47 2322.64 2692.84 1727.32 1918.38 1193.1 523.717 669.381 282.132 241.585 1036.25 124.104 253.586 208.27 691.072 595.316 454.188 191.775 262.412 550.904 529.132 443.832 240.126 197.717 19.4208 582.061 369.386 28.5463
internal_count=75647 16772 15687 6301 9386 5078 7140 4818 1895 2923 781 1114 3478 387 647 560 1600 1223 1971 1151 820 1347 1260 1147 623 1085 81 1507 1056 134
cat_boundaries=0 8 9 17 25 33 41 42 50 57 64 72 73 81 89 90 91 92
cat_threshold=17302048 67108992 67108864 2147614720 18874368 2155872258 2048 4 692736 2181038080 1617952835 1476919936 34357248 34176 33554956 167780352 128 1027 33563648 33849352 3154946 3254792264 2097152 541456 1553 1342177285 262192 2164261136 17827840 403179560 1610616832 1076199425 32 1948581892 2148008457 25165825 1073741824 537657984 12801 66760 2 43 0 1077936128 524288 33556480 67143712 1644953624 262144 392 2147483648 48 2148008240 16777216 1048576 16779280 1075838976 33554432 50 2281701376 0 269484032 0 32769 604241920 8 32808 2098176 1175715840 19146768 17432 768 4 2097152 2148008448 41943040 0 512 524289 448 8 5 262144 16777216 0 403179560 1073741824 98304 32 51 118784 297
is_linear=0
shrinkage=0.1


Tree=48
num_leaves=31
num_cat=26
split_feature=8 6 7 7 7 1 4 7 7 7 1 7 7 7 0 7 1 7 7 7 7 1 7 5 0 1 12 7 7 3
split_gain=18.1577 18.3277 180.26 99.5411 81.2577 37.9341 35.6299 143.248 84.8044 68.5881 59.8655 139.459 66.2624 65.1685 57.1225 44.4535 45.3994 94.8362 87.8903 56.5107 42.7677 67.2872 42.5705 40.8703 39.9688 49.5376 68.2127 54.9484 52.4262 48.2056
threshold=385.00000000000006 53.500000000000007 0 1 2 3 4 5 6 7 8 9 10 11 12 13 14 15 16 17 18 19 20 5.5000000000000009 21 22 23 24 25 9.5000000000000018
decision_type=2 2 9 9 9 9 1 9 9 9 9 9 9 9 1 9 9 9 9 9 9 9 9 2 1 9 1 9 9 2
left_child=-1 2 -2 -4 -3 -5 7 14 -9 -8 12 23 -10 -13 -6 24 17 -17 -18 -20 -19 22 -22 -12 29 27 -27 -26 -28 -11
right_child=1 4 3 5 6 -7 9 8 10 15 11 13 -14 -15 -16 16 18 20 19 -21 21 -23 -24 -25 25 26 28 -29 -30 -31
leaf_value=-0.08203906222540179 0.061602284572184078 -0.057481403613898786 -0.082690685577190295 -0.083584234428591225 -0.075899496292789817 0.0041138585301948591 0.01999909419461501 0.020302597219221882 0.013290329426204235 0.023015739198220669 0.01294265674162565 -0.023746202606587268 -0.01172430089966444 -0.074692499467671411 -0.022068258406964591 0.031634639429243903 -0.034729667456935537 0.010406871878287836 0.016958596543173304 -0.0036614914183655078 -0.081325838967766614 -0.049420307862214873 0.0066256175917973718 -0.10620780301377347 0.027889966817421757 0.04830015416241791 -0.081184302715345047 -0.038530798583143559 -0.025179655882876115 -0.027858591781222897
leaf_weight=26.238821135833859 518.800945982337 230.85713087953627 136.30890922155231 40.393832227215171 321.111801026389 2341.6731029646471 2191.1010086033493 1620.6827300749719 2242.9068512078375 616.30076606851071 914.32889441773295 706.608647685498 1988.4583829510957 411.30592184793204 560.26728011853993 1536.3016040101647 702.16493279580027 2191.6937838122249 1857.471319864504 4602.9551524212584 48.521544650197029 347.89988751988858 914.61686293035746 29.724247168749571 388.27256523445249 101.44193768873811 196.40861866716295 171.72403274942189 1121.0201693270355 266.91632912307978
leaf_count=251 999 1157 626 215 1436 7234 5561 4504 5098 1395 2116 1785 5146 1648 1831 3139 2181 4510 3948 10470 229 1048 1965 175 977 231 849 753 3377 793
internal_value=0.00111136 0.00118578 0.00854059 -0.00262463 0.000335819 0.00228351 0.000869927 -0.00430973 -2.39509e-05 0.00351069 -0.00528242 -0.0192128 0.0015352 -0.0429865 -0.042312 0.00109835 0.00373045 0.0109939 -0.00138776 0.00228415 0.00187662 -0.0123544 0.00140457 0.00909477 -0.0100967 -0.0179737 -0.0278914 0.00720326 -0.0340778 0.0075555
internal_weight=29344.5 29318.2 3037.18 2518.38 26281.1 2382.07 26050.2 8795.39 7914.02 17254.8 6293.33 2061.97 4231.37 1117.91 881.379 15063.7 12201.6 5039.03 7162.59 6460.43 3502.73 1311.04 963.138 944.053 2862.08 1978.87 1418.87 559.997 1317.43 883.217
internal_count=75647 75396 9074 8075 66322 7449 65165 23739 20472 41426 15968 5724 10244 3433 3267 35865 27490 10891 16599 14418 7752 3242 2194 2291 8375 6187 4457 1730 4226 2188
cat_boundaries=0 8 16 21 22 23 31 38 46 47 55 63 71 72 80 81 89 96 104 112 113 121 122 123 124 131 139
cat_threshold=0 1318920 603979792 1124220928 35653728 20 73993 8 0 33554451 2440 2149580800 18612864 0 524288 256 0 67108864 872415234 0 268443648 16640 2 536870916 2181046400 1207960576 1073923072 67109120 33554949 67592 19 2164263425 8454144 2183135264 2623490 1636045952 17041664 34341376 16772 2717908992 1208484992 2147648512 67174656 172049025 134220800 17 6927 1143014402 1078723353 280 2147491840 2147484192 1073741832 9344 768 302587912 1049618 9175049 33558528 2099264 2156404752 41105 1032 268701696 1026 8388608 16777216 35127304 8192 33025 8 390 2164261377 12648448 35651640 2887680 1101005888 17041664 34349568 256 717836 1141706754 3147218 257 33554432 671121921 1073741846 1075904528 128 1074335744 1048738 0 33554432 134250496 1073741828 1075904528 33555496 788480 294912 1074806787 2148534280 545783808 20808 1574 838868992 1074274857 2155872768 16785408 790568 2158493704 1 8 159752 0 0 0 1073758208 2048 0 8 32 273 706193 1 2147483648 4194304 33554440 0 2097216 16779264 794624 2147484160 4194304 2097152 786432 0 256 512 256
is_linear=0
shrinkage=0.1


Tree=49
num_leaves=31
num_cat=21
split_feature=8 5 1 7 7 7 0 7 1 7 7 7 2 7 10 0 7 7 3 8 7 11 11 5 0 7 10 7 3 7
split_gain=17.9412 17.7715 58.0075 103.848 56.8076 54.5995 52.4804 50.9357 46.7717 119.497 61.2242 59.7045 55.7847 81.8383 48.0555 46.465 54.6053 42.1933 40.6394 40.1269 39.6497 86.9985 48.0817 39.5971 39.1116 89.1111 61.6904 47.0577 48.9461 38.8357
threshold=569.00000000000011 3.5000000000000004 0 1 2 3 4 5 6 7 8 9 4.5000000000000009 10 1175.0000000000002 11 12 13 13.500000000000002 451.00000000000006 14 15 16 6.5000000000000009 17 18 1550.0000000000002 19 1.5000000000000002 20
decision_type=2 2 9 9 9 9 1 9 9 9 9 9 2 9 2 1 9 9 2 2 9 9 9 2 1 9 2 9 2 9
left_child=1 2 3 15 -3 6 20 -5 9 12 23 -11 13 -6 -14 16 19 -8 -17 -1 22 -22 -4 -10 25 -13 29 -26 -29 -27
right_child=-2 4 5 7 8 -7 17 -9 10 11 -12 24 14 -15 -16 18 -18 -19 -20 -21 21 -23 -24 -25 27 26 -28 28 -30 -31
leaf_value=-0.17771250617438325 0.056189804091567444 -0.057991626297244206 0.030105691335585324 0.073354261086065076 0.051150744701266682 0.002335530316627402 -0.016181923116064392 0.019801432845666555 0.024618903811728817 -0.048765333409611228 -0.0013453360818066178 -5.749032836298089e-05 -0.085803220955597254 -0.049639956625819076 0.04834999062962294 0.0072233829581455885 -0.091972998247795978 -0.058784588665919124 -0.080637360937662925 0.019130215230297773 0.042046893472963101 -0.073220674294925708 -0.070385751939585947 -0.061607685578235871 0.011895513565973116 0.014692132516297515 -0.11678275390266518 0.052122625917621748 -0.033015385911004815 -0.083457253199654677
leaf_weight=11.431418329477308 58.747216820716858 169.92913570161909 465.45023859292269 185.20592192187905 122.15644044335932 12493.494625944644 761.90777312591672 2576.0316445473582 1436.856360707432 585.41393419355154 5867.5297924671322 394.32724412064999 28.150383789092302 197.84681564196944 518.9026494147256 585.7427264302969 138.13272120058537 343.09036638401449 57.843868106603622 110.09442101418972 102.37538386508822 153.48558005131781 43.916706100106239 55.307571430690587 846.23996830824763 93.506222922354937 160.83422958478332 75.997787879779935 605.75169367995113 60.033592528663576
leaf_count=52 94 1074 1026 310 324 30284 2940 4802 3209 2336 14833 1100 116 741 1271 1228 442 1697 177 213 345 783 145 402 2048 221 788 177 2114 355
internal_value=0.000982588 0.000871695 0.00281624 0.0140274 -0.00225312 -5.36835e-05 -0.0159417 0.0236451 -0.00134217 -0.0105165 0.00326461 -0.0204858 0.0217956 -0.0111174 0.0414467 -0.0153112 -0.0502472 -0.0298182 -0.000663008 0.000567371 0.00422237 -0.0272529 0.0202531 0.0212803 -0.0129001 -0.032183 -0.0712349 -0.0038053 -0.0231846 -0.0281626
internal_weight=29305.7 29247 18028.2 3664.48 11218.8 14363.7 1870.23 2761.24 11048.9 3689.16 7359.69 2822.1 867.056 320.003 547.053 903.245 259.659 1105 643.587 121.526 765.228 255.861 509.367 1492.16 2236.69 708.701 314.374 1527.99 681.749 153.54
internal_count=75647 75553 44444 7224 31109 37220 6936 5112 30035 11591 18444 9139 2452 1065 1387 2112 707 4637 1405 265 2299 1128 1171 3611 6803 2464 1364 4339 2291 576
cat_boundaries=0 1 9 17 25 26 34 35 43 51 59 67 68 75 82 89 90 91 92 100 108 115
cat_threshold=960 269222400 609747088 1073741856 2098176 69468360 524319 10256 264 69664 262400 606142464 8192 2155872256 0 0 32 544 42018825 33554608 1108131841 4208640 4 360720 48 808 32 33562626 69206032 1073758208 2048 16777216 0 32 448 268960384 2248149128 1115685920 3221487617 6825472 1048832 520 17 1174405122 546308098 176 2786304 755240960 2717909142 1040 256 1174405122 1048578 524313 2229248 553910400 2181038596 1 8 524800 2181038080 33554432 2147745793 512 0 0 16 518 268435968 542638080 1073741824 2098176 0 0 16 0 33630216 33554448 33849344 14336 4 262400 512 9 32 540672 4096 0 98576 5 6 644 2097152 541066256 256 2048 100665344 17311746 557456 1538 0 1074274304 134480128 17303552 268441696 1074012169 33892608 1024 0 1073741824 0 16777216 32 17 335872
is_linear=0
shrinkage=0.1


Tree=50
num_leaves=31
num_cat=14
split_feature=8 7 6 7 0 7 9 8 8 3 11 0 3 10 7 10 7 8 2 12 4 3 10 10 9 8 11 1 3 8
split_gain=17.1388 147.303 18.5088 75.5215 49.9304 52.7087 60.8711 44.8359 43.2987 43.3119 35.7768 63.1199 35.6249 35.0013 34.4427 31.0086 37.2508 50.4064 31.8416 31.7795 30.5065 37.0688 33.6778 30.1775 26.8421 31.3704 25.6784 28.0135 48.9549 25.4255
threshold=403.00000000000006 0 52.500000000000007 1 2 3 4 467.00000000000006 455.00000000000006 8.5000000000000018 5 6 5.5000000000000009 1450.0000000000002 7 1075.0000000000002 8 415.00000000000006 3.5000000000000004 9 10 17.500000000000004 1650.0000000000002 1750.0000000000002 11 455.00000000000006 12 13 8.5000000000000018 481.00000000000006
decision_type=2 9 2 9 1 9 9 2 2 2 9 1 2 2 9 2 9 2 2 1 1 2 2 2 9 2 9 9 2 2
left_child=1 -1 3 10 15 6 13 8 -7 12 11 -2 -10 -6 26 -5 19 -18 -19 -17 -13 22 -22 -21 -20 -26 29 28 -28 -4
right_child=2 -3 14 4 5 7 -8 -9 9 -11 -12 20 -14 -15 -16 16 17 18 24 23 21 -23 -24 -25 25 -27 27 -29 -30 -31
leaf_value=0.059649731104370697 0.070045357258747318 -0.10557117658972358 -0.0098094349890654603 0.079501570321144188 0.11802330701396063 -0.092143303952546052 -0.054950442396245039 -0.16265030887596627 -0.065625207382441278 -0.15893646936696479 0.066235265305763791 0.050626475256440408 0.14033237423767383 -0.0097739380173677073 0.0011448286158589722 0.00052771301015010414 0.10955940059818199 -0.12694391609286379 -0.08311946824669536 0.034372585884652224 -0.025840530708099392 0.13717597248465793 -0.13700078730761722 0.14831036102468118 0.065705469444560724 -0.064161536719758938 0.08201422464109448 -0.029276904459275211 -0.14528040649169049 0.11471440388454171
leaf_weight=95.345815962180495 110.71661454439163 102.91323748091236 38.697358252480626 62.486797435209155 50.224130569025874 80.32061826530844 85.973343943245709 45.313170794397593 12.295486837625502 9.9369310773909074 274.03149843588471 40.935168370604515 26.497728322632611 37.3820886220783 26744.981214725412 171.52086395770311 22.593894943594933 40.332069491967559 48.345436201430857 61.142205610871315 80.745135324075818 9.9716431945562345 41.142130544409156 37.505253493785858 44.995375769212842 31.708008544519544 53.353984840214252 756.59371893666685 11.522225394845007 28.45347048714757
leaf_count=212 195 859 143 97 117 456 386 248 51 50 494 69 35 148 66511 568 73 243 211 181 273 8 195 77 128 130 116 3258 68 47
internal_value=0.000871816 -0.0284301 0.00107173 0.012181 -0.00639028 -0.0352038 0.00456464 -0.0728936 -0.0470261 0.0273394 0.0405006 0.0142172 0.0750542 0.0634915 0.000498402 0.0131667 0.00440659 -0.0289985 -0.0496814 0.027697 -0.0234293 -0.0481965 -0.0633618 0.0705404 -0.0247618 0.0120204 -0.018759 -0.0237431 0.036084 0.0373868
internal_weight=29258 198.259 29059.7 1426.12 868.573 347.943 173.58 174.364 129.051 48.7301 557.542 283.511 38.7932 87.6062 27633.6 520.63 458.143 187.975 165.381 270.168 172.794 131.859 121.887 98.6475 125.049 76.7034 888.621 821.47 64.8762 67.1508
internal_count=75647 1071 74576 4433 3199 1491 651 840 592 136 1234 740 86 265 70143 1708 1611 785 712 826 545 476 468 258 469 258 3632 3442 184 190
cat_boundaries=0 8 16 17 24 25 26 27 35 42 43 44 45 46 47
cat_threshold=0 152 289 0 2097224 2057 16 8 0 4194312 1677721600 33556480 268445760 2048 99840 34 283 0 67111936 65536 0 536870912 1048578 2048 4 2 326 0 8388608 872415234 0 402653184 1050626 1024 32 0 536873088 268435456 0 136839168 2 134217728 4 4 4 8 671763
is_linear=0
shrinkage=0.1


Tree=51
num_leaves=31
num_cat=18
split_feature=10 7 7 7 1 7 0 1 8 7 3 7 0 11 7 1 8 10 6 1 7 7 8 8 7 8 7 2 3 3
split_gain=16.135 130.785 89.7444 78.6588 53.1828 44.294 42.4746 40.8717 61.5529 49.3888 49.1304 41.3166 41.571 42.3217 38.6054 48.4199 41.5831 38.0311 35.2303 62.6112 50.5328 34.7627 33.3189 40.788 32.9815 32.669 54.6966 44.9153 32.0102 31.8873
threshold=1350.0000000000002 0 1 2 3 4 5 6 497.00000000000006 7 6.5000000000000009 8 9 10 11 12 433.00000000000006 1850.0000000000002 55.750000000000007 13 14 15 487.00000000000006 469.00000000000006 16 477.00000000000006 17 7.5000000000000009 4.5000000000000009 13.500000000000002
decision_type=2 9 9 9 9 9 1 9 2 9 2 9 1 9 9 9 2 2 2 9 9 9 2 2 9 2 9 2 2 2
left_child=1 4 29 7 -1 -4 25 11 -9 -10 -11 -2 -13 17 16 21 -7 -14 -18 -20 28 -16 23 -15 -5 26 -6 -28 -21 -3
right_child=3 2 5 24 6 14 -8 8 9 10 -12 12 13 22 15 -17 18 -19 19 20 -22 -23 -24 -25 -26 -27 27 -29 -30 -31
leaf_value=0.05757900317868702 0.0033889013642150879 0.0092227918166718457 -0.0019980549641824942 0.015818426857570237 0.053771415348976032 -0.097628258182852812 0.031734432816918873 -0.060638298722396601 0.053167521493022313 0.01603574140579378 -0.11607388123497149 -0.10474001931379738 0.051215498424612871 -0.090771436296545854 0.032742409002996103 -0.072798294015123874 0.017408078496319066 -0.14298353126690488 0.015343214988445106 -0.1317737862458653 -0.089506641585057181 -0.048509242112623363 -0.16178651969817501 0.040988371432715359 0.00013410728035817212 0.017717414944047029 -0.14780154748420271 0.036860730523311236 0.016170661746333016 0.042044132341732182
leaf_weight=548.92247789446265 802.05333022028208 1776.0055293608457 2054.4596940428019 1431.4399285633117 28.480464026331902 54.295576130971313 471.03426556289196 468.44644369930029 98.513709109276533 63.330856927670538 50.67486282531172 67.227396422065794 94.702772996388376 53.670884056948125 99.273618611507118 297.66935665626079 344.30965734645724 11.286071449518202 230.95375772938132 16.908826969563961 164.54221017844975 92.158766715787351 25.489756491035223 41.786651041358709 19203.097885257099 103.05435005575418 62.678176916204393 16.675960270687938 108.26984151080251 355.21334901079535
leaf_count=1230 2259 4061 5286 5107 53 298 1231 1984 203 188 238 487 314 347 300 1602 827 72 516 67 601 468 137 129 46119 248 322 47 221 685
internal_value=0.000782888 0.00503995 -0.00148038 -0.000513488 0.0344066 -0.0114058 0.0151912 -0.0206392 -0.0398035 0.00424871 -0.0392439 -0.00848226 -0.0398969 -0.017078 -0.0250184 -0.0476367 -0.0126012 0.0279038 -0.00740968 -0.0238211 -0.0537168 -0.00683983 -0.0556172 -0.0330934 0.00122928 -0.0215232 -0.0610203 -0.0967973 -0.00353122 0.0146246
internal_weight=29236.6 6824.91 5594.06 22411.7 1230.85 3462.84 681.923 1777.18 680.966 212.519 114.006 1096.22 294.164 226.936 1408.38 489.102 919.28 105.989 864.984 520.675 289.721 191.432 120.947 95.4575 20634.5 210.889 107.835 79.3541 125.179 2131.22
internal_count=75647 18063 14932 57584 3131 10186 1901 6358 2613 629 426 3745 1486 999 4900 2370 2530 386 2232 1405 889 768 613 476 51226 670 422 369 288 4746
cat_boundaries=0 8 16 24 25 33 34 35 42 50 51 52 60 61 62 67 74 82 88
cat_threshold=1141375136 805371904 740294792 2641920 536945152 21578240 134479872 34 268500996 5251200 269222161 0 118491520 2099480 66817 1048 1074266112 805371904 1008730240 2641920 8832 21512704 134217728 34 12868 33554433 3288859930 65536 50503680 268435528 33816583 43144 1 772 59421 1073741824 805306368 134217728 16384 0 524288 134217728 524288 0 805306368 2097152 8832 4719104 134217728 2 161 5 16781312 33818625 8388608 1073744896 135004192 1073750016 33554944 256 57669 37003 0 262144 8388608 1073741824 524320 262144 0 1073741824 0 2149584896 0 16 28426 264448 1107297312 1074003968 2162168833 2291138688 524288 512 1073741824 268435456 0 0 8192 17301504
is_linear=0
shrinkage=0.1


Tree=52
num_leaves=31
num_cat=23
split_feature=7 0 7 7 7 1 7 7 1 3 7 1 7 0 2 7 1 2 8 3 7 8 7 1 3 7 12 7 7 7
split_gain=15.7022 15.1454 104.71 98.5154 72.7176 92.9195 61.4956 60.6473 58.5856 50.6906 49.5275 43.0024 64.2029 35.2598 43.0955 39.056 31.7815 30.3655 39.3683 33.9104 30.1017 30.0856 118.139 52.3672 41.4293 143.469 79.8169 71.8934 60.8156 43.99
threshold=0 1 2 3 4 5 6 7 8 16.500000000000004 9 10 11 12 3.5000000000000004 13 14 3.5000000000000004 413.00000000000006 2.5000000000000004 15 511.00000000000006 16 17 8.5000000000000018 18 19 20 21 22
decision_type=9 1 9 9 9 9 9 9 9 2 9 9 9 1 2 9 9 2 2 2 9 2 9 9 2 9 1 9 9 9
left_child=-1 3 8 11 5 7 -4 -5 13 10 -7 12 17 -3 -15 16 -16 19 -19 -2 -9 24 23 -23 27 26 -26 -8 -28 -29
right_child=1 2 6 4 -6 9 21 20 -10 -11 -12 -13 -14 14 15 -17 -18 18 -20 -21 -22 22 -24 -25 25 -27 28 29 -30 -31
leaf_value=0.055201164152752738 -0.18708441601285428 -0.0035772417858331651 0.025563214896093207 0.048545618074593427 0.0020999645038242308 -0.021754686326806792 0.016703490697278073 0.0061821773360607917 -0.06991787011657459 0.12843768370711847 -0.082555245419478479 0.030512537211966579 0.015463220076215343 -0.10732901988081721 0.041379813609025838 -0.072821146962944991 -0.048781175601426981 0.1560500788786654 -0.1630537352790552 0.042415916476452695 -0.077533825840132242 0.0059455578531959572 0.025707930608990282 -0.059048396397202642 -0.050377663990807668 0.0014311521508190133 0.029132547605085591 0.0026601741432603172 -0.042096780926838051 -0.015220641251825401
leaf_weight=42.767107181251049 8.5822277441620809 647.02573741879314 940.6882862392813 202.54352991841733 8569.4095889655873 270.42109411116689 2382.514518908225 97.958662535995245 269.51302007213235 15.248073544353245 314.98026746511459 1634.7972301449627 303.4590002130717 83.106399100273848 97.626258669421077 85.867848525755107 51.89488572627306 4.2155433297157279 46.651616320014 25.771494224667549 69.19523351918906 222.93529204279184 1419.4498712113127 275.92848778888583 1049.145522441715 3670.8958314391784 277.46773836947978 3790.2643194850534 195.5971128679812 2148.9522280590609
leaf_count=86 42 2156 3156 534 22155 881 5691 264 1198 27 1511 3402 633 446 263 439 203 11 215 54 328 512 2754 820 3418 8942 567 8189 670 6080
internal_value=0.000698644 0.000599614 -0.0012467 0.00340989 -0.000849158 -0.0266494 0.000878583 0.0127606 -0.029204 -0.0507179 -0.0562508 0.0233947 -0.00655734 -0.017239 -0.0440392 -0.0235651 0.00899097 -0.0783585 -0.136608 -0.0149177 -0.0308934 -0.000641584 0.0110772 -0.0304574 -0.00230544 -0.00931421 -0.0350067 0.00206833 -0.000580272 -0.00382425
internal_weight=29214.9 29172.1 17608.9 11563.2 9539.76 970.347 16373.8 369.697 1235.03 600.649 585.401 2023.48 388.68 965.521 318.495 235.389 149.521 85.2209 50.8672 34.3537 167.154 15433.2 1918.31 498.864 13514.8 5193.11 1522.21 8321.73 473.065 5939.22
internal_count=75647 75561 45504 30057 25700 3545 40799 1126 4705 2419 2392 4357 955 3507 1351 905 466 322 226 96 592 37643 4086 1332 33557 13597 4655 19960 1237 14269
cat_boundaries=0 6 7 14 22 30 31 39 47 48 55 56 64 65 71 72 77 85 86 94 95 103 111 119
cat_threshold=134236544 0 0 0 0 134217920 306 2148007940 268763704 839123968 33816577 10518664 16793868 1032 103284740 270598176 1208747008 33818625 9510920 2164277524 384 8 339976 526592 66064 2148037634 2785018880 536875011 2424832 5 115118 77832 4196608 66048 2148560898 2906657792 537923584 2113536 20 262144 0 65536 2147491842 536870912 0 327680 4 150484 12296 524544 512 1026 2147484672 536870914 2097152 652 0 0 1207959552 33818624 0 4 256 8 193 0 262152 268697600 33554432 32896 260 149632 65536 526336 0 4096 33554432 16777216 2182086656 1082654753 18874368 269484128 786432 33630480 512 34961 1342177792 1049602 1207959816 0 269756480 3265267713 134744720 1184 4 822083585 1057794 1075838976 655360 1342187584 1082198017 134810257 160 0 1026 264 0 1310720 33556480 0 1024 1074004512 570949632 201851177 2100224 34865184 2147483664 33595392 1026
is_linear=0
shrinkage=0.1


Tree=53
num_leaves=31
num_cat=25
split_feature=2 7 7 7 3 7 7 7 1 7 1 7 8 7 0 7 0 7 7 0 1 7 7 7 7 7 10 2 1 7
split_gain=15.4137 99.5764 67.3003 56.1042 57.4729 116.143 63.3401 59.3293 50.2653 92.5579 43.9118 63.7256 43.7766 58.39 42.2488 41.6411 41.1693 109.42 60.6945 62.7603 70.5528 49.9775 48.7131 45.3275 44.1912 39.9753 39.8305 41.0616 39.4623 62.1452
threshold=3.5000000000000004 0 1 2 6.5000000000000009 3 4 5 6 7 8 9 467.00000000000006 10 11 12 13 14 15 16 17 18 19 20 21 22 1650.0000000000002 2.5000000000000004 23 24
decision_type=2 9 9 9 2 9 9 9 9 9 9 9 2 9 1 9 1 9 9 1 9 9 9 9 9 9 2 2 9 9
left_child=1 28 10 -2 5 14 -7 -6 9 -8 12 -12 13 26 25 -10 17 -9 19 -18 21 -21 -22 -19 -20 -5 -3 -28 -1 -30
right_child=3 2 -4 4 7 6 8 16 15 -11 11 -13 -14 -15 -16 -17 18 23 24 20 22 -23 -24 -25 -26 -27 27 -29 29 -31
leaf_value=-0.011891496534574919 -0.054076827434811639 0.11134125575769466 -0.0019462143529147926 0.018967811484441936 -0.012941274802298938 0.044179459795388357 0.038243208392465207 0.037934734026244539 0.042685855685912662 -0.034474286519992882 -0.056785437593715106 0.028796472153114979 0.062607154755116828 -0.046421162620605361 -0.010787067269710238 0.0077651452574809673 0.0014413932648624198 0.010510077948962358 0.031111476017370483 -0.020521119115556607 0.027089307780726116 -0.079439527984441968 -0.033158297934604154 -0.028255281155651141 0.0024308054007464992 -0.10574896482064561 -0.19639525328457016 0.053844833334112864 -0.017945185947166199 -0.084486419150528652
leaf_weight=707.23021201696247 165.73304338240996 61.336184177547693 6995.3281162753701 36.506861075758934 2851.4909619744867 899.08045747876167 263.2097230758518 1090.4649878349155 625.45021373033524 479.27490149624646 124.4671177547425 236.55274379998446 398.43025454878807 100.064609806519 468.27511853538454 772.1072131767869 1324.7160886144266 723.25973065383732 566.77563132159412 287.97604317590594 260.57375306263566 336.3149272352457 256.45463031157851 503.57640873268247 7925.0189497433603 99.340550281107426 9.8758787810802477 19.513776525855064 340.49742984771729 253.61052130255848
leaf_count=2302 1063 98 17625 61 8702 1751 489 2138 1047 1304 446 766 803 450 1294 1748 3726 1796 1663 932 600 1246 806 1502 18630 372 47 36 1107 1097
internal_value=0.000618508 -0.00275599 0.00145883 0.00218373 0.00268136 0.0140265 0.0219544 0.000119996 0.0124551 -0.00853039 0.0262848 -0.00144446 0.0430153 0.00435588 -0.0257924 0.0235855 0.00293309 0.0150136 0.000367006 -0.0134116 -0.0305141 -0.0530134 -0.00285663 -0.00550164 0.00437941 -0.0732308 0.0589758 -0.030244 -0.0282842 -0.0472784
internal_weight=29182.5 9246.91 7945.57 19935.6 19769.9 3643.25 3039.12 16126.6 2140.04 742.485 950.241 361.02 589.221 190.79 604.123 1397.56 13275.1 2317.3 10957.8 2466.04 1141.32 624.291 517.028 1226.84 8491.79 135.847 90.7258 29.3897 1301.34 594.108
internal_count=75647 24777 20271 50870 49807 8066 6339 41741 4588 1793 2646 1212 1434 631 1727 2795 33039 5436 27603 7310 3584 2178 1406 3298 20293 433 181 83 4506 2204
cat_boundaries=0 8 16 23 31 38 46 47 55 56 63 70 71 79 80 88 96 97 98 106 114 122 130 137 138 145
cat_threshold=1026 67635248 285213712 1076125696 288096256 17302018 527376 513 3221823496 8651072 1073741952 33558529 2818573376 1212174592 1073774656 132 3221233672 8388672 128 4097 0 4214784 64 539033600 1644429320 3623878688 1064962 0 1663043588 1073791361 416 16777218 2148008320 545521664 3221489664 336337280 524298 170721296 536936449 2151679232 646184961 34080768 671102408 8454145 35651584 130 626578 32 4202496 67633408 33685504 136323656 8396801 2560 1536 201436 2147549184 256 1073741824 0 64 1073741824 32768 524288 256 0 0 64 1077936128 32768 290 100925440 68158000 32776 2753536 570458144 2147745792 1032 2 288 0 1174930056 268436488 3221495808 279218176 1090527236 295953 260 0 1174930081 2131208 3222536192 2424342529 1073750276 295952 256 133 691784 0 524289 2097152 1073741824 2424340481 256 33808 256 0 1073741984 33032 2147483648 268435456 0 1024 256 301989888 536870945 2283831808 16777218 2165309441 571736322 591880 1024 4482 264208 65568 49154 1077936128 35652096 1207980032 1 536870912 0 2147483648 0 0 16777220 32768 673822 0 67108880 16 2113536 17563648 0 527360
is_linear=0
shrinkage=0.1


Tree=54
num_leaves=31
num_cat=20
split_feature=8 7 7 3 0 7 8 1 3 8 6 9 0 6 3 7 7 10 7 7 7 7 7 0 12 8 7 7 1 4
split_gain=15.2779 98.4844 34.7842 25.2288 39.9133 40.671 34.023 29.317 22.5819 21.6014 23.6472 21.0585 23.0449 29.2475 20.9423 160.949 125.597 16.8728 121.981 79.7088 77.0298 53.0633 32.6144 42.7658 33.1112 31.574 46.9363 35.203 33.4729 37.5622
threshold=413.00000000000006 0 1 12.500000000000002 2 3 379.00000000000006 4 11.500000000000002 407.00000000000006 53.500000000000007 5 6 53.500000000000007 16.500000000000004 7 8 1350.0000000000002 9 10 11 12 13 14 15 443.00000000000006 16 17 18 19
decision_type=2 9 9 2 1 9 2 9 2 2 2 9 1 2 2 9 9 2 9 9 9 9 9 1 1 2 9 9 9 1
left_child=1 3 8 4 7 -6 -7 -1 11 10 -9 12 13 -3 17 -16 -17 18 -2 -19 -20 -22 23 -21 -25 26 -26 -27 29 -29
right_child=14 2 -4 -5 5 6 -8 9 -10 -11 -12 -13 -14 -15 15 16 -18 19 20 22 21 -23 -24 24 25 27 -28 28 -30 -31
leaf_value=0.091034755945415879 0.033900769035672747 0.031282547963368094 -0.10764029884303877 0.08758455262524889 0.051441470502066336 0.16406297596528174 -0.13743863879531171 -0.14382270724583149 -0.11604568079489022 -0.14465772699535523 0.066548079300446511 -0.10461606676606455 0.040381072350625838 -0.16023600846009434 0.096824676440211671 0.039260798968921325 -0.13048595735670385 -0.0176880009250267 0.013722143633224005 0.030500785305593359 -0.066202396357278301 -0.0077513893865539156 0.00045700051715576574 -0.052530251498171532 0.070740428641742334 0.031181625945819982 -0.082282495443810208 0.017368089890883353 0.0071025323966572938 -0.10446278063649034
leaf_weight=59.347626756876707 1221.9950417187065 15.34424699470401 94.841309158597142 57.549276191741228 24.456675633788109 4.0952198691666117 43.488874051719904 6.8120126314461258 23.682402333244681 10.451344493776558 24.782389402389526 19.318458801135421 67.335082393139601 16.600428853183985 67.622218780219555 63.390784487128258 123.77473500464112 2328.7422028551809 2127.7220134893432 868.57124537788332 154.32504867017269 3065.455624602735 17515.546270881779 94.799060044810176 19.856847308576107 464.452177811414 70.700147451832891 40.582720084115863 389.960987794213 67.231029709801078
leaf_count=110 2962 49 1044 136 49 13 238 44 128 64 59 108 190 103 94 103 598 7952 4552 2171 832 8683 41459 369 69 1449 466 141 1081 331
internal_value=0.000545822 -0.0173745 -0.06115 0.0289581 0.0111743 -0.04306 -0.0921292 0.0491113 -0.0251271 -0.0161852 0.0211904 -0.00909058 0.00949735 -0.0519727 0.000838263 -0.0277038 -0.0739193 0.00109406 0.00553801 -0.00024144 -0.00100488 -0.0107493 0.0018468 0.013859 0.00110868 0.00638748 -0.050003 0.0117609 -0.00684863 -0.0536295
internal_weight=29152.8 468.105 237.122 230.983 173.434 72.0408 47.5841 101.393 142.281 42.0457 31.5944 118.598 99.2798 31.9447 28684.7 254.788 187.166 28429.9 6569.5 21860.4 5347.5 3219.78 19531.7 2016.15 1147.58 1052.78 90.557 962.227 497.775 107.814
internal_count=75647 2335 1622 713 577 300 251 277 578 167 103 450 342 152 73312 795 701 72517 17029 55488 14067 9515 47536 6077 3906 3537 535 3002 1553 472
cat_boundaries=0 7 15 16 23 24 25 26 33 40 48 56 64 71 79 80 81 87 95 96 97
cat_threshold=268435456 2214592920 1476657449 2236416 540016704 4202514 134217872 0 1073742848 603979776 2147485696 302002216 788489 2561 1024 838 0 2147483648 268435456 0 1048576 0 134217744 4108 4 43 262144 67373056 0 2048 554172416 1074266128 65536 318767104 524288 8 16777216 268435456 0 1025 1141375136 805371904 1008730240 2641920 536945280 17318400 134479872 34 1074266112 335609856 1008730240 2650112 536879744 17383952 134284288 34 268500996 4202496 786713 8192 34605312 2099481 68993 1048 262144 262400 1107296256 0 8392705 2147483648 524288 288520 262401 1115751424 1074003968 12588033 2291138688 34079248 512 297 8 8192 0 0 1074003968 0 2147483648 17664 256 1107361792 0 8392704 135266432 524304 512 49856 2
is_linear=0
shrinkage=0.1


Tree=55
num_leaves=31
num_cat=17
split_feature=5 7 7 11 7 1 7 7 10 7 7 0 7 8 2 8 7 8 7 5 7 0 8 3 7 10 8 8 10 0
split_gain=14.0799 42.6722 40.5205 36.892 61.7246 27.9688 99.1334 43.3334 34.7386 118.403 49.6497 47.8339 38.5744 43.8128 36.4917 36.0933 36.8943 31.4013 31.1112 44.4516 72.397 57.4931 37.4298 35.5268 63.3841 32.9887 31.5332 39.1078 29.8527 29.6666
threshold=4.5000000000000009 0 1 2 3 4 5 6 1250.0000000000002 7 8 9 10 443.00000000000006 4.5000000000000009 495.00000000000006 11 501.00000000000006 12 3.5000000000000004 13 14 457.00000000000006 13.500000000000002 15 2050.0000000000005 473.00000000000006 505.00000000000006 1350.0000000000002 16
decision_type=2 9 9 9 9 9 9 9 2 9 9 1 9 2 2 2 9 2 9 2 9 1 2 2 9 2 2 2 2 1
left_child=5 3 -3 4 -2 6 29 -8 9 -9 11 12 -10 -14 -13 16 -11 -16 19 23 21 22 -21 -7 25 -25 -23 -28 -15 -1
right_child=1 2 -4 -5 -6 18 7 8 10 15 -12 14 13 28 17 -17 -18 -19 -20 20 -22 26 -24 24 -26 -27 27 -29 -30 -31
leaf_value=0.009877019469980014 0.023007521591233399 -0.064382474814478632 -0.0069172513099814287 0.025312039004784473 -0.076272902443173515 0.00018386044703520604 0.016024667317243033 0.022685099691187274 0.038754669822433661 0.011417451327613338 -0.020322280799730114 -0.0038167559534234086 0.080307738497581049 0.077203226756669782 0.07379578105416873 -0.18863485475587771 -0.10518139174762856 -0.016830731148608277 0.0017863126186933006 0.086681187623787875 -0.08093545890727305 -0.14338731959953552 -0.0022157193810408205 -0.0037365678694767849 -0.079287939396452095 0.15014115250679902 0.0058167924010789256 -0.19057471183591179 -0.11397471148445207 0.047583852773705644
leaf_weight=323.67190400511026 141.6513371001929 117.02171737328172 4043.7321128998883 745.3875514594838 98.867813445627689 2477.3087726887316 957.50464791059494 163.223030410707 52.703981637954712 41.834991276264191 740.22727974969894 143.08900006860495 17.122864402830601 9.1000657230615598 226.97977111488581 36.102564040571451 93.7536451946944 45.977418512105942 17043.561925254297 67.691653497517109 200.35981882922351 36.714746903628111 157.71899128332734 133.64088924694806 150.160774291493 15.55346794053912 57.394107013940811 12.315206319093702 79.732340194284916 697.40437675267458
leaf_count=621 327 716 13464 1851 414 7314 1808 290 76 83 1939 320 30 14 319 156 379 102 41242 106 891 170 343 455 620 21 149 58 273 1096
internal_value=0.000488223 -0.00425767 -0.00868396 0.0143647 -0.0192183 0.00150677 0.00958189 -0.000799932 -0.010602 -0.0394183 -0.00334306 0.0185571 -0.0271538 -0.0604528 0.0362172 -0.0942882 -0.0761209 0.0585305 6.23958e-05 -0.00879594 -0.0352972 -0.00514697 0.0234405 -0.0037482 -0.0362879 0.0115322 -0.062509 -0.0288787 -0.0943903 0.0358428
internal_weight=29127.5 5146.66 4160.75 985.907 240.519 23980.8 3628.43 2607.35 1649.85 334.914 1314.93 574.705 158.659 105.955 416.046 171.691 135.589 272.957 20352.4 3308.86 532.195 331.835 225.411 2776.66 299.355 149.194 106.424 69.7093 88.8324 1021.08
internal_count=75647 16772 14180 2592 741 58875 7506 5789 3981 908 3073 1134 393 317 741 618 462 421 51369 10127 1717 826 449 8410 1096 476 377 207 287 1717
cat_boundaries=0 8 14 15 23 24 32 40 47 55 56 64 72 80 87 88 96 97
cat_threshold=1073742853 7340097 17072768 1064960 1107337608 33559048 81920 641 17302048 67108864 67108864 2147614720 16777216 2155872258 4 0 4194368 512 1048576 33554568 8 65536 512 221568 2181562372 37749376 2315256081 2147747842 536879624 8912896 33882880 260 70434 524329 1342177312 1073889280 528480 553918493 1074266112 33 268435456 1140850704 8 16777216 18087936 2048 8193 2359296 1611670528 8388608 35652608 271583232 1073741824 36056 512 129 2097152 1073741824 0 0 0 0 2048 512 128 0 0 2097152 0 0 2048 1032 4102 37748769 2315256216 278528 536916616 35651588 33620224 37 2 33554433 134217992 262144 536903680 4 256 277 4 33554432 134217744 262144 536875520 0 33554688 32 14
is_linear=0
shrinkage=0.1


Tree=56
num_leaves=31
num_cat=21
split_feature=2 7 7 7 1 1 7 7 7 11 7 8 4 0 7 6 3 10 4 0 8 7 7 1 10 1 7 7 8 10
split_gain=14.5517 96.3308 64.499 44.5989 67.4746 42.7842 114.386 93.5359 51.9028 54.6832 43.5011 40.1688 46.9375 64.8713 39.1402 42.2239 39.1296 79.5932 39.4727 37.8383 37.2128 36.3666 36.0234 40.3432 35.6278 34.7874 53.7259 45.5667 41.4918 35.8464
threshold=6.5000000000000009 0 1 2 3 4 5 6 7 8 9 527.00000000000011 10 11 12 57.250000000000007 9.5000000000000018 2150.0000000000005 13 14 391.00000000000006 15 16 17 3385.0000000000005 18 19 20 511.00000000000006 1750.0000000000002
decision_type=2 9 9 9 9 9 9 9 9 9 9 2 1 1 9 2 2 2 1 1 2 9 9 9 2 9 9 9 2 2
left_child=3 -2 20 4 21 7 -7 19 -8 -10 11 12 -9 -14 -12 -16 -11 18 22 -4 -3 -1 -18 -24 -6 26 -22 -27 -29 -30
right_child=1 2 5 -5 24 6 8 10 9 16 14 -13 13 -15 15 -17 17 -19 -20 -21 25 -23 23 -25 -26 27 -28 28 29 -31
leaf_value=-0.0012203364247066455 0.028294561859119355 0.1618811393775739 0.057122393179476032 0.00043059264615780292 -0.006971510482313298 0.022216695207619298 -0.0033921609820011904 0.035579639120155195 0.055292006003745765 -0.0064059329547444619 -0.0019324769153055048 -0.12193624107912709 -0.096309314187607881 0.0094367593570190873 -0.036255701429376473 -0.14868417747370824 -0.010167734515574603 -0.19116414022360068 -0.026760300947367491 0.020005063487743058 -0.079231804544538487 -0.087911931057852999 -0.028492028178757928 -0.15068222712723342 -0.22950260468004649 -0.077417235033243159 0.041494726940166093 -0.028552178691518187 0.086053316084187231 -0.025467208629407035
leaf_weight=76.01320431753993 1350.8149307779968 11.032502229325472 411.65548592619598 18713.981316442136 1530.9819700559601 1045.1715198345482 1086.0146294040605 470.59800483845174 55.078442219644785 225.49674368090928 426.82786572352052 21.918313566595316 63.830873172730207 267.6532194390893 266.12964756041765 38.199305763468146 70.37995307892561 40.126847861334682 392.39819191303104 912.73473096638918 37.614673882722855 177.29430148750544 62.93029161542654 87.420033808797598 7.2285859584808341 161.62219671346247 160.21407939959317 809.05763656273484 63.382524274289608 52.860871141776443
leaf_count=214 3179 23 749 47790 4869 2377 2495 942 93 553 1032 76 258 676 1063 212 186 197 1131 1855 170 912 199 479 31 796 401 2450 97 142
internal_value=0.000431205 0.00388618 -0.000705739 -0.00101632 -0.0160435 0.00370902 -0.00450984 0.0124426 -0.0183808 -0.0355915 -0.00421165 0.0114875 0.0152768 -0.0135465 -0.0218206 -0.0487653 -0.041846 -0.0547201 -0.0457904 0.0318837 -0.0208323 -0.0629316 -0.0796206 -0.104505 -0.00796548 -0.0225634 0.0158322 -0.0294267 -0.0203061 0.0353401
internal_weight=29096.7 8591.16 7240.35 20505.5 1791.52 5944.56 3065.02 2879.55 2019.85 933.831 1555.16 824 802.082 331.484 731.157 304.329 878.752 653.255 613.128 1324.39 1295.78 253.308 220.73 150.35 1538.21 1284.75 197.829 1086.92 925.301 116.243
internal_count=75647 21831 18652 53816 6026 14573 7710 6863 5333 2838 4259 1952 1876 934 2307 1275 2745 2192 1995 2604 4079 1126 864 678 4900 4056 571 3485 2689 239
cat_boundaries=0 8 16 24 25 26 34 42 50 51 59 60 61 69 70 71 78 86 87 88 94 100
cat_threshold=1157633062 538511362 3221487648 1073741824 339738625 536873728 24576 20 2147745792 9224 572588041 33554434 159386056 2156920833 1241513984 515 1090524166 537987600 3221259808 1073758208 272629761 2818 20480 20 566688 572432 2170880 33554976 218137872 2149343232 2633728 1074003986 264449 32 33554432 104857873 143131136 16910336 33817632 40370188 531472 1160 570950144 262160 276824064 19006464 2147516928 16785416 65688 264 8 805306368 3221487744 268435456 311296 537956864 16785408 33672 256 4 578 0 544 272 2098176 1076363264 1073741824 65536 32 2 290 1073745926 536871424 0 1073741824 0 0 16384 0 1140850689 0 2048 0 0 0 1024 928 16771 0 1024 1 33554432 0 1 0 8192 536936448 0 25166272 8388608
is_linear=0
shrinkage=0.1


Tree=57
num_leaves=31
num_cat=18
split_feature=8 8 10 6 7 7 7 7 0 8 2 1 1 5 2 1 0 12 4 8 8 7 9 4 7 7 8 0 7 6
split_gain=14.0101 13.8284 14.4835 13.8944 144.295 71.7716 82.587 58.1778 55.5922 61.8279 47.0803 38.8595 35.9542 32.3359 34.2002 30.8937 29.1602 50.056 32.4387 31.5882 34.4918 27.6382 25.6294 25.2596 110.985 66.2441 63.4779 56.9502 52.057 49.3706
threshold=385.00000000000006 569.00000000000011 1250.0000000000002 53.500000000000007 0 1 2 3 4 447.00000000000006 2.5000000000000004 5 6 3.5000000000000004 1.5000000000000002 7 8 9 10 433.00000000000006 427.00000000000006 11 12 13 14 15 489.00000000000006 16 17 56.750000000000007
decision_type=2 2 2 2 9 9 9 9 1 2 2 9 9 2 2 9 1 1 1 2 2 9 9 1 9 9 2 1 9 2
left_child=-1 3 -3 4 -2 8 10 15 9 -6 12 16 -7 14 -11 22 18 -18 -12 20 -19 -16 -5 24 26 -26 27 -9 -25 -27
right_child=1 2 -4 7 5 6 -8 23 -10 13 11 -13 -14 -15 21 -17 17 19 -20 -21 -22 -23 -24 28 25 29 -28 -29 -30 -31
leaf_value=-0.076911201007384369 0.051446643850011547 0.1297755467370168 0.018087868686426749 0.10422806592367576 -0.1286657373004346 0.0071599929454325877 -0.10014026822084497 -0.0037194844888170635 0.015878035653386219 -0.17811414945431889 -0.043445817626503902 -0.076050356441750289 -0.11090804781155128 -0.11542329478420531 0.053788266329632531 -0.065617317290757912 0.01075512370165296 -0.13827496328013331 0.063890906860735314 -0.12329212660140761 0.13798104951218018 -0.031219048958915519 -0.076437426169247327 0.017216827743473093 0.019784851156493057 -0.0038645887750900242 -0.10578480406191787 -0.053282418901251419 0.00024498122775464893 -0.13674283440357857
leaf_weight=23.435701719019562 572.89889719709754 16.137522473931313 41.391929492354393 23.015008203685284 56.498316748067737 45.134973555803299 124.53664161916822 521.14639201946557 1381.6676161717623 9.1871284954249841 35.534238658845425 53.600472790189087 67.831668513827026 24.303027204237878 84.402827829122543 192.3778604241088 270.76015731599182 7.5935390572994974 135.59470781125128 57.517039261758327 11.164234634488819 57.372334312647581 11.918424902483819 2045.1539510982111 1363.1787876794115 6277.9669822813012 112.8820713236928 419.26863225549459 14998.205481666606 28.086588958278298
leaf_count=251 1144 12 82 50 344 125 753 1590 3668 43 149 245 420 151 156 972 923 54 398 276 18 203 71 5664 4098 15728 451 1765 35697 146
internal_value=0.00037583 0.000438188 0.0494173 0.000340987 0.00678999 -0.00396602 -0.0280844 -0.000402231 0.0082298 -0.0361362 -0.0137263 -0.00227142 -0.0729188 -0.00837033 0.00886385 -0.0496887 0.00669891 -0.0100308 0.039306 -0.0765106 0.0261468 0.0209802 0.0331111 5.1848e-05 -0.00432484 -0.000121661 -0.0345992 -0.0264224 0.0022918 -0.00444936
internal_weight=29069.8 29046.3 57.5295 28988.8 2995.6 2422.7 809.268 25993.2 1613.43 231.764 684.731 571.764 112.967 175.265 150.962 227.311 518.164 347.035 171.129 76.2748 18.7578 141.775 34.9334 25765.9 8722.53 7669.23 1053.3 940.415 17043.4 6306.05
internal_count=75647 75396 94 75302 9070 7926 3361 66232 4565 897 2608 2063 545 553 402 1093 1818 1271 547 348 72 359 121 65139 23778 19972 3806 3355 41361 15874
cat_boundaries=0 8 16 24 29 30 31 32 33 34 35 36 42 43 44 52 60 61 69
cat_threshold=0 1318920 603979792 1124220928 35661888 262164 73993 8 268435456 2487747712 1350631456 262144 406847520 1125124096 2688 34 0 1610614784 134217729 2147485696 537919488 4194315 134513680 1024 0 335544320 872415232 0 268443648 514 14412 192 130 515 4 4 0 4194432 268435456 0 0 2048 4 2 536870916 2181046400 1208483840 1073890304 67109120 1107821061 67592 19 2166361601 8454144 2183135264 2625538 1099175040 264448 34341376 256 561 16772 2717908994 1208484992 2147517440 65792 172048513 134220808 19
is_linear=0
shrinkage=0.1


Tree=58
num_leaves=31
num_cat=16
split_feature=8 7 7 3 7 7 1 7 5 8 1 1 10 0 6 11 7 7 2 8 0 2 7 2 0 3 8 8 1 6
split_gain=13.0604 95.3628 58.309 49.9245 125.371 105.378 37.7605 43.0827 35.8361 35.3427 57.277 32.7233 30.6201 29.2324 37.2459 28.7537 65.6012 64.1874 45.1002 34.8073 32.9658 39.9135 31.5214 41.6585 30.4212 33.5204 29.9822 29.5313 32.6402 26.9641
threshold=437.00000000000006 0 1 4.5000000000000009 2 3 4 5 3.5000000000000004 425.00000000000006 6 7 1950.0000000000002 8 55.750000000000007 9 10 11 7.5000000000000009 411.00000000000006 12 2.5000000000000004 13 2.5000000000000004 14 9.5000000000000018 415.00000000000006 431.00000000000006 15 54.500000000000007
decision_type=2 9 9 2 9 9 9 9 2 2 9 9 2 1 2 9 9 9 2 2 1 2 9 2 1 2 2 2 9 2
left_child=1 6 15 4 8 -5 -1 29 -4 10 13 -6 -10 -7 -15 17 -17 19 22 -3 21 -19 23 -18 25 -21 -24 28 -22 -8
right_child=-2 2 3 5 11 9 7 -9 12 -11 -12 -13 -14 14 -16 16 18 20 -20 24 27 -23 26 -25 -26 -27 -28 -29 -30 -31
leaf_value=0.066700955657793826 0.0010361229577764846 -0.10805510594455765 0.059034259814466111 -0.013376738175832417 0.025675231579805741 -0.054311465209265178 0.0094489702253023611 0.033929129065348895 -0.16343465097225798 -0.12441735053180875 -0.10306017206800511 -0.088736715905786814 0.063965530611437227 0.0024904986291848911 0.1955303759781456 0.057125076165732862 0.038780988183442451 -0.1718140795536203 -0.17557432278706922 0.01740029986211989 0.039554340683180526 0.013995149384225436 -0.14154024368372717 -0.18368538738331594 0.0024647556820371784 0.13989674953513306 0.030658729469754422 -0.1683275918508437 -0.087260942432500321 -0.054066476119294632
leaf_weight=153.37966363318264 26113.836352944374 20.835562977008522 206.57766329497099 437.93677961267531 30.892496081069112 28.077795822173357 152.09510599263012 372.30554469581693 14.277661226689817 163.38586017861962 97.589904615655541 135.85571333579719 10.117439361289142 26.157403769437224 16.176134810782969 220.76141662150621 13.413721421733497 13.115385912358759 17.495852679014206 44.677709631621838 23.773211127147079 97.527644604444504 10.97796464152634 22.597898058593273 204.73993533104658 44.677942514419556 128.06392743065953 35.243648424744606 76.145706952549517 119.23835773393512
leaf_count=353 65236 157 406 1221 104 151 496 1209 71 1084 846 805 27 118 27 560 36 72 93 113 51 273 84 137 529 67 287 190 398 446
internal_value=0.000324926 -0.00599617 -0.0169573 -0.0319717 -0.00347975 -0.0471169 0.023369 0.0121805 0.0436102 -0.0886274 -0.0590961 -0.0672869 -0.0691244 0.0144259 0.0616826 0.00117427 0.0209118 -0.0134855 -0.0213779 0.0163284 -0.0508286 -0.00736465 -0.00718782 -0.0789085 0.0256957 0.0707328 0.015918 -0.0834496 -0.0618629 -0.0178068
internal_weight=29051.9 2938.11 2141.09 1167.04 397.721 769.324 797.019 643.639 230.973 331.387 168.001 166.748 24.3951 70.4113 42.3335 974.048 413.311 560.737 192.549 314.931 245.806 110.643 175.054 36.0116 294.096 89.3557 139.042 135.163 99.9189 271.333
internal_count=75647 10411 7907 4860 1413 3447 2504 2151 504 2226 1142 909 98 296 145 3047 1197 1850 637 866 984 345 544 173 709 180 371 639 449 942
cat_boundaries=0 8 15 23 31 32 40 41 42 43 44 51 58 59 66 67 68
cat_threshold=10240 8450 538968096 2148016128 436216648 3225419779 134217737 1577 268500992 2723676169 402653185 1090913280 2101248 42213392 34416128 512 1073742976 264 35653632 17039360 526336 128 256 35651584 67109904 1074003968 0 1575072 8 2320 2 12690 0 0 32 2148007936 301990408 2 1 1 4420 4224 277 2 0 524296 134217729 1073741824 2101248 270336 263680 268500992 574619649 268435456 17171456 0 33554448 33628160 808 0 33554433 268435456 393216 0 16 33554432 81 20864
is_linear=0
shrinkage=0.1


Tree=59
num_leaves=31
num_cat=21
split_feature=7 2 7 7 1 7 7 8 8 2 1 0 3 7 7 1 7 7 7 0 10 7 8 1 7 8 11 0 8 0
split_gain=12.6402 12.1558 78.4613 54.4751 41.2194 59.4744 38.7066 69.1237 56.6698 48.0521 41.718 46.8596 37.4564 190.592 84.0156 86.0191 91.9912 76.4224 49.1514 48.4286 68.2556 41.4988 41.4704 40.5961 39.6911 38.7398 37.3037 43.5407 37.3021 36.689
threshold=0 6.5000000000000009 1 2 3 4 5 527.00000000000011 499.00000000000006 1.5000000000000002 6 7 10.500000000000002 8 9 10 11 12 13 14 1750.0000000000002 15 465.00000000000006 16 17 511.00000000000006 18 19 425.00000000000006 20
decision_type=9 2 9 9 9 9 9 2 2 2 9 1 2 9 9 9 9 9 9 1 2 9 2 9 9 2 9 1 2 1
left_child=-1 6 4 -4 28 -6 7 8 10 -10 -2 -12 13 -5 -14 17 19 29 23 20 22 -20 -17 24 -15 -26 27 -7 -3 -16
right_child=1 2 3 12 5 26 -8 -9 9 -11 11 -13 14 18 15 16 -18 -19 21 -21 -22 -23 -24 -25 25 -27 -28 -29 -30 -31
leaf_value=0.050559595624345401 0.032112158326766026 -0.15440607255519193 -0.020625589659774977 0.051044901635438393 0.043824491251623986 0.018911191072801051 0.00027764181871461246 -0.12697563499151163 -0.088615024601052805 0.030891872432123515 0.011300824700445055 -0.035662766554764795 0.017109356648447337 0.049824306793262579 -0.0081128347663548747 -0.099682577540801662 -0.015441801963758536 -0.025055852415143305 -0.011201749475786921 -0.13440854933622651 -0.14284332716181014 -0.068603772175959837 0.019387866705250001 0.042327180124853855 -0.10556876798389175 0.060371486710924821 0.006021472818851843 -0.099356666895347112 0.050198981400733547 0.033015487599026318
leaf_weight=39.919743333011866 128.50496623665094 9.0548121575266105 1141.6614671023563 788.5479957330972 289.19106441922486 48.793435744941235 18518.053625474218 53.286891333758831 36.827177250757813 389.4347135424614 265.56208383012563 1049.0576979354955 1554.1870917435735 37.116916615515947 310.66996732354164 39.607115268707275 1051.0970805892721 561.59420784562826 317.10738287027925 102.47162836045027 53.83039346896112 215.54480167385191 111.86019880324602 191.0474244216457 69.246684903278947 17.65580652654171 289.59393853880465 81.344701081514359 559.00153443589807 710.29922566562891
leaf_count=81 295 56 3725 1377 701 104 47882 216 127 803 728 3709 3517 59 745 173 2831 1930 713 454 244 787 252 341 256 25 696 299 1114 1407
internal_value=0.00028278 0.000196044 0.0033621 -0.000668289 0.0261195 0.00967008 -0.00112825 -0.0145945 -0.0114691 0.020567 -0.0209318 -0.0261621 0.00307498 0.0160349 -0.00163519 -0.0115583 -0.0299307 0.00430608 -0.0169338 -0.0773702 -0.0439797 -0.0352664 -0.0117478 0.0141908 -0.0290765 -0.0644398 -0.0143342 -0.0568286 0.0461256 0.0205433
internal_weight=29031.2 28991.3 8550.52 7273.55 1276.98 708.923 20440.7 1922.67 1869.39 426.262 1443.12 1314.62 6131.88 1636.27 4495.62 2941.43 1358.87 1582.56 847.719 307.769 205.298 532.652 151.467 315.067 124.019 86.9025 419.732 130.138 568.056 1020.97
internal_count=75647 75566 21806 18836 2970 1800 53760 5878 5662 930 4732 4437 15111 3558 11553 8036 3954 4082 2181 1123 669 1500 425 681 340 281 1099 403 1170 2152
cat_boundaries=0 6 14 22 23 29 37 38 39 47 55 56 64 72 80 81 88 89 95 96 97 98
cat_threshold=134236416 2097152 0 0 0 192 1157698598 537987600 3221487648 1073741824 339738625 536873728 24576 20 262144 9224 572588033 33587202 159386056 2156920833 1241513984 515 759448 1140917282 65536 1073741824 1073741824 71303169 2304 1090589734 538511872 3221259808 1073758208 4194305 770 28672 20 531 9 0 2186018978 159908104 401408 2634272 16785420 35840 136 2183143936 67109123 268468736 16795648 1073774592 4456466 856472 1312 40064 0 2185494528 143130632 8192 571473920 50855936 0 128 268435456 1107558400 143130880 2229248 571474976 34078732 3073 8 2621440 0 1040 2165310464 537919488 1109917696 262656 1024 206 570425344 1 67108864 2115584 33816576 18 524304 203082 0 0 1024 16777216 0 524288 12 26 593
is_linear=0
shrinkage=0.1


Tree=60
num_leaves=31
num_cat=14
split_feature=5 3 10 1 7 7 7 10 0 7 3 6 8 8 8 5 3 6 8 3 5 7 1 7 7 7 0 7 7 8
split_gain=12.1373 49.7408 18.4804 12.1269 122.907 48.0086 26.8732 24.3724 20.357 21.3725 20.1245 19.7697 18.5763 18.0068 17.0169 15.5191 23.5336 14.4704 20.5608 13.9594 13.9413 49.8629 40.2916 95.8358 49.5238 47.7382 45.2847 98.4543 54.2209 43.4613
threshold=8.5000000000000018 13.500000000000002 1075.0000000000002 0 1 2 3 1450.0000000000002 4 5 5.5000000000000009 54.500000000000007 467.00000000000006 471.00000000000006 473.00000000000006 2.5000000000000004 5.5000000000000009 56.750000000000007 477.00000000000006 16.500000000000004 3.5000000000000004 6 7 8 9 10 11 12 13 423.00000000000006
decision_type=2 2 2 9 9 9 9 2 1 9 2 2 2 2 2 2 2 2 2 2 2 9 9 9 9 9 1 9 9 2
left_child=3 2 -2 4 8 7 11 -6 -1 12 13 -7 -10 -8 -15 -14 -17 18 -16 -12 -5 -22 23 -23 -25 29 27 -26 -28 -24
right_child=1 -3 -4 20 5 6 10 -9 9 -11 19 -13 15 14 17 16 -18 -19 -20 -21 21 22 25 24 26 -27 28 -29 -30 -31
leaf_value=0.066486243789996735 0.12337304628039679 0.14196438901963887 -0.13043584290811758 0.0024338849852941769 0.048854748763535231 0.081945815584911111 -0.13558921667353172 -0.032973294118371507 -0.13265321048325684 0.037137521565942001 -0.15635133862436387 -0.047582318053879802 0.071732043474830504 0.10645385860563635 0.017865353923311334 0.018713611542413904 -0.19204265146506472 0.011857499414461082 -0.20168595442197124 -0.013310509170667839 -0.03186580897131739 0.018701261156213813 -0.16601130320933297 -0.077347026516775622 -0.0066805439766557152 0.0090026896050902517 0.0086564460020882774 -0.077534322597352212 -0.027921071673188847 -0.00783902758257384
leaf_weight=125.45562015473843 3.1500834599137297 10.305264749564229 32.125845923554152 17199.100606887601 55.229463048279285 14.245971888303755 25.690791161730886 106.76069906353951 16.053169652819633 99.6547831594944 75.895371630787849 68.168989740312099 15.754921540617941 7.5778333842754355 6.8062787353992489 14.729335993528368 8.2745636105537397 15.430392891168593 11.426275800913571 7.496412679553031 526.08035999815911 900.5450381198898 17.52339587546885 129.31716373562813 505.20152733940631 5010.5981337483972 1000.6043642191216 319.36262403428555 668.11635256465524 2006.2983563942835
leaf_count=183 3 23 234 42792 97 18 136 265 56 169 395 155 20 9 20 27 35 34 53 24 2337 2550 93 701 1334 12271 2463 1598 2415 5137
internal_value=0.000252193 -0.0513094 -0.107771 0.000333355 -0.0128177 -0.0482819 -0.0771161 -0.00477952 0.0371321 0.0106982 -0.103808 -0.0224665 -0.0356848 -0.0698723 -0.0289342 -0.00472918 -0.057096 -0.0594112 -0.119727 -0.143493 0.000651358 -0.0021141 -0.000600827 -0.00931511 -0.0189698 0.0037707 -0.0156451 -0.0347232 -0.00606741 -0.0091633
internal_weight=29003 45.5812 35.2759 28957.4 674.651 394.728 232.738 161.99 279.922 154.467 150.323 82.415 54.812 66.9316 41.2408 38.7588 23.0039 33.6629 18.2326 83.3918 28282.7 11083.6 10557.6 3523.15 2622.6 7034.42 2493.28 824.564 1668.72 2023.82
internal_count=75647 260 237 75387 1696 1206 844 362 490 307 671 173 138 252 116 82 62 107 73 419 73691 30899 28562 11061 8511 17501 7810 2932 4878 5230
cat_boundaries=0 1 9 16 23 24 32 40 41 49 55 63 64 72 80
cat_threshold=34 2105348 2149065736 0 2149713920 268697664 1073741824 128 1032 268435456 0 786441 0 34603008 262162 272384 100663297 0 0 0 32 8388608 1 594 0 1048576 0 2048 262144 0 128 1032 70689 262400 606666752 24576 2155872384 17106944 0 32 448 268960384 2248149144 1115685920 3221487617 6825472 1048832 520 17 67108864 2 16 2228224 17039360 2147483648 2435055616 2218786968 1082130432 2147485696 303566368 8396800 1073742472 1538 644 35651584 542114816 264 3072 100665376 532482 557456 1538 0 1074274304 134480128 17303552 269488224 1074274313 33925121 1280
is_linear=0
shrinkage=0.1


Tree=61
num_leaves=31
num_cat=13
split_feature=8 10 10 7 7 3 6 2 4 2 7 5 2 8 8 1 8 3 5 7 6 3 3 7 9 7 7 1 7 7
split_gain=11.8004 12.2797 11.8062 137.848 51.2054 34.3224 39.3143 26.1547 39.3382 41.0413 24.6907 19.0115 18.8167 18.5506 18.0839 19.9764 17.5761 20.0084 17.1571 63.2291 24.288 32.5496 17.9165 92.2494 69.2 122.306 87.9608 66.0204 99.6581 63.1928
threshold=569.00000000000011 1550.0000000000002 1075.0000000000002 0 1 12.500000000000002 53.500000000000007 5.5000000000000009 2 1.5000000000000002 3 4.5000000000000009 5.5000000000000009 469.00000000000006 405.00000000000006 4 451.00000000000006 1.5000000000000002 7.5000000000000009 5 59.250000000000007 4.5000000000000009 8.5000000000000018 6 7 8 9 10 11 12
decision_type=2 2 2 9 9 2 2 2 1 2 9 2 2 2 2 9 2 2 2 9 2 2 2 9 9 9 9 9 9 9
left_child=2 -2 3 7 14 6 12 8 9 -1 -8 -11 -6 -7 -5 -16 17 -12 22 -20 -21 -22 29 -24 26 -26 -25 28 -27 -4
right_child=1 -3 18 4 5 13 10 -9 -10 11 16 -13 -14 -15 15 -17 -18 -19 19 20 21 -23 23 24 25 27 -28 -29 -30 -31
leaf_value=0.072381722247241806 0.091272810563169354 -0.0016060669768717586 -0.033774113898685211 0.1377287908323119 -0.07328643848148568 -0.093555537033279526 -0.0080905796910258898 0.07297152242911091 0.051671443856607803 -0.17071195132977748 0.1169189956267897 -0.016219858911331715 0.059525239397712308 0.069394529913074321 0.043271306052896398 -0.030237577460289596 -0.18101872353976356 -0.12204293073250093 0.064023423292125459 -0.12763186367875864 -0.17306170208971644 0.011559886309427 -0.024484454340556946 0.03123116134958423 -0.030708310610154246 0.029588813434203318 0.001075168424141323 0.010448278258420981 -0.062129386357858286 0.0031289792621458745
leaf_weight=17.847242008894682 29.006780587136745 27.952226892113686 467.80973156169057 10.647024404257534 21.174401539377868 9.8730074064806086 30.094745971262455 237.49940449744463 133.49737654998899 21.889517724514008 4.1660850122571018 12.521942095831035 21.49896225053817 23.894604373723269 55.702166326344013 74.614165365695953 65.215635328553617 22.045783399604261 40.950896181166172 51.73417999362573 12.453615194186566 40.950775133445859 1700.6657550111413 1281.0883722268045 1575.20611984469 180.09044583514333 3872.4735254691914 2462.6431371308863 319.02446919400245 16151.3944630716
leaf_count=32 33 61 2374 15 100 54 76 370 261 87 7 44 54 48 116 223 349 116 76 581 67 112 6162 3017 4573 346 9534 5952 1042 39765
internal_value=0.000221631 0.0456932 0.000132069 0.0124128 -0.0347344 -0.0666977 -0.0889497 0.0498103 0.022879 -0.0506728 -0.117946 -0.114494 -0.00637554 0.021751 0.0115981 0.00218308 -0.138115 -0.0840626 -0.000200364 -0.0343812 -0.0719549 -0.0314929 -2.20926e-05 -0.00307693 0.000704583 -0.00830107 0.00863413 0.00370734 -0.0291045 0.00207176
internal_weight=28975.6 56.959 28918.7 762.182 338.927 197.963 164.196 423.255 185.756 52.2587 121.522 34.4115 42.6734 33.7676 140.963 130.316 91.4275 26.2119 28156.5 146.089 105.139 53.4044 28010.4 11391.2 9690.53 4536.96 5153.56 2961.76 499.115 16619.2
internal_count=75647 94 75553 1952 1158 804 702 794 424 163 548 131 154 102 354 339 472 123 73601 836 760 179 72765 30626 24464 11913 12551 7340 1388 42139
cat_boundaries=0 8 16 17 24 25 32 40 41 48 56 57 65 73
cat_threshold=1073741824 537396224 1006895104 33562624 723518088 1124337681 67592 258 33554432 1073741832 256 264192 64 589824 134219409 32 4 0 0 8388608 0 524288 0 8448 8272 0 1073741824 8913408 1048576 0 2049 2097152 16777729 290 671875073 4096 757334208 1073743877 136316424 1184 2 1342242816 1079510144 1140850960 2166630400 2181038120 1581056 821264 1074335746 3088 100663312 3221528576 2160066592 1573376 823424 24 74006 524292 2214592512 32800 131074 528896 17039378 128 512 4098 264192 100696064 2148827136 2160066560 1049088 1073762304 16
is_linear=0
shrinkage=0.1


Tree=62
num_leaves=31
num_cat=14
split_feature=8 3 8 11 7 7 7 2 2 0 1 7 2 3 3 8 7 1 3 8 7 7 3 8 0 0 8 7 8 2
split_gain=11.235 11.9748 11.2345 11.0705 288.422 150.185 93.4218 42.9701 39.2324 39.754 37.5921 33.5784 24.4219 28.3207 30.9167 26.1088 24.0832 33.2472 37.1531 32.3499 35.1538 32.1572 48.5215 37.9279 36.709 31.4058 53.81 47.8438 41.2323 31.6227
threshold=385.00000000000006 11.500000000000002 373.00000000000006 0 1 2 3 7.5000000000000009 5.5000000000000009 4 5 6 2.5000000000000004 7.5000000000000009 10.500000000000002 465.00000000000006 7 8 15.500000000000002 529.00000000000011 9 10 2.5000000000000004 441.00000000000006 11 12 427.00000000000006 13 479.00000000000006 3.5000000000000004
decision_type=2 2 2 9 9 9 9 2 2 1 9 9 2 2 2 2 9 9 2 2 9 9 2 2 1 1 2 9 2 2
left_child=1 -1 -3 4 -2 10 8 -8 -7 -10 -6 -11 -12 -14 -15 -16 17 18 21 20 -19 22 -5 -24 -25 26 -22 28 -28 -27
right_child=3 2 -4 16 5 6 7 -9 9 11 12 -13 13 14 15 -17 -18 19 -20 -21 25 -23 23 24 -26 29 27 -29 -30 -31
leaf_value=-0.12282583671097554 0.073627596815842897 0.13886631548813519 -0.11613351522540971 0.052927722928393199 0.055190177113228427 0.005753741398940115 -0.13051812415930128 -0.021767797675802988 0.021701052256719616 -0.003617672887865471 -0.13197983622372664 -0.15838051159656619 0.053406811250240264 -0.20063932377633906 -0.16717596146689584 0.049781741877258666 0.0011713997692006232 -0.032223865133172221 -0.10663377997173953 -0.078700185614452328 -0.11303781311062266 0.014556120594228898 -0.14551655147437037 -0.0040433548842862457 -0.10137721587568845 -0.033102722955708902 0.070088697035116887 -0.0087162122218557899 -0.0046832637024006299 -0.0039996891534974073
leaf_weight=14.763309246860446 445.10126142203808 4.2343694865703574 2.9185702065005898 68.955181695520878 202.96558307856321 208.18720982223749 182.18551620654762 45.384368226863444 38.219464510679245 30.286023899912834 16.241408351808786 43.533059787005186 47.958400914445519 11.297695949673651 7.4549581408500698 21.669598907232285 22874.965180793777 616.48362835776061 29.159407603554428 72.346015378832817 32.625337650999427 1235.7804584275 30.914910262450576 177.47623442532495 41.134774181060493 534.24322697706521 226.15526708960533 332.58781020715833 109.43757681082934 1239.7658366519026
leaf_count=188 760 19 44 183 385 460 929 154 70 62 69 200 84 55 39 44 58006 2269 137 259 197 3109 188 635 247 1749 492 827 298 3489
internal_value=0.000197437 -0.0713739 0.0348203 0.000251671 0.00923215 -0.0247398 -0.0558385 -0.104249 -0.0193203 -0.0676367 0.0306595 -0.102892 -0.0175929 0.00143701 -0.0602218 -0.00575251 -0.000174422 -0.00664844 0.00516714 -0.0125599 -0.0110526 0.00729787 -0.0206737 -0.0418416 -0.0271804 -0.00562583 0.0121896 0.0184865 0.0443829 -0.0126925
internal_weight=28944.4 21.9162 7.15294 28922.5 1300.48 855.383 547.796 227.57 320.226 112.039 307.588 73.8191 104.622 88.3807 40.4223 29.1246 27622 4747.07 1583.42 3163.64 3091.3 1554.26 318.481 249.526 218.611 2474.82 700.806 668.181 335.593 1774.01
internal_count=75647 251 63 75396 3311 2551 1875 1083 792 332 676 262 291 222 138 83 72085 14079 4499 9580 9321 4362 1253 1070 882 7052 1814 1617 790 5238
cat_boundaries=0 1 9 17 25 26 27 34 42 43 51 59 60 61 69
cat_threshold=8 268435456 2148794624 536870913 17825794 438307112 17303816 786944 1281 3221225472 71311362 2166391040 33947648 84476416 1073741845 33641537 40 67108864 1073742857 402915368 2147484672 1081344 2105344 10640 130 36 690372 0 0 0 0 1048576 0 10256 268435456 75497728 2703229057 1048576 471927080 526592 792064 1313 74650 0 0 2701131776 0 67592 0 524288 1281 0 67109120 536870913 0 136315136 2304 0 32 932 840 0 0 129 0 337641728 256 262144 32
is_linear=0
shrinkage=0.1


Tree=63
num_leaves=31
num_cat=20
split_feature=0 7 7 1 7 7 1 2 8 7 0 7 7 1 12 7 7 1 12 7 8 9 10 5 10 3 7 3 8 8
split_gain=11.0559 142.073 96.2102 94.0656 59.6508 56.113 55.2757 56.9576 44.724 71.0303 44.4349 49.9414 42.9913 40.6178 43.1982 38.024 36.1167 32.6618 42.0352 46.0953 34.7808 31.4254 33.1417 40.3074 31.1436 32.5801 30.3885 39.8086 29.4599 29.2672
threshold=0 1 2 3 4 5 6 6.5000000000000009 465.00000000000006 7 8 9 10 11 12 13 14 15 16 17 465.00000000000006 18 2050.0000000000005 2.5000000000000004 1350.0000000000002 11.500000000000002 19 9.5000000000000018 517.00000000000011 495.00000000000006
decision_type=1 9 9 9 9 9 9 2 2 9 1 9 9 9 1 9 9 9 1 9 2 9 2 2 2 2 9 2 2 2
left_child=2 6 3 15 -4 17 7 -2 9 -5 11 -10 21 14 -14 -1 -9 -3 -19 20 -20 -8 23 -23 -17 -26 27 -12 -27 -13
right_child=1 5 4 8 -6 -7 12 16 10 -11 26 29 13 -15 -16 24 -18 18 19 -21 -22 22 -24 -25 25 28 -28 -29 -30 -31
leaf_value=0.035482901311876654 -0.11497568935880727 0.056190681228927425 0.021865860084007666 0.017304896662194338 0.0022333493730302728 -0.00050392373440033165 -0.021196614923001299 0.065254611109386823 0.01969219041367555 -0.080261581664279311 0.011460328005814849 -0.04938909631290582 -0.059209576581303019 0.007225726141049685 0.021062726817595218 0.023160223766016633 -0.055307168957533161 0.021236667564982818 0.17153061953809065 -0.059982574179159455 -0.049474623419171915 -0.00091233596831820731 0.0601229756274154 -0.10911763109055883 -0.024170841134971741 -0.20827570682437366 -0.10610403520268763 -0.19702486037652023 0.033912746186465906 -0.18247927806503131
leaf_weight=266.56092359498143 148.68760093534365 211.11115989182144 1837.9360772445798 219.18092201463878 9570.8236380014569 13152.849763590144 216.14387640543282 29.678558710962534 116.73239225894213 101.6993574607186 58.326866192743182 55.609391432255507 232.28356035845354 569.24638847541064 90.872135270386934 129.9181087044999 57.922291762195528 1015.5970476660877 18.53062924742699 125.38177412189543 11.565107040107248 43.822662046179175 16.81822806969285 160.55338981747627 174.35934534855187 19.051172286272053 229.26923114620149 10.864486213773487 6.8207399249076834 23.507813755422831
leaf_count=565 735 468 4192 641 24976 32436 832 75 227 535 126 195 831 1616 234 350 227 3048 40 495 50 143 53 846 490 98 950 50 11 112
internal_value=0.000169612 -0.00157472 0.00235965 -0.0221733 0.0054125 0.00151649 -0.0300932 -0.0741522 -0.0441102 -0.0155797 -0.0635231 -0.0220576 -0.0217691 -0.00890444 -0.0366821 0.00802874 -0.0133261 0.0206082 0.0137723 -0.0333227 0.0650042 -0.0472339 -0.0748122 -0.0859161 -0.0145291 -0.0397091 -0.0870761 -0.0185895 -0.144426 -0.0789543
internal_weight=28921.7 16101.1 12820.7 1411.9 11408.8 14535 1566.03 236.288 815.19 320.88 494.31 195.85 1329.74 892.402 323.156 596.71 87.6009 1382.19 1171.07 155.478 30.0957 437.338 221.194 204.376 330.149 200.231 298.461 69.1914 25.8719 79.1172
internal_count=75647 42129 33518 4350 29168 36537 5592 1037 2836 1176 1660 534 4555 2681 1065 1514 302 4101 3633 585 90 1874 1042 989 949 599 1126 176 109 307
cat_boundaries=0 1 9 17 18 25 33 34 41 42 49 57 58 59 67 73 74 75 80 81 88
cat_threshold=370 2148007940 65592 2080637952 33554433 11567304 16777484 134218760 256 339976 2304 272 2149086210 603980832 536875011 2424833 5 115116 201869316 304152592 1074529280 33554433 9511304 16793872 1107296384 73992 4196608 25231872 2147512322 2902461440 540020736 2146305 4 635168 0 256 0 9218 536870944 2 2097153 288 0 2048 256 0 1056 536870914 2097153 524288 24 671089664 33554433 10485896 0 1024 256 16460 4 262144 0 256 2147500032 536870912 0 327680 4 0 24 1207959552 0 2097152 4 70144 12 0 256 512 2147487744 16777216 4 12296 0 0 1049600 0 536870913 65536
is_linear=0
shrinkage=0.1


Tree=64
num_leaves=31
num_cat=23
split_feature=8 7 7 7 7 1 7 1 6 1 1 0 4 0 7 7 3 1 8 1 7 7 7 7 8 3 7 7 7 10
split_gain=11.1133 71.3747 67.8269 51.5782 49.9082 41.4579 52.2799 38.7265 35.1027 54.1484 50.8682 41.0881 45.2779 39.5897 36.5726 35.0749 33.805 49.5821 31.8575 31.6347 174.968 96.9982 58.9202 41.1863 36.0013 62.1106 46.9905 40.3565 31.0517 30.2804
threshold=477.00000000000006 0 1 2 3 4 5 6 54.500000000000007 7 8 9 10 11 12 13 5.5000000000000009 14 429.00000000000006 15 16 17 18 19 455.00000000000006 4.5000000000000009 20 21 22 1550.0000000000002
decision_type=2 9 9 9 9 9 9 9 2 9 9 1 1 1 9 9 2 9 2 9 9 9 9 9 2 2 9 9 9 2
left_child=2 8 7 5 -3 6 -4 -1 10 11 13 14 -13 -2 -10 -14 -17 -18 -7 20 -5 24 29 -23 26 -26 -22 -27 -8 -21
right_child=1 4 3 19 -6 18 28 -9 9 -11 -12 12 15 -15 -16 16 17 -19 -20 22 21 23 -24 -25 25 27 -28 -29 -30 -31
leaf_value=-0.0083806874173493091 0.056102918983213602 0.025950746331707904 0.032237221935914391 0.02950021669078914 0.0028421248587262391 -0.037130183944023502 -0.013120103389579991 -0.078445846307433467 0.057883271486959979 -0.040001812303686692 -0.10690010461563773 -0.16439941528834118 -0.051482256995980302 -0.070219004310314789 -0.017857779399606855 0.041541231072417327 0.010139631183544825 -0.086099268317123778 0.043664593185569055 -0.027320786544674538 0.055587851410352322 -0.035665666804684713 0.0033822870831393924 -0.088697768633156343 0.02224986910498869 -0.0090948188765269562 -0.016915807288166166 -0.093702760371101715 -0.1028069978637421 -0.0051409322367328312
leaf_weight=159.49031701637432 48.427971672266722 1012.6764749921858 174.8453634288162 638.39031623862684 10959.667706040666 53.243248606100678 133.54938241187483 170.69247441831976 186.83390864729881 462.88106356654316 90.339084565639496 19.16881928127259 129.72810468450189 33.147595657967031 92.846570575609803 166.31713094981387 196.63636018056422 63.212603446096182 585.18286780081689 996.86192498030141 149.92181572504342 372.26627052854747 9453.5832361886278 304.16484709456563 148.85019449517131 110.40831347182393 197.18783926591277 134.00338596850634 51.409935869276524 1609.0500869019888
leaf_count=734 117 2346 395 1544 25057 333 501 1104 347 1587 455 109 502 165 284 380 496 249 1624 3508 306 1082 24165 1321 302 280 514 453 365 5022
internal_value=0.000145812 0.00224596 -0.0016849 -0.000689359 0.00481679 0.0211628 -0.00605145 -0.0458431 -0.0183267 -0.0129047 -0.0609492 0.00221176 -0.0130656 0.00271031 0.0329908 -0.00808218 0.00619187 -0.0161953 0.036357 -0.00224869 -0.0136857 -0.033215 -0.000289864 -0.0604569 -0.00785178 -0.0286748 0.0155137 -0.0596887 -0.0420434 -0.0135735
internal_weight=28905 13461.9 15443.1 15112.9 11972.3 998.231 359.805 330.183 1489.54 1317.62 171.915 854.743 575.063 81.5756 279.68 555.894 426.166 259.849 638.426 14114.7 2055.19 1416.8 12059.5 676.431 740.372 393.262 347.11 244.412 184.959 2605.91
internal_count=75647 32094 43553 41715 27403 3218 1261 1838 4691 3954 737 2367 1736 282 631 1627 1125 745 1957 38497 5802 4258 32695 2403 1855 1035 820 733 866 8530
cat_boundaries=0 8 16 24 32 33 40 41 42 43 44 45 46 54 62 63 64 72 80 88 96 103 111 118
cat_threshold=66593 1107296264 3592486912 1074528256 16778240 1376260 2360848 385 1074266124 8454656 16778240 32768 1140883456 2153792256 64 32 134310945 270532608 2986410496 1074266114 29426688 1114112 2114064 128 1141375372 9503296 16778240 34635777 1075871745 2153796352 33554496 32 77982 134301696 268435456 268500992 0 66560 0 16896 196732 630154 9152 289 1 98 0 33554440 1073741824 0 0 4 262672 256 1024 33554432 1073741824 0 0 4 528 256 596096 86065 16777216 1610612760 1208221856 0 34089160 1661468678 795648 1281 69206016 35128451 257 394240 540278784 272384 33620361 2 83886592 537919489 134480040 33555456 2105737 570949634 34086921 1796 0 2147753984 67108888 52439040 512 8388616 0 524 0 1049729 1 262144 0 0 33554697 0 34078720 1 132096 537133056 262144 65664 2 0 0 2684354560 524288 16777216 0 16
is_linear=0
shrinkage=0.1


Tree=65
num_leaves=31
num_cat=24
split_feature=2 7 7 7 3 7 7 1 0 3 7 1 3 1 7 7 1 7 10 0 7 8 7 7 4 1 7 7 4 1
split_gain=11.2096 80.6296 53.955 46.513 43.9264 94.4328 53.0857 46.1836 43.8698 53.0315 62.6305 52.8492 49.2722 46.9488 45.4423 41.5657 40.8444 68.2134 42.2911 40.3656 41.2834 40.1369 58.1425 50.8291 39.7367 38.2522 61.0131 65.3232 41.3582 37.4474
threshold=3.5000000000000004 0 1 2 6.5000000000000009 3 4 5 6 3.5000000000000004 7 8 4.5000000000000009 9 10 11 12 13 1650.0000000000002 14 15 447.00000000000006 16 17 18 19 20 21 22 23
decision_type=2 9 9 9 2 9 9 9 1 2 9 9 2 9 9 9 9 9 2 1 9 2 9 9 1 9 9 9 1 9
left_child=1 8 16 -2 5 7 19 -5 -1 10 -10 12 -11 -12 -13 29 -3 -18 -19 -7 -21 23 24 -15 -23 26 -8 28 -28 -6
right_child=3 2 -4 4 15 6 25 -9 9 11 13 14 -14 21 -16 -17 17 18 -20 20 -22 22 -24 -25 -26 -27 27 -29 -30 -31
leaf_value=0.013924268890251154 -0.066124279811150502 0.042837308977254213 -0.0016338177153625514 0.021889935713902037 -0.036281895781869612 0.058373272281914926 0.038893175101367014 -0.037636683739583801 -0.097061377609794997 -0.10797954950646903 0.012252628275687552 0.012613056740846252 0.070942916388984062 0.094320165662254263 -0.095242142579379935 0.0017688373469433923 0.055324064812161504 0.0068376028186075541 -0.072534466027878608 0.041662178312715029 -0.032016359062579623 0.15434255026515739 -0.089758622046475875 -0.052778073961974731 -0.019413405862553301 0.016199742041193951 -0.13325390047978658 -0.10228805737149192 0.062839599157876 -0.0060062681497195271
leaf_weight=261.28503057081252 91.342462142463773 509.43343564029783 6677.2738994518295 171.19365489110351 505.78042527846992 509.89192799851298 95.599231339991093 491.59427374601364 80.354531773831695 21.749058434739709 462.44987552054226 50.425950113683939 52.650425313040614 39.704329892992973 266.74370817746967 13469.27347491961 137.27295905165374 145.40718775801361 124.69857980962843 168.99645430408418 123.46845698170364 14.740600157529116 163.7682595225051 36.808112010359764 122.88001671992242 1871.2453403910622 13.409994259476662 110.76057638041675 54.337609007954597 2031.8462873883545
leaf_count=653 797 1261 16945 377 1658 926 153 1459 512 96 1251 220 114 65 1105 34273 403 484 496 295 367 18 637 153 364 3984 45 426 73 6037
internal_value=0.000109501 -0.00277935 0.00150214 0.00145327 0.00180071 0.0117651 0.0194035 -0.0221645 -0.0233035 -0.0307651 -0.0178897 -0.0618251 0.0164304 -0.00905648 -0.0782331 -0.000445728 0.0241129 0.000232476 -0.0287417 0.0412774 0.0105275 -0.0347767 -0.0521174 0.0289845 -0.000747984 0.0110692 -0.0232928 -0.0568927 0.0209347 -0.0121593
internal_weight=28876.4 9167.65 7594.09 19708.7 19617.4 3610.5 2947.71 662.788 1573.56 1312.27 920.706 391.569 74.3995 840.351 317.17 16006.9 916.812 407.379 270.106 802.357 292.465 377.901 301.389 76.5124 137.621 2145.35 274.107 178.508 67.7476 2537.63
internal_count=75647 24777 19589 50870 50073 8105 6269 1836 5188 4535 3000 1535 210 2488 1325 41968 2644 1383 980 1588 662 1237 1019 218 382 4681 697 544 118 7695
cat_boundaries=0 8 16 23 31 38 39 40 48 49 50 58 66 67 74 75 82 90 97 98 99 106 114 115 116
cat_threshold=2 526392 285213720 1076125696 288096256 17302018 527376 513 3758694408 8651072 1073741952 33558529 2818573376 138432768 1073774656 260 2147483648 8388672 128 4097 0 4214784 64 1881210880 1644429320 1342177312 1064962 0 1660946436 1073791361 392 16777219 2148008192 629407744 3221489664 336337280 524290 170655760 180266 320 0 0 268435456 1074003968 16777216 2 524288 1 16442 678150 0 0 268435456 1073750016 16777216 0 524288 513 1610686473 2151679232 614727680 33556480 738211264 8388865 35651584 2 201432 1074331648 262208 0 4096 2281702400 134234368 1073741824 692 1 524288 67108864 264192 524544 524288 134479872 0 16 16 2113536 268959744 0 1024 512 0 524288 0 2097152 262144 524288 1024 1 558354 0 8193 0 131072 34603080 8208 512 32 2097152 2147483648 16777216 134283264 9 8192 1024 2 655644
is_linear=0
shrinkage=0.1


Tree=66
num_leaves=31
num_cat=16
split_feature=2 7 7 10 1 7 8 1 7 1 8 3 8 0 7 2 0 6 7 12 6 5 7 0 0 6 3 3 7 3
split_gain=11.8003 64.1588 44.2176 51.8393 44.7584 37.4192 49.4456 48.3701 36.9279 36.1949 39.8488 62.9316 54.688 52.0275 61.5688 49.7915 41.3152 42.953 33.8241 43.0395 60.2399 33.5723 33.5013 33.2659 32.6513 55.5973 32.5563 31.0861 31.0357 37.6698
threshold=6.5000000000000009 0 1 1075.0000000000002 2 3 527.00000000000011 4 5 6 465.00000000000006 6.5000000000000009 499.00000000000006 7 8 3.5000000000000004 9 56.750000000000007 10 11 57.750000000000007 2.5000000000000004 12 13 14 56.750000000000007 4.5000000000000009 10.500000000000002 15 7.5000000000000009
decision_type=2 9 9 2 9 9 2 9 9 9 2 2 2 1 9 2 1 2 9 1 2 2 9 1 1 2 2 2 9 2
left_child=5 -2 3 27 -5 6 7 8 -1 10 13 24 16 14 26 -15 -13 -18 -11 20 -20 -16 -17 -14 25 -12 -9 -3 29 -7
right_child=1 2 -4 4 -6 28 -8 9 -10 18 11 12 23 15 21 22 17 -19 19 -21 -22 -23 -24 -25 -26 -27 -28 -29 -30 -31
leaf_value=0.039719311457204427 0.023054026284011844 -0.079191061775286523 0.0022165143241742514 -0.043548172894310538 0.014248193764307818 0.0035987811521444122 -0.10316101067142408 0.096424638408404734 -0.027051212114037923 -0.010348686586273075 -0.18759669908935706 0.0030521799173046735 -0.036795442469660836 -0.11423909096831115 0.041747031218201953 0.014987336666310934 -0.14824634282444701 -0.028661964637975351 -0.16952951962663421 -0.10284051245025175 0.087609799005134659 -0.093694549008949302 -0.067698121162521482 0.066291014837438822 0.028246210582943933 0.031731683158287748 -0.0017309463555683629 0.10083901337927588 -0.00082293766304790015 0.041393721188921609
leaf_weight=278.61092941230163 1358.2809209348634 11.920457206666468 6341.6529391042423 561.67715867329389 174.2287623854354 812.43348234985024 59.882712606340647 70.686046715825796 109.95870802272111 156.77912435680628 20.417094077914953 68.867187103256583 49.574400093406439 111.15453561069444 24.492294305935502 91.779082886874676 80.205447252839804 48.01879982277751 12.62827307730913 141.20758509403095 32.706773241981864 72.398931580595672 93.478797516319901 59.531087037175894 536.34858497045934 26.634530177339911 64.740059485659003 49.087036695331335 16940.382188689895 390.44511237833649
leaf_count=550 3232 45 15749 2187 540 2749 239 114 363 408 107 170 136 600 70 228 351 140 71 682 53 371 441 100 1190 62 182 78 43277 1162
internal_value=8.96903e-05 0.00321981 -0.000585592 -0.0226352 -0.0302628 -0.00121703 -0.0134711 -0.011036 0.0206197 -0.018033 -0.0107794 0.00206691 -0.0346461 -0.0325974 0.00389122 -0.0593257 -0.0660899 -0.0959779 -0.0468458 -0.0754325 0.0130942 -0.053895 -0.02958 0.0221549 0.0213357 -0.0523214 0.0460977 0.0656623 0.00028296 0.0157359
internal_weight=28850.2 8496.85 7138.57 796.913 735.906 20353.4 2210.1 2150.22 388.57 1761.65 1418.33 889.597 306.197 528.73 232.317 296.412 197.091 128.224 343.322 186.543 45.335 96.8912 185.258 109.105 583.4 47.0516 135.426 61.0075 18143.3 1202.88
internal_count=75647 21831 18599 2850 2727 53816 6628 6389 913 5476 4262 2256 897 2006 737 1269 661 491 1214 806 124 441 669 236 1359 169 296 123 47188 3911
cat_boundaries=0 8 16 17 25 26 33 34 35 41 42 49 50 57 58 59 67
cat_threshold=1157698598 572065794 3221520384 1073741824 339738625 2560 24576 20 262144 8200 570490880 33554434 159386056 2156920833 1241513984 513 113260 1090589702 538511376 3221227040 1073758208 339738625 536871680 28672 20 66071 4 1638400 1073742848 1073758208 268435456 536870912 8192 30792 777 0 1572864 32 0 268435456 256 528 69636 536870912 512 1073741824 67108864 0 24576 2 66560 536870928 1073741824 0 0 0 8192 598 512 280841 270540800 570490880 4098 25231752 2155942080 1109393472 1
is_linear=0
shrinkage=0.1


Tree=67
num_leaves=31
num_cat=22
split_feature=10 7 7 7 1 3 7 0 7 7 12 8 8 1 7 7 3 0 8 12 7 1 7 0 5 2 12 1 7 0
split_gain=11.0647 93.384 52.628 52.175 44.6709 42.3998 66.7034 38.8761 36.2709 35.1487 35.8411 33.6597 38.7142 32.2085 74.4925 51.7992 36.8961 34.7681 31.4357 33.4982 30.4544 36.7293 46.2156 42.9948 36.2908 33.87 36.8334 29.8504 60.1444 46.007
threshold=1350.0000000000002 0 1 2 3 1.5000000000000002 4 5 6 7 8 473.00000000000006 485.00000000000006 9 10 11 14.500000000000002 12 499.00000000000006 13 14 15 16 17 6.5000000000000009 7.5000000000000009 18 19 20 21
decision_type=2 9 9 9 9 2 9 1 9 9 1 2 2 9 9 9 2 1 2 1 9 9 9 1 2 2 1 9 9 1
left_child=1 4 11 -3 5 -1 -7 -8 13 10 -6 -2 -13 15 -15 18 17 -16 19 -5 21 22 23 25 -23 26 -4 28 29 -10
right_child=2 3 20 8 9 6 7 -9 27 -11 -12 12 -14 14 16 -17 -18 -19 -20 -21 -22 24 -24 -25 -26 -27 -28 -29 -30 -31
leaf_value=0.085500892069298493 -0.099487860966163078 0.011070223327446548 -0.0645542478454528 -0.01190662679093164 0.029119189309211771 0.038190956438909789 0.0025505965433502077 -0.07398845140223867 -0.07757196809451207 0.056769697779552986 -0.057892520453058975 0.046168897095678563 -0.068673967056210691 0.0096630193660119726 -0.006488103557240151 0.026431928762453372 -0.16079917031182062 -0.067101382820559788 0.041262823247302585 -0.084453006475719503 0.0011872046287759591 -0.00098290160487760829 -0.0079828086309676593 -0.094994920959880713 -0.09474385394384971 0.045353024032522303 0.03335799216233639 -0.012673271588088298 -0.077232814634511357 0.039847096375094988
leaf_weight=56.841083407402039 87.668788343202323 1903.2643821095116 157.41134788561612 387.0378345977515 209.07659563422203 189.53910026885569 129.7497797049582 135.33878632448614 37.213085966184735 542.66560509428382 50.871611189097166 52.676630993373692 66.297355183400214 524.45645643770695 188.6421316023916 712.50081378221512 26.933222338557243 203.22707813791931 84.91845578700304 69.050058595836163 18130.770125057083 2672.1649411804974 678.21181735396385 140.71836322173476 41.928972512017936 53.786553354933858 46.202396741136909 917.71884994627908 232.17895354656503 104.39666098356247
leaf_count=93 763 4515 569 1001 403 465 335 503 164 1160 151 173 363 1222 535 1583 136 718 147 243 45415 7257 1875 643 301 120 105 3212 1220 257
internal_value=7.46963e-05 0.00363323 -0.00100368 -0.00221243 0.0274255 0.00399565 -0.00610688 -0.0377949 -0.00947061 0.0421233 0.0105773 -0.0500495 -0.0178264 -0.00161564 -0.0154869 0.00886237 -0.0464724 -0.0398006 -0.0143364 -0.0250026 -0.000518278 -0.00865779 -0.0242139 -0.0509911 -0.00242245 -0.0242817 -0.0438689 -0.0227163 -0.0464011 0.00590966
internal_weight=28833.5 6705.62 22127.8 5391.54 1314.08 511.469 454.628 265.089 3488.27 802.614 259.948 206.643 118.974 2196.77 943.259 1253.51 418.802 391.869 541.006 456.088 21921.2 3790.42 1076.33 398.119 2714.09 257.4 203.614 1291.51 373.789 141.61
internal_count=75647 18063 57584 14953 3110 1396 1303 838 10438 1714 554 1299 536 5585 2611 2974 1389 1253 1391 1244 56285 10870 3312 1437 7558 794 674 4853 1641 421
cat_boundaries=0 8 16 24 25 31 32 40 46 47 48 56 64 65 66 74 75 82 83 84 85 93 94
cat_threshold=1141375136 805371904 203423880 2641920 33630848 21512712 0 50 1073741824 65536 69206144 20480 0 16793600 0 32 268500996 5251200 806093072 0 621805824 2165010 134545665 1032 18698 524288 805306368 136314880 20480 128 20988424 89 33554433 2215380250 65537 50472960 268697672 262149 44168 1 0 536870912 134217728 0 33554560 4194312 4 18504 33554433 2214854666 0 2048 268435464 262145 8320 1 33554432 2214854666 0 2048 268435464 262145 8320 1 546 12 589860 805306368 939524104 2621440 654322304 4784912 134545664 18 1642 589824 0 939524096 2097152 536871424 4194304 65792 782 12 2576 16777216 0 8388608 2147483648 0 1056768 33554960 256 157
is_linear=0
shrinkage=0.1


Tree=68
num_leaves=31
num_cat=22
split_feature=5 1 7 7 7 7 10 7 1 7 5 12 8 7 7 7 2 7 7 0 8 0 7 4 2 7 7 12 6 7
split_gain=10.1947 41.3953 84.8683 47.1117 41.2818 39.5407 36.0958 32.7908 36.8576 49.9337 36.6952 37.354 32.7321 92.2538 53.5865 50.972 44.6599 102.819 98.8555 41.5552 39.5157 33.7054 49.255 35.1346 37.9904 64.6927 40.8444 32.4167 31.1285 157.963
threshold=3.5000000000000004 0 1 2 3 4 2675.0000000000005 5 6 7 4.5000000000000009 8 445.00000000000006 9 10 11 4.5000000000000009 12 13 14 497.00000000000006 15 16 17 6.5000000000000009 18 19 20 56.250000000000007 21
decision_type=2 9 9 9 9 9 2 9 9 9 2 1 2 9 9 9 2 9 9 1 2 1 9 1 2 9 9 1 2 9
left_child=1 2 -1 -4 -2 -3 -7 10 9 -9 27 -12 13 -11 21 -15 18 -18 19 -16 -19 22 -14 -23 26 -26 -25 -6 29 -10
right_child=4 5 3 -5 7 6 -8 8 28 12 11 -13 14 15 16 -17 17 20 -20 -21 -22 23 -24 24 25 -27 -28 -29 -30 -31
leaf_value=0.034600288401118819 -0.069282151717919904 0.014586634949443456 -0.063292105194020648 0.0039413815868185945 0.010532165889070286 -0.0024430944351948947 -0.11107034306118367 -0.072342051523167902 -0.05395555716951729 0.087603917997956415 0.0035806147647390696 -0.070974153197646092 0.01873747204604553 0.045912542370924868 0.022479391488708405 -0.065449373275013253 0.016893224999748515 -0.037225984590669774 -0.093835771235619481 -0.0577780863524937 -0.11978515049621211 0.076685692904269062 -0.08355285458668342 0.055914835307385891 0.035952051575262566 -0.093365605299918136 -0.0083903514483895155 0.053316064094537596 0.0049949586581834902 0.0041862032056817385
leaf_weight=1068.4673730954528 81.359352681785822 1466.4366074055433 98.861722178757191 2437.9968958692625 486.02233572490513 12665.796330584679 30.664070169441402 131.05689417943358 589.09761261194944 110.61938149854541 549.59438495989889 66.513958239927888 92.111677400767803 56.049153750762343 174.80245640315115 107.36700795963407 463.43909737095237 209.43412156309932 251.6945505104959 89.360817545093596 80.166110329795629 84.368761787191033 84.351144652813673 183.53659921139479 65.71434485912323 75.412284322082996 202.52710227295756 284.93670092895627 4398.0701328795403 2122.8359869285487
leaf_count=1775 645 4090 396 5064 1245 33037 126 733 2103 202 2102 332 245 104 432 530 1051 869 1096 381 411 175 383 417 144 304 573 562 10406 5714
internal_value=5.13711e-05 0.00153422 0.0110844 0.00108306 -0.00233509 -0.000904075 -0.00270332 -0.00177324 -0.00385859 -0.014379 0.0125422 -0.00556204 -0.010825 0.0215943 -0.0151967 -0.026809 -0.0277928 -0.0124843 -0.0506786 -0.00578718 -0.0580744 0.00537052 -0.0320171 0.0165001 0.00718129 -0.0372182 0.0234117 0.0271727 -0.000200559 -0.00862711
internal_weight=28808.7 17768.2 3605.33 2536.86 11040.4 14162.9 12696.5 10959.1 9572.02 2462.01 1387.07 616.108 2330.95 274.036 2056.92 163.416 1268.9 753.039 515.858 264.163 289.6 788.022 176.463 611.559 527.19 141.127 386.064 770.959 7110 2711.93
internal_count=75647 44488 7235 5460 31159 37253 33163 30514 26273 8050 4241 2434 7317 836 6481 634 4240 2331 1909 813 1280 2241 628 1613 1438 448 990 1807 18223 7817
cat_boundaries=0 1 9 15 23 30 38 39 45 46 53 61 68 76 84 85 86 94 95 103 111 112 120
cat_threshold=960 35651616 1107304458 69206040 1108109312 2147490336 17039360 32904 1056 786432 144 0 0 2097288 1572866 69632 0 69271552 0 2155872256 0 0 32 3557643265 4456592 537460736 0 2149647745 180371456 1073745920 642 75497536 33588384 1076658177 4202496 2685403271 66128 272 192 0 2 262161 147456 84150272 262144 6 268435456 1074266249 8388608 2147485696 1052808 1073741824 264 2097152 2722368784 1207959552 8192 270533664 17367312 135038080 523 0 16 268435712 0 34078784 8216 2048 302514208 1074274440 524552 0 34078720 10240 8457 1024 1140850688 1048577 8388864 2197816320 537920064 1107296264 33556480 1024 299 578 2097152 33554448 134217728 0 0 17367040 294912 8 1 0 33554432 0 0 270532640 256 786432 2 2097152 38013184 1073741824 8192 1024 0 134251648 9 4 262148 3222011920 9175056 139264 33559176 34080784 32896 11
is_linear=0
shrinkage=0.1


Tree=69
num_leaves=31
num_cat=16
split_feature=8 7 8 10 3 10 6 7 7 7 7 0 0 7 8 9 1 8 2 7 8 7 11 1 4 2 0 10 8 3
split_gain=9.93406 115.709 15.2226 31.7052 19.2925 13.1058 12.0373 117.296 49.1117 47.9243 68.5033 43.8111 39.7113 46.584 29.4074 36.8097 27.2751 66.0734 30.8133 24.2613 27.1169 26.5783 35.5957 43.2586 32.197 25.7916 23.6596 23.7862 23.0913 28.3312
threshold=403.00000000000006 0 395.00000000000006 1250.0000000000002 3.5000000000000004 1450.0000000000002 53.500000000000007 1 2 3 4 5 6 7 489.00000000000006 8 9 475.00000000000006 2.5000000000000004 10 501.00000000000006 11 12 13 14 2.5000000000000004 15 1350.0000000000002 451.00000000000006 7.5000000000000009
decision_type=2 9 2 2 2 2 2 9 9 9 9 1 1 9 2 9 9 2 2 9 2 9 9 9 1 2 1 2 2 2
left_child=1 2 5 -4 -5 -1 7 14 -8 11 12 19 16 -14 -2 -16 -11 18 -18 20 25 22 23 -21 -23 -9 -20 -28 29 -27
right_child=6 -3 3 4 -6 -7 8 9 -10 10 -12 -13 13 -15 15 -17 17 -19 26 21 -22 24 -24 -25 -26 28 27 -29 -30 -31
leaf_value=0.014066273117981021 0.059759340041215372 -0.10169532655578439 0.087010091074972984 0.032864070126493387 -0.16322481131729463 0.1259419959034441 -0.046632055397055894 -0.0760503950312027 -9.5015666729376892e-05 0.031496017628594671 -0.07558866743556758 0.020961967237523135 -0.013354811901272674 -0.1033252947608673 0.027685466542813564 -0.16673214927934032 -0.085127576048241935 -0.13955488584634443 0.054467664650793002 0.013485557546112172 -0.17205441278500458 0.18630991698667643 0.038681334407162059 -0.12839746588383535 -0.11304166460588394 0.048592295237676456 0.036257461961381021 -0.06802352921154739 0.055046289034278523 -0.10020851125416441
leaf_weight=14.757675185799597 439.2113169003278 84.991803145501763 26.308554776012897 8.8002579808235186 11.67244181036949 36.04934267885983 218.81012216769159 26.462871951982379 25463.263543937821 271.80114335380495 168.95641780598089 963.16628585662693 274.84530266840011 66.484153870493174 40.824388451874256 12.789298433810471 30.980867029167712 35.96370314154774 93.567559957504272 45.508434496819973 8.0159882809966785 3.7867576610296965 66.636628977954388 33.822148561477661 70.204013403505087 25.639644246548414 42.609549255110323 44.94609335437417 115.28700903989375 25.542210591956973
leaf_count=36 872 852 48 17 59 59 1084 120 64701 644 868 2707 882 419 82 58 133 162 222 109 42 8 136 168 443 71 96 185 242 122
internal_value=3.21623e-05 -0.0232195 0.0503847 0.014388 -0.0789354 0.093446 0.000180656 0.00627957 -0.000509704 -0.00288331 -0.0191182 0.00925067 -0.00729894 -0.0333214 0.050206 -0.018692 0.010093 -0.0136694 0.00703088 -0.0174131 0.00777807 -0.0397644 -0.0122698 -0.0546072 -0.0860865 0.015653 0.0227945 -0.0155037 0.0302307 -0.0256665
internal_weight=28771.7 182.58 97.5883 46.7813 20.4727 50.807 28589.1 2907.05 25682.1 2414.23 1030.15 1384.07 861.198 341.329 492.825 53.6137 519.869 248.068 212.104 420.906 200.948 219.958 145.967 79.3306 73.9908 192.932 181.123 87.5556 166.469 51.1819
internal_count=75647 1071 219 124 76 95 74576 8791 65785 7779 3611 4168 2743 1301 1012 140 1442 798 636 1461 597 864 413 277 451 555 503 281 435 193
cat_boundaries=0 8 16 21 29 37 38 39 47 48 49 56 62 63 64 65 66
cat_threshold=0 152 289 0 35651656 2057 16 8 0 1318920 603979792 1124089856 35653728 33554452 73993 8 0 335544320 872415232 0 268443648 268435456 3561488384 1350631456 393216 406855680 1091831810 2688 32 0 536874112 134217729 2048 536870912 4194313 134251536 2 546 618 0 536874112 0 0 536870912 1 32768 2 2 216 268435456 4194304 268500992 131072 0 1074003970 2048 0 0 0 262144 268435456 2048 2 72 1 10
is_linear=0
shrinkage=0.1


Tree=70
num_leaves=31
num_cat=17
split_feature=7 10 5 2 7 7 1 7 7 7 0 8 10 8 8 3 7 7 4 7 10 0 7 8 1 7 7 8 3 3
split_gain=9.66072 11.8041 13.0209 9.63487 52.7279 37.635 39.1502 176.093 52.0507 40.2556 36.4129 35.5401 33.0756 42.6502 38.2077 32.6507 71.254 49.6637 40.4019 43.6046 41.5307 35.9728 47.8009 33.6672 32.5576 44.4388 36.4353 32.2525 32.0428 31.7548
threshold=0 1650.0000000000002 2.5000000000000004 6.5000000000000009 1 2 3 4 5 6 7 439.00000000000006 1750.0000000000002 463.00000000000006 517.00000000000011 10.500000000000002 8 9 10 11 1950.0000000000002 12 13 439.00000000000006 14 15 16 485.00000000000006 7.5000000000000009 9.5000000000000018
decision_type=9 2 2 2 9 9 9 9 9 9 1 2 2 2 2 2 9 9 1 9 2 1 9 2 9 9 9 2 2 2
left_child=1 2 -1 -2 -5 -6 7 11 10 -8 -9 29 -12 -14 -15 16 21 -17 19 -19 24 22 -11 -22 26 -26 -20 -21 -10 -7
right_child=3 -3 -4 4 5 6 9 8 28 15 12 -13 13 14 -16 17 -18 18 20 27 23 -23 -24 -25 25 -27 -28 -29 -30 -31
leaf_value=0.084556191091014324 -0.0012470301241638811 0.08237296328320183 -0.14811851454995215 -0.017262394822529815 0.021682177597008127 0.050668511102375573 0.01864888699812705 0.01116140468061751 -0.23253224955599855 0.053983456242274665 -0.14514947146363258 0.035350901681687384 0.089716135346950943 -0.20624892429392028 0.072858249284697085 0.0073963586883373806 -0.010889806695053602 -0.011355762956427375 0.05322206311901944 -0.063774828230076297 0.093808324674126128 0.059790215278664773 -0.090869777262198137 -0.076253653324226192 0.019402771422055876 -0.058649559938971134 -0.010018108353978695 -0.18080946482094185 -0.082277821691410125 -0.16052522406606931
leaf_weight=4.3758721686899644 20251.639728298411 32.313371461816132 5.3405451532453299 1128.4006022093818 1240.3997145062312 11.73776848614216 1697.2495787739754 144.30574586987495 15.048160256817935 37.857045937329531 38.506912063807249 440.85496275126934 19.814777370542288 14.61147426068783 7.3828828185796729 1348.8208604753017 454.52160616125911 232.49242583289742 186.57568338140845 195.71638629958034 12.972607534378765 340.31321910396218 34.612422549165785 113.41316364239901 135.23387821391225 142.70474054198712 169.77771379984915 26.767411621287465 249.76544620213099 18.094628746621311
leaf_count=14 53729 62 39 3732 2910 33 3951 310 78 70 153 813 35 68 9 3232 1121 641 328 772 23 533 139 385 296 450 481 126 1006 108
internal_value=1.48874e-05 0.0430661 -0.0433315 -6.31167e-05 0.00277156 0.00587137 0.00262034 -0.015812 -0.0572933 0.00609482 -0.0194568 0.0276161 -0.0696139 -0.0166947 -0.112561 -0.000150168 0.016622 -0.00582309 -0.0203838 -0.0441238 -0.00645244 0.0460635 -0.01783 -0.058798 0.00397767 -0.0213175 0.0236415 -0.0745066 -0.0875115 -0.0774295
internal_weight=28751.6 42.0298 9.71642 28709.6 8457.95 7329.55 6089.15 960.123 489.435 5129.03 224.622 470.687 80.316 41.8091 21.9944 3431.78 867.304 2564.47 1215.65 454.976 760.678 412.783 72.4695 126.386 634.292 277.939 356.353 222.484 264.814 29.8324
internal_count=75647 115 53 75532 21803 18071 15161 2613 1659 12548 575 954 265 112 77 8597 1863 6734 3502 1539 1963 742 209 408 1555 746 809 898 1084 141
cat_boundaries=0 6 14 22 23 31 39 47 48 56 64 65 72 73 81 82 90 98
cat_threshold=134236416 268435456 0 0 0 192 268435456 9224 637599744 34111490 159386056 2156920833 1241513984 515 1157698598 538511362 3355705856 1073741824 339738625 536871424 24576 20 196907 2183135744 262832 16810248 2148541440 2883584 33816594 821889 8 532480 2151677953 32 149504 0 1076363272 65808 1152 536870912 1174405377 277349424 18876416 46592 1080043780 4352 1152 598 0 2151677968 9 2147876864 539492384 16777216 560128 8 2181300224 262656 33024 147456 2718957568 34078746 853144 288 2 2097152 4194320 2097152 263168 2883584 262144 2049 138 0 2151677952 0 0 2097152 0 525312 8 34948 512 2151678096 1 0 524288 262144 512 8 0 2147483648 0 2147745792 2097184 0 33281 8
is_linear=0
shrinkage=0.1


Tree=71
num_leaves=31
num_cat=26
split_feature=3 7 2 7 7 7 3 11 1 7 7 7 0 7 7 7 7 1 0 0 0 7 1 7 7 7 7 1 8 7
split_gain=9.17468 58.6608 52.4817 108.818 62.2798 60.9725 60.7901 53.1103 43.0493 227.923 87.2368 85.8617 41.4718 102.574 54.3381 51.3341 43.0739 39.24 42.2304 35.6365 35.4463 92.2959 56.2714 41.0208 48.2062 57.2541 47.2829 37.859 36.7678 44.8581
threshold=8.5000000000000018 0 5.5000000000000009 1 2 3 7.5000000000000009 4 5 6 7 8 9 10 11 12 13 14 15 16 17 18 19 20 21 22 23 24 495.00000000000006 25
decision_type=2 9 2 9 9 9 2 9 9 9 9 9 1 9 9 9 9 9 1 1 1 9 9 9 9 9 9 9 2 9
left_child=2 17 5 7 -5 6 -1 -4 11 -10 -11 -3 13 -7 -15 -14 -16 18 -2 -8 21 -6 -23 -22 -25 -26 27 -27 29 -24
right_child=1 8 3 4 20 12 19 -9 9 10 -12 -13 15 14 16 -17 -18 -19 -20 -21 23 22 28 24 25 26 -28 -29 -30 -31
leaf_value=-0.012722154252912865 0.027600172387916452 -0.025548456408211684 -0.076567996331707064 0.055845717037448186 0.046835630379293204 0.051529603183108875 0.016630761960856506 0.0098414829242716405 0.023487307611538579 -0.10179279066792982 -0.029995053615195961 0.0033126325065530485 0.02062365690561823 0.027232723300056494 0.0066538527206667962 -0.0020192259614338847 -0.074024997311534876 0.028202141081796819 -0.076490102249099828 -0.10801893473544638 0.03843485641730543 0.0013481185044605562 0.023607124495499263 0.032326128993356296 0.022610171823877562 0.04821208978567354 -0.12764538778109927 -0.071217758584811178 -0.22162181684316798 -0.11668261865936867
leaf_weight=1729.3307862142101 68.884758842177689 1197.1364551130682 168.17233627662063 454.66088422760367 153.25072120130062 519.38893218245357 33.005356559529901 121.56516320444643 905.83285273611546 191.91465309355408 1322.5729152159765 7047.3715745843947 1094.0242170291021 191.25496147200465 114.43994633108377 10745.649032193236 157.23749613016844 896.65037233941257 72.658979186788201 97.507715510204434 684.99510981701314 117.55533797852695 34.199603989720345 250.60101249441504 124.84273925796151 43.674957811832428 65.29178905300796 43.383228324353695 21.72874962259084 66.149935748428106
leaf_count=5355 222 4053 628 726 241 901 84 327 1868 861 4045 17807 3671 416 255 26999 672 2579 332 429 1085 265 53 468 241 75 484 141 99 265
internal_value=1.50251e-05 -0.0021406 0.0014962 0.0153708 0.0234117 -0.000724662 -0.0175942 -0.0411944 -0.00435376 -0.0160529 -0.0397012 -0.00090399 0.00173466 0.0213723 -0.012837 8.86886e-05 -0.0410106 0.0204391 -0.0273542 -0.0834986 0.0139389 -0.0120124 -0.0500155 0.0223754 0.00120555 -0.0270755 -0.0666751 -0.0125085 -0.0958334 -0.0781463
internal_weight=28734.9 11703 17031.9 2350.07 2060.33 14681.8 1859.84 289.737 10664.8 2420.32 1514.49 8244.51 12822 982.321 462.932 11839.7 271.677 1038.19 141.544 130.513 1605.67 392.884 239.634 1212.79 527.794 277.193 152.35 87.0582 122.078 100.35
internal_count=75647 31767 43880 5098 4143 38782 5868 955 28634 6774 4906 21860 32914 2244 1343 30670 927 3133 554 513 3417 923 682 2494 1409 941 700 216 417 318
cat_boundaries=0 8 15 23 31 32 33 41 49 57 58 66 74 81 89 90 91 92 93 101 102 110 116 124 131 132 139
cat_threshold=528514 330257 100696576 3222315010 2160099328 1573376 1073762304 528 262144 3258975745 32 2181038080 807408136 786432 168034320 16777216 144 2165047297 0 67119104 1090521089 513 264 538972162 272400 2148106768 2147786752 2156432384 17826304 1073823745 8 3 589504 606151172 2215116800 24 278528 268962344 537141266 34349057 1025 262176 1107296256 3221487617 33554432 16785408 2099200 134219008 128 74245 162 536870912 262144 203425992 1073750019 34087424 1025 256 2147483648 369098763 344195104 50333698 270532680 2359558 10256 258 0 2147483744 1073741960 2097152 16777344 537405440 33587200 1056 286728 10486016 553648128 528385 671101312 3393212544 136315976 268435968 5243008 0 1073741824 4128 8 0 4 18320 595 68 578 0 67117088 142606336 18875392 96 0 65664 1152 115153 572522496 537395208 1207959832 133120 35422272 536879104 26752 2 1342177570 1048608 536903680 1092624384 1207959712 4 66049 0 65536 262144 1024 2097168 557320 1540 2215116800 67117056 8388608 0 0 8388616 65536 524736 268435456 0 0 0 1572864 8 8192
is_linear=0
shrinkage=0.1


Tree=72
num_leaves=31
num_cat=9
split_feature=8 10 8 7 7 7 1 10 5 8 5 10 8 8 7 0 1 8 2 8 3 3 3 3 5 2 10 6 1 7
split_gain=9.41258 10.2203 10.0522 52.9833 40.8262 33.1667 30.0931 14.5827 18.4192 12.007 10.4708 10.7838 13.8031 10.4584 56.5449 65.4152 31.1289 29.7923 21.568 20.5943 20.8433 20.3007 26.2698 17.7956 17.6517 19.9852 25.636 12.4466 11.3456 159.258
threshold=569.00000000000011 1250.0000000000002 543.00000000000011 0 1 2 3 1750.0000000000002 3.5000000000000004 555.00000000000011 3.5000000000000004 1950.0000000000002 551.00000000000011 535.00000000000011 4 5 6 539.00000000000011 6.5000000000000009 541.00000000000011 4.5000000000000009 3.5000000000000004 11.500000000000002 13.500000000000002 4.5000000000000009 5.5000000000000009 1550.0000000000002 56.750000000000007 7 8
decision_type=2 2 2 9 9 9 9 2 2 2 2 2 2 2 9 1 9 2 2 2 2 2 2 2 2 2 2 2 9 9
left_child=2 -2 13 -4 9 -6 7 -7 -9 -5 11 12 -8 28 18 16 17 21 -15 20 -17 -16 -23 -19 25 -22 -27 -18 -1 -30
right_child=1 -3 3 4 5 6 10 8 -10 -11 -12 -13 -14 14 15 19 27 23 -20 -21 24 22 -24 -25 -26 26 -28 -29 29 -31
leaf_value=0.0014104145523854959 0.11087234557148584 0.01484648489751543 0.077270427033908407 -0.0035126294478424894 0.028896645726695477 0.020311887534186387 -0.084322045561299075 -0.0075726529868663439 -0.18389328449660405 0.11330186970334588 -0.18125953279090137 -0.018288231289655506 -0.20730630165202701 0.033710470219137693 0.13838288221850256 -0.19293743661904367 0.0091711894729866201 -0.20906995548078311 0.12929610285898091 -0.21614077778645813 0.050099034939763837 -0.15384035229458348 0.07179001485928771 0.011570270485292956 -0.16021947387143462 0.040272545957067335 -0.17615903919650883 0.082697383102132122 0.030112197405310639 -0.007490344273291683
leaf_weight=17840.458271858515 15.226352840662001 40.73955313116312 37.998900711536407 15.335307344794272 33.011764012277126 36.208031814545393 23.453643275424838 14.512189835309984 10.012204604223369 20.645003452897072 31.711266934871674 10.612415485084055 14.938628435134886 42.730368316173553 9.4980837777256983 11.225162416696547 32.866916242986917 12.714710997417571 52.74421726167202 11.038363886997102 22.58941276371479 10.07344473898411 10.579549401998518 5.1304782629013053 10.503657296299933 9.5860365033149737 12.754461135715244 76.872877044603229 1278.4254836472683 8949.5284509547055
leaf_count=47424 12 82 54 34 54 83 78 29 58 19 156 27 72 75 12 57 79 59 38 56 38 40 14 10 59 18 51 117 3370 23372
internal_value=1.47051e-06 0.0409717 -7.85685e-05 -0.0201062 -0.0394848 -0.0595755 -0.0807681 -0.0171862 -0.0795564 0.0497006 -0.12144 -0.107512 -0.132176 9.66343e-05 0.0177706 -0.00969571 0.027328 -0.0357735 0.0783135 -0.0794044 -0.0686736 0.017385 -0.0382606 -0.145636 -0.0435105 -0.0162264 -0.0832909 0.055609 -0.00011173 -0.00276546
internal_weight=28703.7 55.9659 28647.8 248.439 210.44 174.46 141.448 60.7324 24.5244 35.9803 80.716 49.0047 38.3923 28399.3 330.908 235.433 157.736 47.9963 95.4746 77.6971 66.6587 30.1511 20.653 17.8452 55.4336 44.9299 22.3405 109.74 28068.4 10228
internal_count=75647 94 75553 664 610 557 503 170 87 53 333 177 150 74889 723 610 331 135 113 279 223 66 54 69 166 107 69 196 74166 26742
cat_boundaries=0 7 14 20 21 29 30 31 32 38
cat_threshold=0 2 257 33554432 2147483712 0 65536 0 0 262144 0 786432 2148007945 4112 65536 1073742848 8 0 1048576 1073750016 17105 270795268 0 8388608 18874368 0 1 0 1032 157 6664 736648 536870917 67439890 69207056 1076392963 12683264 1207959554
is_linear=0
shrinkage=0.1


Tree=73
num_leaves=31
num_cat=13
split_feature=11 7 7 7 8 2 2 0 8 8 10 8 8 8 7 8 1 10 7 8 3 7 7 8 4 10 4 10 8 0
split_gain=9.26793 237.684 115.672 72.4846 47.0004 40.6213 38.1724 26.3394 23.6342 23.0781 25.2674 21.455 21.1558 23.8139 21.1006 31.8726 25.6886 28.8264 47.6483 25.182 24.4878 72.4839 25.2584 37.6198 28.3193 23.769 27.8101 27.0416 23.3331 63.5374
threshold=0 1 2 3 421.00000000000006 4.5000000000000009 7.5000000000000009 4 491.00000000000006 483.00000000000006 1350.0000000000002 513.00000000000011 463.00000000000006 457.00000000000006 5 543.00000000000011 6 2350.0000000000005 7 479.00000000000006 11.500000000000002 8 9 459.00000000000006 10 1750.0000000000002 11 1350.0000000000002 463.00000000000006 12
decision_type=9 9 9 9 2 2 2 1 2 2 2 2 2 2 9 2 9 2 9 2 2 9 9 2 1 2 1 2 2 1
left_child=1 -1 8 5 -5 7 11 -4 9 -3 -11 -6 13 -8 15 16 20 28 19 -19 22 -22 -2 24 -24 26 27 -25 29 -18
right_child=14 2 3 4 6 -7 12 -9 -10 10 -12 -13 -14 -15 -16 -17 17 18 -20 -21 21 -23 23 25 -26 -27 -28 -29 -30 -31
leaf_value=0.066794324491781784 0.033480340750954213 0.01829522980027511 -0.037023400667460835 0.082353321548558026 -0.13737282699313916 -0.055222093908997176 -0.079151752592090674 0.043788849455166486 0.067370407247346289 0.028763451593874868 -0.22287971996746597 -0.032032765150086781 -0.092236002652810914 0.12814791693449806 0.00082320219692824485 -0.11729127275203546 0.032080033848440249 0.055732290347911578 -0.10526841133257575 -0.079581438862545553 0.023326730676215983 -0.10940211382248666 -0.013884728545133486 -0.058305598715775946 0.075007549026518378 -0.060627596421340191 -0.076860236560618911 0.049561652866227678 -0.0019243521763558419 -0.029682542079002974
leaf_weight=442.13828165736049 385.79508108086884 170.90015253052115 52.862204255536199 14.278029188513754 162.29831913206726 142.58949689380825 9.2673740796744841 109.62093423679471 101.98323293216527 7.3917632251977947 8.6707147657871229 21.949772868305445 22.030412297695875 13.783906102180479 23061.994268217124 25.938482396304607 192.82133378647268 44.642820883542299 69.511931151151657 19.876764606684446 107.18376660719514 55.185881950892508 60.830514273606241 30.975102238357067 87.233128530904651 107.78523224592209 36.323619514703751 93.07939581759274 2054.677500424441 987.05015734676272
leaf_count=752 862 433 140 59 879 419 46 203 161 15 41 66 90 14 59467 116 487 105 294 72 220 314 235 96 182 357 138 179 5529 3676
internal_value=5.89666e-06 0.00829025 -0.0230146 -0.0497336 -0.0899885 -0.0157532 -0.104642 0.0179138 0.0276886 0.0075242 -0.107076 -0.124823 -0.022163 0.0448066 -0.000383627 -0.00675595 -0.00610985 -0.0102132 -0.0556874 0.0121609 0.00824357 -0.0270861 0.0154989 -0.00192603 0.038487 -0.0243115 9.54297e-05 0.0226283 -0.00836048 -0.0195686
internal_weight=28700.7 1279.76 837.626 548.68 243.608 305.073 229.33 162.483 288.946 186.963 16.0625 184.248 45.0817 23.0513 27420.9 4358.91 4332.97 3368.58 134.032 64.5196 964.392 162.37 802.022 416.227 148.064 268.163 160.378 124.054 3234.55 1179.87
internal_count=75647 3318 2566 1916 1154 762 1095 343 650 489 56 945 150 60 72329 12862 12746 10163 471 177 2583 534 2049 1187 417 770 413 275 9692 4163
cat_boundaries=0 1 9 17 25 26 34 35 43 51 59 60 61 62
cat_threshold=8 268435456 2148794624 2684354561 17825794 505415976 17303816 524800 1281 3221225472 71311362 18907392 393216 17367552 1073741845 33903681 40 67108864 1073742857 402915360 2181038080 1081344 2105344 10640 130 42 268435456 76546304 555745408 1048577 471927080 17303812 283136 1281 197402 268435456 0 0 1048576 136316928 4 262656 256 0 1048576 0 1048576 268437536 0 262144 1024 268435456 67108864 16777216 0 337641480 0 512 1281 2 4 320
is_linear=0
shrinkage=0.1


Tree=74
num_leaves=31
num_cat=21
split_feature=8 7 7 1 0 7 7 7 6 1 1 7 7 7 8 8 7 5 7 8 7 0 6 9 7 3 7 10 4 0
split_gain=9.00093 57.4142 52.7431 52.9592 60.4358 57.2076 50.4217 40.124 39.3522 43.7827 36.9402 184.852 85.6344 49.3253 46.8428 44.1493 42.9763 36.7573 33.9722 45.1093 32.521 31.8662 31.593 50.969 31.3395 49.9159 96.5575 32.0128 31.1784 30.5238
threshold=477.00000000000006 0 1 2 3 4 5 6 54.500000000000007 7 8 9 10 11 441.00000000000006 469.00000000000006 12 4.5000000000000009 13 471.00000000000006 14 15 57.750000000000007 16 17 14.500000000000002 18 1250.0000000000002 19 20
decision_type=2 9 9 9 1 9 9 9 2 9 9 9 9 9 2 2 9 2 9 2 9 1 2 9 9 2 9 2 1 1
left_child=2 8 3 -1 6 -6 -5 -3 17 -10 11 -4 15 14 -12 29 -17 -2 19 -14 -8 28 23 -21 25 -15 27 -27 -18 -13
right_child=1 7 10 4 5 -7 20 -9 9 -11 13 12 18 24 -16 16 21 -19 -20 22 -22 -23 -24 -25 -26 26 -28 -29 -30 -31
leaf_value=0.0054850993769115647 -0.09615116806844004 0.022285310059893374 0.039853430548105924 0.038102249476936453 -0.025953874158152014 -0.10219628928720453 -0.0076568373912973275 0.0023523943602702245 0.0021242752382567712 -0.035398125859044671 -0.02723301891935892 -0.035709480442828248 -0.05064037898445143 0.011508994150126059 0.039753105880514512 -0.13630150553704312 -0.018811508957181259 0.01833649325234402 -0.076749105124089612 0.044019160995846691 -0.090698053071987722 0.036359358763806728 0.11123930715672553 -0.19344582460864379 -0.0029574397417442442 0.090281826546659574 -0.099058204342660272 -0.015011081175290314 -0.19296852849612336 0.016204801134266054
leaf_weight=468.47672732290812 106.96043378859758 1105.475745018106 494.56617690529674 144.95984778087586 235.30420958762988 194.96384123153985 146.50596861355007 10757.44930328941 874.79540121089667 473.76325699314475 126.93415925186127 136.81790060922503 268.61210031621158 3310.6556843975559 587.8759534470737 36.932574853301048 26.940091721713543 38.008115529548377 369.90963597269729 35.175744265317917 65.616703481879085 52.541028156876564 32.331362746655941 12.164501883089541 7844.427061831113 50.085859347134829 110.24115241412073 68.184524092823267 16.621924966573715 488.29759474471211
leaf_count=1770 503 2542 1133 486 961 1124 473 24736 2482 1658 777 400 847 8304 1649 153 65 173 1499 64 424 94 36 59 21275 88 487 189 75 1121
internal_value=8.20146e-07 0.00189839 -0.00165299 -0.0212043 -0.0369542 -0.0620375 -0.00586329 0.0042271 -0.016516 -0.0113045 0.000107155 -0.0125524 -0.0302581 0.00217815 0.0274735 -0.00651603 -0.0589114 -0.0661346 -0.0548873 -0.030174 -0.0362711 -0.0135749 0.0350408 -0.0169996 0.000567053 0.00836528 -0.0368146 0.027273 -0.0693456 0.0045304
internal_weight=28681.6 13356.5 15325.1 1255.83 787.351 430.268 357.083 11862.9 1493.53 1348.56 14069.3 1970.91 1476.34 12098.4 714.81 758.151 133.036 144.969 718.193 348.284 212.123 96.103 79.6716 47.3402 11383.6 3539.17 228.512 118.27 43.562 625.115
internal_count=75647 32094 43553 5238 3468 2085 1383 27278 4816 4140 38315 5546 4413 32769 2426 1908 387 676 2505 1006 897 234 159 123 30343 9068 764 277 140 1521
cat_boundaries=0 8 16 17 18 24 32 40 41 42 50 58 66 73 81 87 88 89 96 101 102 103
cat_threshold=66593 1107296266 3592486912 1074528256 16778240 1376260 2359824 385 1141374980 546374144 16778272 33587200 1142984961 2153792258 33554496 1056 4414 968 1140850688 1114112 16778240 33554432 1075872001 2097154 0 536871424 32 0 67113216 256 0 1056 67633548 546374208 16778240 34635776 1075871745 2151699200 33556544 32 630154 69683 16850976 1073741824 1208221824 655360 50408520 1661468676 811520 257 2097153 34079897 2415919105 262144 806879360 8398848 66953 10 134499329 2097152 302580240 1073750018 146800640 1114112 1075855376 128 0 1033 1 0 524288 2048 1 0 2147753986 8388888 2099200 512 262153 134217728 516 0 1048576 0 33554432 2129920 2097154 23 4 2415984640 2453930250 3827302656 2164540416 2164523072 8650777 32768 0 0 1140850944 2164278272 17039360 4 514
is_linear=0
shrinkage=0.1


Tree=75
num_leaves=31
num_cat=19
split_feature=5 7 1 7 8 1 7 8 7 7 7 3 5 8 7 8 7 7 7 3 3 7 9 7 7 8 7 7 2 7
split_gain=9.32068 35.7811 32.9177 74.8438 41.206 30.2087 62.4753 37.2009 83.3343 56.0556 45.5078 37.9212 45.3553 36.397 34.019 35.7217 128.897 57.2278 48.379 33.2946 43.0876 32.0853 31.345 107.704 69.8082 45.2197 42.0174 41.9443 36.1676 46.1823
threshold=3.5000000000000004 0 1 2 503.00000000000006 3 4 445.00000000000006 5 6 7 12.500000000000002 6.5000000000000009 451.00000000000006 8 513.00000000000011 9 10 11 13.500000000000002 10.500000000000002 12 13 14 15 481.00000000000006 16 17 6.5000000000000009 18
decision_type=2 9 9 9 2 9 9 2 9 9 9 2 2 2 9 2 9 9 9 2 2 9 9 9 9 2 9 9 2 9
left_child=2 -2 3 -1 -5 6 -3 8 -8 11 -10 -9 -13 -11 -7 18 -17 -18 -16 20 21 -19 24 -24 -20 27 -27 -25 -26 -30
right_child=1 5 -4 4 -6 14 7 9 10 13 -12 12 -14 -15 15 16 17 19 22 -21 -22 -23 23 25 28 26 -28 -29 29 -31
leaf_value=0.049175950256568055 -0.046343754574636645 0.014737159162779881 0.00040779552411319275 0.0031599938632368308 -0.085280268588679015 0.015387977541628109 0.087464493671676607 -0.044154800667537693 0.042817775333418157 -0.09283192956499399 -0.065223973830938434 -0.14980561133593776 0.22533409534181043 -0.010479930887353689 0.0087822170235528005 0.048432721653714046 0.018080352933340271 -0.0044649825074488626 0.013983618302309745 -0.18422333993579013 0.024500404787067359 -0.091995136580773407 0.0013476796039631569 0.006335691239317421 -0.035303178182633899 0.0013707280665621955 -0.063206702063970679 -0.10335084580485084 0.036597728679820439 -0.029720774070716216
leaf_weight=436.08475059270859 171.49310845602304 719.92369899339974 16809.221233441494 384.65155895240605 61.042091783136129 1445.9948416887783 91.178956400603056 399.42950247135013 52.873404897749424 55.971329226158559 102.59274923289195 57.582251377403736 3.4139445079490534 1304.3024454796687 1783.693648586981 548.37936666980386 213.72134887613356 72.448227796703577 1111.2599746035412 17.574822522699833 71.572184433229268 131.76960770040751 854.89161171298474 48.916763488203287 699.98445990029722 202.133690033108 199.94036740763113 206.0723984669894 192.84346370398998 207.80193425994366
leaf_count=560 1020 1942 42965 790 173 4145 170 1773 91 266 573 349 9 4172 4127 864 477 176 2612 78 148 488 2165 167 2210 448 715 936 372 666
internal_value=-1.78263e-05 -0.00230823 0.00140214 0.0201243 -0.0087563 -0.00156438 -0.0105115 -0.0193327 0.0170201 -0.0243635 -0.0281124 -0.0541926 -0.128809 -0.0137673 0.00155862 -0.00150712 0.0153434 -0.0209819 -0.00473908 -0.0490973 -0.0422666 -0.0656664 -0.0112092 -0.0223362 -0.00365391 -0.0523741 -0.0322798 -0.0861134 -0.0213944 0.00237209
internal_weight=28658.8 10967.8 17691 881.778 445.694 10796.3 2787.27 2067.34 246.645 1820.7 155.466 460.426 60.9962 1360.27 8009 6563 1055.47 507.086 5507.54 293.365 275.79 204.218 3723.84 1511.95 2211.89 657.063 402.074 254.989 1100.63 400.645
internal_count=75647 31159 44488 1523 963 30139 9345 7403 834 6569 664 2131 358 4438 20794 16649 2231 1367 14418 890 812 664 10291 4431 5860 2266 1163 1103 3248 1038
cat_boundaries=0 8 9 16 17 25 32 39 46 54 62 70 78 86 87 95 103 110 116 123
cat_threshold=70689 262144 69271552 8192 2155872256 65536 0 32 384 304152576 1078468617 134217992 2048 537919520 270336 33816960 192 2097792 1174407576 1107297312 1074003969 4203520 1048849 98304 283 268435456 524289 8388608 2147616768 1052800 1073741830 776 0 3 277086225 2147633152 85203144 264206 528 0 0 256 16777216 34078792 8200 16 514 545259521 168034433 2150400000 623116352 2147483783 33556048 256 67895300 5243938 2164293904 34737152 1049088 10493968 788609 1024 1342177288 1073750096 8912936 0 1207963936 1627389952 1073741824 8 2734694400 35652104 1073741824 16793600 1074300936 571216392 134340608 148 0 2148007936 0 2 0 786440 2097408 4 4 1342177280 1078984834 277348664 1024 134217888 8388608 262409 1035 4 2215126146 512 1107429378 303052416 1090521088 2099584 520 262148 67109888 0 33556480 1048576 8208 526336 69206016 8192 0 0 512 2048 0 1074790400 2164785184 1048576 0 2105360 524297
is_linear=0
shrinkage=0.1


Tree=76
num_leaves=31
num_cat=12
split_feature=10 7 7 7 8 3 8 3 8 8 8 2 3 4 2 5 2 8 5 7 7 3 8 3 7 9 7 7 1 7
split_gain=9.12083 101.134 39.749 40.0345 28.5086 23.5776 18.3869 17.4544 20.5881 17.2944 57.7972 16.6047 26.0845 18.1654 30.5088 16.4542 39.0733 14.5111 12.7152 49.1134 27.6771 18.0139 15.2709 12.6767 64.2449 61.9186 97.2881 77.5741 68.2307 54.978
threshold=1075.0000000000002 0 1 2 425.00000000000006 12.500000000000002 469.00000000000006 3.5000000000000004 451.00000000000006 469.00000000000006 439.00000000000006 5.5000000000000009 6.5000000000000009 3 1.5000000000000002 3.5000000000000004 4.5000000000000009 473.00000000000006 7.5000000000000009 4 5 4.5000000000000009 487.00000000000006 8.5000000000000018 6 7 8 9 10 11
decision_type=2 9 9 9 2 2 2 2 2 2 2 2 2 1 2 2 2 2 2 9 9 2 2 2 9 9 9 9 9 9
left_child=1 4 15 7 -1 -5 -7 8 -4 10 -9 12 13 -6 -15 -3 -17 -11 23 22 21 -21 -20 -2 -25 27 28 -26 29 -27
right_child=18 2 3 5 11 6 -8 9 -10 17 -12 -13 -14 14 -16 16 -18 -19 19 20 -22 -23 -24 24 25 26 -28 -29 -30 -31
leaf_value=-0.08703121412272212 0.0016092236256995227 0.036485667447871246 0.0071878965375342238 -0.12387526228036594 0.067088582617439427 -0.14609364516119883 0.053842517269614233 0.066829474774171269 -0.17645083422988117 0.15279090653334415 -0.1498134984018947 0.076335033273932706 -0.10531214403374717 0.088200635515439288 -0.093609799508737046 -0.18727893950376076 0.019444026393532692 0.022918463216661591 0.14353024038531464 -0.1046617406682683 -0.10691446255733433 0.0400347361701558 0.012887487100471115 -0.020608124783145328 -0.011859475089834856 -0.062609739552301855 0.002457203920084635 0.015597056642833288 -0.043805414380013459 0.01723134824490621
leaf_weight=14.426552448421715 16467.933960634284 111.25376458838582 12.262341892346742 87.457808616571128 97.839306205511093 6.6276792343705919 15.032013447955249 27.08640843629837 12.158262040466068 11.052824079990385 22.580442920327187 187.15088565833867 12.733626049011944 16.305748760700226 21.268459729850292 12.299032382667063 35.634715877473354 38.820451878011227 18.166298069059849 11.625118266791103 56.935056453570724 33.105270970612764 17.631128922104836 1697.9965517553501 1419.2608908368275 98.0537372790277 2956.817976238206 3686.1935315304436 1001.760297363624 417.42187424190342
leaf_count=74 42191 189 34 513 168 50 35 51 57 13 90 286 55 25 83 59 92 78 24 43 668 57 44 5753 3871 327 7745 8916 3134 922
internal_value=-1.87592e-05 0.0109237 -0.0238535 -0.0495485 0.0492064 -0.092285 -0.00733622 -0.0078486 -0.0842401 0.0101044 -0.0316647 0.0565357 0.0315236 0.044391 -0.0147111 0.0144733 -0.0335978 0.0517006 -0.000309948 -0.0306485 -0.0631142 0.00198529 0.0618951 -0.000159638 -0.00274261 0.000445152 -0.00814265 0.00797176 -0.0286274 0.00114152
internal_weight=28624.9 741.99 392.266 233.078 349.725 109.118 21.6597 123.961 24.4206 99.5401 49.6669 335.298 148.147 135.414 37.5742 159.188 47.9337 49.8733 27882.9 137.463 101.665 44.7304 35.7974 27745.4 11277.5 9579.51 4474.05 5105.45 1517.24 515.476
internal_count=75647 1952 1261 921 691 598 85 323 91 232 141 617 331 276 108 340 151 91 73695 836 768 100 68 72859 30668 24915 12128 12787 4383 1249
cat_boundaries=0 8 16 23 24 30 37 45 46 54 62 63 70
cat_threshold=1073741824 537395200 1006895104 33824768 723517576 50595857 67592 256 33554432 1073742864 256 2048 576 1074266112 134218385 34 0 67108872 0 16777216 270008320 65536 42240 2 0 1073741824 8913408 1048576 0 2049 536870912 544 2147483648 0 32768 2097152 2097152 16785921 536870946 671940865 5120 220201152 1610614789 136316416 128 2 1342242816 1075315840 67108880 19146752 2181300264 1581056 821392 1060 67371044 33554440 8388648 671744 806369793 2197815322 8456 770 61460 268435456 1048576 0 2048 0 524288 296960
is_linear=0
shrinkage=0.1


Tree=77
num_leaves=31
num_cat=15
split_feature=0 7 7 7 7 1 7 1 3 2 11 8 6 1 0 7 11 1 2 7 6 8 10 3 6 3 3 8 10 8
split_gain=9.03835 70.4914 67.5589 50.8523 49.0886 62.5753 41.1584 40.2153 39.0438 34.0821 38.8524 36.7379 34.0052 30.2281 29.1016 50.4271 39.3513 27.1123 25.3921 24.7443 24.5305 55.4245 23.8194 32.5738 23.7127 43.4669 38.6522 34.209 27.4536 26.312
threshold=0 1 2 3 4 5 6 7 16.500000000000004 7.5000000000000009 8 479.00000000000006 53.500000000000007 9 10 11 12 13 3.5000000000000004 14 56.750000000000007 481.00000000000006 1350.0000000000002 14.500000000000002 54.500000000000007 3.5000000000000004 10.500000000000002 439.00000000000006 1550.0000000000002 467.00000000000006
decision_type=1 9 9 9 9 9 9 9 2 2 9 2 2 9 1 9 9 9 2 9 2 2 2 2 2 2 2 2 2 2
left_child=1 13 7 17 5 6 -3 9 14 10 11 -2 -9 20 16 -16 -7 -4 -18 -19 21 -1 -11 -24 25 -12 27 -27 -29 -30
right_child=2 4 3 -5 -6 8 -8 12 -10 22 24 -13 -14 -15 15 -17 18 19 -20 -21 -22 -23 23 -25 -26 26 -28 28 29 -31
leaf_value=0.050942617843059292 -0.057220241561467024 0.036907903736368847 0.04788964999538535 -0.0012007907535965423 0.0010880748315021775 0.038589157306454902 -0.030531337013689503 0.05473808425389988 0.11833692481726275 0.10734822712294592 -0.14108635840076608 0.18090468209853353 -0.098616186124481725 0.01383261418980136 -0.0028261688841879715 -0.095807120197059586 -0.11685516227196542 0.046065909701627661 -0.02571607819244472 -0.031721591949795618 0.069694695337028184 -0.10250522232119448 0.046876428529451598 -0.13164535683668788 -0.059423048136709691 -0.13007678053916649 -0.13322103681603087 -0.010742556514341854 0.15168664726219527 -0.0041681360258901947
leaf_weight=98.527385452762246 10.198310427367689 211.16758680902421 323.79711911268532 16197.813523435732 8610.0448192772456 72.331465533003211 144.29887697845697 16.181258221156895 14.252772232517598 32.009992877021432 20.145074412226677 17.764934802427888 135.89418269367889 1442.8424541922286 90.512105306610465 214.24624978890643 41.36605428904295 54.703538816422224 117.12514493428171 101.40084010828286 208.67951031774282 30.927218776196241 36.78079504519701 14.15399752371013 234.00624926714227 10.29911253787577 14.514676516875623 31.644527189200744 37.767179030925035 15.188308421522377
leaf_count=177 49 625 942 41179 22975 194 424 61 23 67 142 21 770 3244 211 1163 225 173 420 424 303 100 108 117 1103 88 105 103 55 56
internal_value=-2.59995e-05 0.00217313 -0.00146201 -0.000241492 -0.00125134 -0.0232696 0.00944514 -0.0334361 -0.0442105 -0.0180982 -0.0308155 0.0692831 -0.077221 0.0203741 -0.0493617 -0.0691592 -0.0193866 0.0315007 -0.0465653 -0.00333034 0.0470879 0.0142833 0.0397501 -0.00273204 -0.0393382 -0.00609765 0.0187562 0.0420009 0.0629495 0.106986
internal_weight=28600.6 11296.3 17304.3 16677.7 9515.35 905.3 355.466 626.549 549.834 474.473 391.528 27.9632 152.075 1780.98 535.581 304.758 230.823 479.901 158.491 156.104 338.134 129.455 82.9448 50.9348 363.565 129.559 109.414 94.8991 84.6 52.9555
internal_count=75647 30084 45563 42718 26260 3285 1049 2845 2236 2014 1722 70 831 3824 2213 1374 839 1539 645 597 580 277 292 225 1652 549 407 302 214 111
cat_boundaries=0 1 9 16 24 32 33 41 42 43 44 45 52 53 54 60
cat_threshold=306 2250768388 270598176 263169 33818625 9511048 2164277520 192 8 2148007940 268763168 268698624 33816576 10485896 16777472 1032 134293896 2304 65536 2147512322 2164261888 672141376 2113536 4 339976 34081024 528 2149086210 637535232 536875011 2424832 5 115118 262144 2048 0 2147495938 536870912 0 327680 4 149972 8 180528 288 12296 0 0 1049600 33554432 536870912 2097152 4 203684 0 2304 0 24578 0 536870912
is_linear=0
shrinkage=0.1


Tree=78
num_leaves=31
num_cat=23
split_feature=5 7 1 7 8 0 3 7 1 7 6 10 8 7 7 7 1 7 0 1 7 7 8 0 1 7 1 1 7 7
split_gain=9.1393 36.3768 32.7377 40.4328 39.0546 37.7477 31.8435 75.1443 37.2301 34.6337 28.7351 28.1374 27.3513 97.3092 74.9968 54.4649 53.9953 53.249 69.7686 68.4004 59.3123 49.6631 44.7856 37.3191 54.4122 50.2244 34.9724 34.6348 84.6648 42.1308
threshold=4.5000000000000009 0 1 2 471.00000000000006 3 11.500000000000002 4 5 6 58.250000000000007 1350.0000000000002 503.00000000000006 7 8 9 10 11 12 13 14 15 441.00000000000006 16 17 18 19 20 21 22
decision_type=2 9 9 9 2 1 2 9 9 9 2 2 2 9 9 9 9 9 1 9 9 9 2 1 9 9 9 9 9 9
left_child=-1 2 5 4 -4 -2 7 8 -7 -8 -11 -9 14 26 -3 -15 -17 23 20 21 -19 -20 -21 24 -16 -26 -14 29 -29 -25
right_child=1 12 3 -5 -6 6 9 11 -10 10 -12 -13 13 15 17 16 -18 18 19 22 -22 -23 -24 27 25 -27 -28 28 -30 -31
leaf_value=0.00079859789129963551 0.063983788459231472 0.022316096048649869 -0.11085867591497223 -0.075744112310496284 0.03565368212664121 -0.077809337104747883 0.069347455828782073 -0.16277588770649945 0.014375567708675955 -0.030417286529859384 0.13636969746242564 -0.061457879244408299 -0.018496664306179439 0.020788086690505896 0.013338225346342545 -0.0075985831380941992 -0.090884156232758639 0.021606237172604254 0.038528933526635639 0.031245530742664264 -0.049519698077822381 -0.057152635680247234 -0.11510284676657356 0.075247605303934775 0.0036903798505753139 -0.09312178705690706 0.064789665769760224 0.03306815732154627 -0.053710065635524398 -0.00049189544462496652
leaf_weight=23566.315961526707 55.422840695828199 759.22004646714777 23.365853559225798 186.7687767399475 82.194812569767237 40.885800343938172 71.260448072105646 32.555185477249324 305.38316008727998 113.38673871196806 11.365082003176211 173.43393097119406 59.823492811061442 306.05638447031379 216.52350122667849 235.53651831764728 112.30624419124797 301.81798932515085 88.476483061909676 23.164516757242382 178.17237047385424 113.37741951365024 214.88774400576949 152.21546223154292 92.002068992704153 137.00666675623506 343.37760689295828 252.47392917890102 186.81901427125558 143.73448439128697
leaf_count=58875 99 2268 123 923 238 264 149 195 935 447 7 728 191 752 625 812 546 755 205 99 1010 551 1220 285 272 580 635 655 833 370
internal_value=-2.61744e-05 -0.00390345 -0.019914 -0.0481721 0.00294426 -0.00916994 -0.0153606 -0.0278559 0.00161233 0.0190608 -0.014093 -0.0738837 0.000625745 0.0143719 -0.00445303 -0.00965692 -0.0362769 -0.0141667 -0.0320988 -0.0606072 -0.0052675 -0.0153745 -0.0967957 -4.4177e-05 -0.0225926 -0.0557013 0.0522838 0.0137392 -0.00421024 0.0396493
internal_weight=28579.3 5013.01 1096.02 292.329 105.561 803.693 748.27 552.258 346.269 196.012 124.752 205.989 3916.99 1057.1 2859.89 653.899 347.843 2100.67 919.897 439.906 479.99 201.854 238.052 1180.78 445.532 229.009 403.201 735.243 439.293 295.95
internal_count=75647 16772 4108 1284 361 2824 2725 2122 1199 603 454 923 12664 2936 9728 2110 1358 7460 3840 2075 1765 756 1319 3620 1477 852 826 2143 1488 655
cat_boundaries=0 8 9 17 18 26 27 35 42 50 57 58 66 67 68 75 82 83 84 92 93 94 101 109
cat_threshold=50332192 67109504 1207959552 2147616768 623903232 1082654738 2689 1294 111232 0 512 134217728 0 0 1082130432 2560 1026 8 33554432 128 1207959552 2147485696 622854144 524288 1 268 128 0 0 0 0 1049088 16 1 1024 1409351680 2689074288 16810256 34612224 2147746048 537137152 136577344 2147484677 36700161 33817216 2113538 1509983368 33554944 1073823744 561 539230210 1073741826 2155872297 1074003968 1073750120 2099212 34086912 189056 805306368 1078206472 285736968 17563648 538688 18884617 34087960 128 293 184320 262144 525362 2147516673 1024 32 537133056 256 69206016 32 8388641 33554432 32 4 294912 43 704832 0 1077936128 524288 17039360 0 0 33555480 128 16896 594432 536870912 8200 16777224 16777216 12288 16777216 533520 268435456 1078198272 268435456 524288 2112 2099208 8192 128
is_linear=0
shrinkage=0.1


Tree=79
num_leaves=31
num_cat=15
split_feature=5 7 1 7 7 0 7 7 7 3 4 8 8 6 8 3 8 7 5 8 0 6 7 1 3 5 0 8 8 12
split_gain=9.03809 66.5933 47.1571 54.0907 37.6343 30.5699 109.094 52.7599 33.4701 28.5456 26.1464 26.1182 25.7664 25.7061 36.1985 25.0741 24.9537 34.4815 24.9013 23.9752 26.5631 33.3696 21.3422 20.0683 19.4371 18.0691 28.2082 22.4676 25.5608 17.5835
threshold=5.5000000000000009 0 1 2 3 4 5 6 7 9.5000000000000018 8 475.00000000000006 457.00000000000006 55.750000000000007 483.00000000000006 15.500000000000002 477.00000000000006 9 6.5000000000000009 541.00000000000011 10 58.750000000000007 11 12 15.500000000000002 6.5000000000000009 13 461.00000000000006 451.00000000000006 14
decision_type=2 9 9 9 9 1 9 9 9 2 1 2 2 2 2 2 2 9 2 2 1 2 9 9 2 2 1 2 2 1
left_child=-1 2 25 11 15 6 9 -7 12 22 -8 -4 -9 -11 -15 -3 17 -12 -5 20 23 -22 -6 -10 -18 27 -27 28 -2 -14
right_child=1 4 3 18 5 7 10 8 19 13 16 -13 29 14 -16 -17 24 -19 -20 -21 21 -23 -24 -25 -26 26 -28 -29 -30 -31
leaf_value=0.00042525006203844042 0.038927537363995478 -0.097366997847662229 -0.070758420621702386 -0.10555627243071636 -0.067046985743455065 0.022189230967348386 -0.024634183753564423 -0.14402971681978058 -0.072424798387874051 0.19967850174681989 0.040385905862306573 0.089602970901032863 0.015685301329937371 -0.15654793425912802 0.087870950225319461 0.13673438854467046 -0.15456927341688376 -0.10321589525140325 -0.0068512366812495803 0.092888454516925026 -0.13708150998988902 0.00099599671051937952 0.026368459489644416 0.030638177940745193 0.055315231475205208 0.068906102191706411 -0.033915196792282054 0.075627454956829154 -0.17225443112637065 -0.053222347456908063
leaf_weight=26793.444948081626 20.906174603849653 88.922405649907887 12.646901935338972 62.834976667538285 27.106243472546339 408.97526170313358 46.888366263825446 12.370845850557087 20.292277417611331 14.406243981793521 22.382700953632593 51.577223997563124 203.00017156079412 7.3582025580108157 34.32500933110714 4.8234546668827525 85.050926924683154 38.465532165952027 43.083936038427055 9.3049609046429378 83.440842311596498 22.148638692684472 62.420469459146261 41.25126993143931 4.6537806410342446 35.856230098754168 54.814171451609582 195.77885757945478 7.8961087502539149 34.915283201262355
leaf_count=68576 58 873 65 314 161 1197 185 83 130 24 44 99 621 48 71 28 514 278 167 27 747 71 167 199 14 64 242 384 44 152
internal_value=-3.04798e-05 -0.0069766 0.0242641 -0.0177704 -0.0189352 -0.0136999 -0.0384523 -0.00320449 -0.0274928 0.0267494 -0.0855109 0.0502074 -0.00319377 0.0845235 0.0447245 -0.0770978 -0.11015 -0.0607184 -0.0597642 -0.0599421 -0.0720372 -0.0987645 -0.00645892 -0.0087173 -0.143681 0.0467993 0.0106053 0.0634957 -0.0189677 0.00399501
internal_weight=28551.3 1757.9 485.395 170.143 1272.5 1178.76 343.057 835.7 426.724 145.616 197.441 64.2241 250.286 56.0895 41.6832 93.7459 150.553 60.8482 105.919 176.438 167.133 105.589 89.5267 61.5435 89.7047 315.252 90.6704 224.581 28.8023 237.915
internal_count=75647 7071 1437 645 5634 4733 1506 3227 2030 471 1035 164 856 143 119 901 850 322 481 1174 1147 818 328 329 528 792 306 486 102 773
cat_boundaries=0 8 9 16 23 24 32 40 48 49 55 56 63 64 65 66
cat_threshold=2147745793 2181300274 268435456 1073743874 2030086272 786432 136381632 514 692864 1 33554432 0 1073741826 1073750016 262144 1088 1075838976 0 1115684896 2148271104 2097664 0 33565184 106 4 534016 134512640 1048576 34603040 0 524297 1408 905969664 1081081864 2147516929 17825792 67895368 52439068 1073774608 4 0 536870913 17563928 2228224 0 1610616833 278528 8 1 0 8 2147483648 0 524288 2097152 5 0 9728 134479872 0 0 0 8 49408 33 12
is_linear=0
shrinkage=0.1


Tree=80
num_leaves=31
num_cat=17
split_feature=8 3 10 10 7 7 7 10 1 7 7 0 11 10 7 1 7 7 0 7 6 8 7 2 10 8 0 2 12 5
split_gain=8.80286 10.5374 8.90683 8.66514 76.9542 43.1399 40.118 30.8259 28.7971 31.037 30.013 29.2028 34.0566 27.8791 27.3684 38.3968 56.8983 42.9531 39.7595 32.8212 26.7891 25.872 25.7827 25.6275 49.1802 29.2566 25.4913 26.9764 24.5982 23.8817
threshold=385.00000000000006 11.500000000000002 1950.0000000000002 1350.0000000000002 0 1 2 1650.0000000000002 3 4 5 6 7 2050.0000000000005 8 9 10 11 12 13 54.500000000000007 405.00000000000006 14 2.5000000000000004 1250.0000000000002 435.00000000000006 15 6.5000000000000009 16 5.5000000000000009
decision_type=2 2 2 2 9 9 9 2 9 9 9 1 9 2 9 9 9 9 1 9 2 2 9 2 2 2 1 2 1 2
left_child=1 -1 -3 4 8 7 -6 -5 10 -10 -2 -11 -13 -9 29 17 28 23 19 -19 -14 -18 -7 24 25 -16 27 -12 -17 -8
right_child=3 2 -4 5 6 22 14 13 9 11 26 12 20 -15 15 16 21 18 -20 -21 -22 -23 -24 -25 -26 -27 -28 -29 -30 -31
leaf_value=-0.12070971562452189 0.064749473899484697 -0.11614391712749723 0.12149881087860311 -0.082223145700450903 0.0092222691562628065 0.0091657515666646663 0.00022154013188454928 -0.010225401155844646 0.03783425521471942 0.018486750312338766 -0.097210978281101659 0.018854295987911694 -0.15767826996245815 -0.14321596206771409 0.084470144661773411 -0.060564686933849615 0.097684520622858109 0.05257654832028729 -0.089531728600528784 -0.039046275548352834 -0.043557772964741358 -0.066528457930458376 -0.0016011470188425213 0.050721830285572395 0.20485589737085841 -0.1761130542481566 0.031716670088479192 0.03460875474159026 0.0025923410295992898 -0.053728151305754139
leaf_weight=12.749188476940619 276.22698279470205 2.5018145721405736 4.2672430947422981 99.899349136976525 1906.0150655473117 2508.7341903294437 2022.896260548383 274.7602681289427 252.10462112352252 244.23541209846735 35.984356295317411 84.982324432581663 25.075462814420462 16.722268012352288 5.6529877763241592 63.911221254616976 9.8448433144949359 62.353610567748547 61.273981121834368 75.180581165011972 114.47850341908634 377.07628450077027 19002.140336930752 181.74415627494454 6.0666246116161338 18.116117274388671 299.84113083174452 27.304720347747207 373.62927723955363 85.520452601835132
leaf_count=188 531 45 18 751 4896 7144 4806 1275 566 478 131 211 131 150 21 300 37 140 339 402 351 1759 48107 436 6 95 570 50 1255 458
internal_value=-3.67563e-05 -0.0671708 0.0336671 9.20153e-06 0.00318268 -0.000948469 -0.00232697 -0.0334307 0.0242836 0.0102166 0.0397425 -0.00511616 -0.0304834 -0.017855 -0.00891912 -0.0206945 -0.033083 0.0043889 -0.0282708 0.00324073 -0.0597797 -0.0607794 -0.000341768 0.034968 -0.0492762 -0.114139 0.0194946 -0.0348359 -0.0077801 -0.00195745
internal_weight=28531.3 19.5182 6.76906 28511.8 6609.51 21902.3 5249.28 391.382 1360.23 720.876 639.357 468.772 224.536 291.483 3343.27 1234.85 824.462 410.388 198.808 137.534 139.554 386.921 21510.9 211.58 29.8357 23.7691 363.13 63.2891 437.54 2108.42
internal_count=75647 251 63 75396 17969 57427 14950 2176 3019 1737 1282 1171 693 1425 10054 4790 3351 1439 881 542 482 1796 55251 558 122 116 751 181 1555 5264
cat_boundaries=0 8 16 24 25 33 41 42 43 51 52 60 65 66 73 81 82 83
cat_threshold=1141440672 805371904 2097288 2641920 571548160 21578248 0 50 1073741824 65536 874512512 544768 8192 16793600 0 32 268435460 4202624 1007419664 0 83888512 2099474 134579457 1032 46692 589824 805306368 0 4096 74240 16793608 0 48 1140850688 65536 2097160 2641920 0 524288 0 32 202 4 33554433 2216428826 65537 50473984 268697664 262149 10888 1 57645 16781312 1107296257 8388608 1074036736 2281701376 1108353024 34078720 256 262144 2048 1073741856 2147483648 2625576 562 2097152 33554432 8388608 0 0 33562624 33554448 288520 263168 1115685888 2147745792 14681089 2291146944 34078720 768 517 2
is_linear=0
shrinkage=0.1


Tree=81
num_leaves=31
num_cat=14
split_feature=8 7 8 10 3 3 6 7 0 7 0 11 3 8 9 3 1 7 7 8 8 9 6 8 10 10 3 7 1 1
split_gain=8.59383 91.2313 10.1745 24.5522 17.12 13.2902 9.14632 55.2536 32.6502 45.8523 23.9509 35.8941 28.0705 33.2868 32.838 32.7711 24.4734 36.7915 23.6379 26.4871 23.1961 22.8249 28.6907 21.7766 26.3848 25.1959 29.4478 26.4741 39.2034 19.6876
threshold=403.00000000000006 0 395.00000000000006 1250.0000000000002 3.5000000000000004 7.5000000000000009 52.500000000000007 1 2 3 4 5 1.5000000000000002 455.00000000000006 6 12.500000000000002 7 8 9 515.00000000000011 427.00000000000006 10 51.750000000000007 421.00000000000006 1750.0000000000002 1075.0000000000002 1.5000000000000002 11 12 13
decision_type=2 9 2 2 2 2 2 9 1 9 1 9 2 2 9 2 9 9 9 2 2 9 2 2 2 2 2 9 9 9
left_child=1 2 5 -4 -5 -1 7 10 9 -9 11 16 -12 14 -14 -16 -2 -18 19 20 -8 22 -13 24 -10 -25 -27 -28 -29 -22
right_child=6 -3 3 4 -6 -7 18 8 23 -11 12 21 13 -15 15 -17 17 -19 -20 -21 29 -23 -24 25 -26 26 27 28 -30 -31
leaf_value=0.015666402119921572 0.019387565575683826 -0.089050279588407499 0.082656628540222765 0.035976268925577426 -0.15785281638360263 0.12850687233093369 -0.13435192572709068 0.013436132441594551 0.0023808905629100867 -0.098329517302299094 0.16455766580559228 -0.17280520635297186 0.048625713447840849 0.088523846407848203 -0.16984805609892958 0.066261086737827476 0.037772152133398011 -0.108970972743043 8.1146661894369756e-05 -0.13957095328737076 0.034858548889957666 0.08295577648209683 0.03490676510526499 0.043082333066544833 0.11535472879549243 -0.12328075963356661 0.012631620814340123 -0.0055342607815714508 -0.093001527293494937 -0.023046013913864433
leaf_weight=16.506207980215549 73.209638606756926 86.987341429339722 25.575635246932507 8.4195497483015078 9.9326935745775682 28.389788074418902 16.583744892850518 66.490496497601271 49.410651353187859 76.229631298454478 24.644362166523933 8.325895242393015 49.261353295296431 99.627617680933326 17.352819101884965 8.8901323452591878 23.064025562256575 43.950605437159538 26540.919749370078 18.89213490113616 62.351933444850147 89.281450562179089 33.03581647016108 96.714665035717189 35.543827395886183 22.874851835891604 298.22826422657818 184.56378744821995 64.233218346722424 333.8050173050724
leaf_count=43 170 883 44 15 52 34 138 260 223 539 29 42 132 166 108 23 88 219 68118 133 226 132 74 188 91 120 914 552 363 1528
internal_value=-3.33351e-05 -0.0220741 0.0481247 0.019327 -0.0689289 0.0870206 0.00010341 0.00808975 -0.00660615 -0.0487898 0.0354022 0.0146116 0.061551 0.0505705 0.000491306 -0.0898631 -0.0200828 -0.0601204 -0.000300735 -0.0232458 -0.0184845 0.0506305 -0.00690456 0.00193982 0.0496476 -0.00411104 -0.01212 -0.00747159 -0.0308372 -0.0136341
internal_weight=28513.3 175.811 88.8239 43.9279 18.3522 44.896 28337.5 1364.93 894.289 142.72 470.644 270.867 199.776 175.132 75.5043 26.243 140.224 67.0146 26972.6 431.633 412.741 130.643 41.3617 751.569 84.9545 666.615 569.9 547.025 248.797 396.157
internal_count=75647 1071 188 111 67 77 74576 4433 3250 799 1183 725 458 429 263 131 477 307 70143 2025 1892 248 116 2451 314 2137 1949 1829 915 1754
cat_boundaries=0 8 16 17 25 26 27 28 29 37 45 46 52 53 54
cat_threshold=0 152 289 0 35651656 9 16 8 0 4194312 1610612736 33556480 268970048 1050624 99840 32 644 0 67108864 0 0 536870912 2 0 2 561 2 4 76 0 0 536870912 0 0 0 66560 32 0 0 872415232 0 402653184 1048578 0 32 4 0 603981952 335609856 0 0 2 6208 131206
is_linear=0
shrinkage=0.1


Tree=82
num_leaves=31
num_cat=13
split_feature=8 7 11 7 7 7 0 7 7 8 3 1 7 6 10 6 2 3 3 10 6 0 7 1 2 3 2 3 10 8
split_gain=7.85611 78.0091 47.1793 224.734 172.767 65.4755 59.7477 62.9923 50.4597 34.9354 31.6206 28.6177 30.0917 48.1526 32.0336 38.2692 28.8324 25.1292 26.3862 30.0041 26.8419 23.6707 41.0676 27.1406 27.0521 29.7919 23.4998 23.4846 43.727 39.9789
threshold=437.00000000000006 0 1 2 3 4 5 6 7 435.00000000000006 4.5000000000000009 8 9 54.500000000000007 1550.0000000000002 51.750000000000007 5.5000000000000009 4.5000000000000009 7.5000000000000009 1350.0000000000002 55.750000000000007 10 11 12 2.5000000000000004 6.5000000000000009 7.5000000000000009 7.5000000000000009 1250.0000000000002 425.00000000000006
decision_type=2 9 9 9 9 9 1 9 9 2 2 9 9 2 2 2 2 2 2 2 2 1 9 9 2 2 2 2 2 2
left_child=1 11 3 26 21 9 7 -6 10 17 -8 -1 -13 14 -14 -16 -17 -5 20 -20 -19 22 24 -24 -4 -26 -3 28 -15 -29
right_child=-2 2 4 5 6 -7 8 -9 -10 -11 -12 12 13 27 15 16 -18 18 19 -21 -22 -23 23 -25 25 -27 -28 29 -30 -31
leaf_value=0.058839047985240825 0.00050965338788534818 0.054336818966222757 0.11126970085680357 0.04184344500508913 -0.0072778341586124456 -0.12029750087810057 0.0748302346579785 -0.084992159511750223 -0.13586401217752228 -0.19635027311210188 -0.097346735737901674 0.042204611180193551 -0.019006730410380573 0.023855069480703137 -0.13958964638138457 0.098201407392569495 -0.0034272164903816301 -0.20414240759227834 0.072319996735247249 -0.059375478314628596 -0.012077090593849696 0.020563968757616458 0.0097383214189679813 -0.10568424266377073 -0.1878552305228576 0.022205887478431701 -0.014801654224544915 -0.095185909109747252 -0.14021431767611828 0.03514660313473629
leaf_weight=157.57330635562539 25647.014660672052 431.4274395480752 28.301964501850307 58.177317827939987 256.00693984888494 117.77780235651881 24.216974150389433 176.56026210822165 161.50019003311172 10.811131647787986 19.062692876905203 203.75049750413746 99.175602588802576 24.08162104524672 9.4619503831490857 95.380291877314448 39.46684000454843 16.633890755474571 28.330964298918843 44.429827744141221 12.934486750513313 484.0840234644711 34.886169824749231 56.272248527035117 7.995700065046548 43.392058217898011 55.483797497116029 37.19021812826395 49.91138232499361 64.10222065076232
leaf_count=381 65236 1041 44 115 687 995 41 1425 1041 54 73 621 414 73 69 207 143 82 49 159 30 1347 91 277 39 117 196 185 244 171
internal_value=-4.36929e-05 -0.00502606 -0.0151624 0.00435152 -0.0268239 -0.0641963 -0.063546 -0.0402021 -0.108689 -0.0211202 -0.000816992 0.0217641 0.0115978 -0.0039308 0.0247466 0.0548159 0.0684569 -0.0106332 -0.0404678 -0.00809704 -0.120125 0.00933056 -0.0218755 -0.0649162 0.0291079 -0.0104787 0.0455235 -0.0439901 -0.0868166 -0.0127059
internal_weight=28495.4 2848.38 2068.29 776.007 1292.28 289.095 637.347 432.567 204.78 171.318 43.2797 780.094 622.521 418.77 243.485 144.309 134.847 160.506 102.329 72.7608 29.5684 654.932 170.848 91.1584 79.6897 51.3878 486.911 175.285 73.993 101.292
internal_count=75647 10411 7903 2721 5182 1484 3267 2112 1155 489 114 2508 2127 1506 833 419 350 435 320 208 112 1915 568 368 200 156 1237 673 317 356
cat_boundaries=0 8 9 17 25 32 33 40 47 48 56 57 63 64
cat_threshold=10240 2147492096 538968096 2147491840 404759368 3225419779 167772169 1577 12 0 1574026 134217736 1124598784 554703008 9185280 790272 256 268501504 1716518931 1342177537 19268608 34340864 33554456 73728 258 35651584 4194320 335806721 2048 33554432 16 8336 179 33816576 525448 262144 2048 1048608 526336 524432 2097152 0 134217728 2048 0 262144 2048 13202 8192 2147492096 2097152 8192 134218048 2147483649 134217728 544 14 268500992 1614807040 257 2097152 0 16 1157
is_linear=0
shrinkage=0.1


Tree=83
num_leaves=31
num_cat=18
split_feature=2 7 7 0 7 7 2 7 0 1 7 7 1 7 0 7 7 6 8 2 10 8 8 6 10 0 2 3 7 7
split_gain=8.09424 203.281 72.5839 65.1925 45.7176 44.5309 84.1828 51.9681 44.3261 51.0763 47.202 40.7057 41.3195 65.2783 40.9462 43.9459 40.8284 40.5969 39.5552 42.0285 39.3623 36.5562 36.9028 55.1723 39.2084 32.853 54.421 32.643 91.1936 51.1604
threshold=2.5000000000000004 0 1 2 3 4 3.5000000000000004 5 6 7 8 9 10 11 12 13 14 53.500000000000007 499.00000000000006 1.5000000000000002 1450.0000000000002 515.00000000000011 471.00000000000006 53.500000000000007 1650.0000000000002 15 1.5000000000000002 8.5000000000000018 16 17
decision_type=2 9 9 1 9 9 2 9 1 9 9 9 9 9 1 9 9 2 2 2 2 2 2 2 2 1 2 2 9 9
left_child=1 3 -3 -1 17 6 7 -2 9 -8 21 12 -4 -14 15 -13 -16 -5 -19 -20 -9 22 23 -10 -25 26 -15 28 -7 -30
right_child=5 2 11 4 -6 27 8 20 10 -11 -12 14 13 25 16 -17 -18 18 19 -21 -22 -23 -24 24 -26 -27 -28 -29 29 -31
leaf_value=-0.074632007849903162 -0.021280912871282021 0.029175494977628287 0.031176870140920545 -0.17573546814447161 -0.051864870394056177 0.029783684073277035 -0.025552166361463055 -0.052956881901044153 0.031885958704130968 0.020693871832660457 -0.049492309750856486 0.062811465460413593 0.019179318588680896 0.043439468539041848 0.00082830985106615716 -0.0090394254548448304 -0.027614992164927039 0.014993096815694162 -0.17328139190866443 -0.008313842075128414 -0.1657843473260138 -0.15988678042515925 0.032109354430723443 -0.13697707407377838 -0.024189385255040347 -0.092563239539486142 -0.094021433034347152 -0.001647686672625431 -0.01063699113806589 0.006991557919784095
leaf_weight=379.89991387818009 176.67539647314698 1036.8175532403402 646.50839315820485 13.170595433562992 320.45635590096936 1415.1353811663575 323.9502069868613 54.835392879322171 97.906393069773912 835.16578435781412 357.42321105720475 147.03717173263431 385.70830259192735 71.428999286144972 981.47125312127173 186.4542746883817 1037.7124439214822 376.34395035728812 24.34249159693718 42.244740754365921 70.900578928180039 14.110953581519423 226.83278168784454 49.99920110963285 80.357128039002419 90.546058011706918 48.260061585344374 10380.424091448076 2206.4664900274947 6395.2745438190177
leaf_count=1367 587 2322 1455 70 1250 3563 1119 250 305 2417 1386 239 887 176 2469 524 3543 849 97 100 375 83 687 419 394 411 197 27481 5592 15033
internal_value=-5.61693e-05 -0.00339396 0.00599615 -0.0407039 -0.0233681 0.000795499 -0.0124022 -0.0616073 -0.00497114 0.007661 -0.0225046 -0.000751053 0.0138255 -0.00520196 -0.0084749 0.0235461 -0.0138535 -0.00266314 0.00242305 -0.0686215 -0.10799 -0.00134263 0.00354378 -0.0248428 -0.06745 -0.0487729 -0.0110622 0.00228097 0.00635449 0.00246249
internal_weight=28473.9 5788.4 4631.94 1156.46 776.558 22685.5 2288.16 302.411 1985.75 1159.12 826.63 3595.13 1242.45 595.943 2352.68 333.491 2019.18 456.102 442.931 66.5872 125.736 469.206 455.096 228.263 130.356 210.235 119.689 20397.3 10016.9 8601.74
internal_count=75647 15956 12223 3733 2366 59691 8022 1212 6810 3536 3274 9901 3126 1671 6775 763 6012 1116 1046 197 625 1888 1805 1118 813 784 373 51669 24188 20625
cat_boundaries=0 8 16 17 25 33 40 41 42 50 57 58 64 65 73 80 81 89 97
cat_threshold=262144 536870928 269025328 1074036736 369099041 21504006 167845912 1032 1342251048 67175488 35651713 33558528 2156929024 2284847120 320 912 720 262144 536870928 524288 0 100663296 17309696 73728 1032 73736 71368768 639631489 33558530 8400896 2184188176 320 912 65536 4194304 538968065 33558528 4096 1052928 64 724 8538 0 71368704 637534208 0 8400896 33554688 0 768 2216693760 1379926050 67109120 2148139010 134746176 1116018688 1073775744 153289 67108864 1111490560 256 655362 134746112 1073743872 320 0 794624 1207959552 16779264 537133056 0 2049 34 587727872 1048960 2693005312 3155968 1074007560 137 2621440 724 262913 8388608 17367072 1074003969 67176897 20996102 167772696 1024 1411383334 1107561473 33280 2148687872 2149089280 8650760 1074020353 32
is_linear=0
shrinkage=0.1


Tree=84
num_leaves=31
num_cat=21
split_feature=2 7 1 0 7 7 1 7 7 7 10 10 1 3 0 12 7 1 7 6 1 7 8 6 0 1 5 5 7 7
split_gain=8.76437 48.8185 37.1564 32.8855 47.9428 32.0953 41.9875 91.1018 40.2059 38.1434 33.9173 35.5138 41.3305 58.1858 36.2342 33.9098 44.0581 59.0446 32.5325 43.8753 32.2365 69.6882 46.7478 40.2099 31.3865 32.832 31.3802 41.7283 142.87 30.1386
threshold=6.5000000000000009 0 1 2 3 4 5 6 7 8 1850.0000000000002 1650.0000000000002 9 14.500000000000002 10 11 12 13 14 54.500000000000007 15 16 513.00000000000011 54.500000000000007 17 18 6.5000000000000009 4.5000000000000009 19 20
decision_type=2 9 9 1 9 9 9 9 9 9 2 2 9 2 1 1 9 9 9 2 9 9 2 2 1 9 2 2 9 9
left_child=-1 2 -2 -4 -5 15 9 -8 10 -7 11 12 -9 14 -14 20 -17 -18 -12 -20 -3 -22 23 -23 -10 -26 27 -11 -29 -16
right_child=1 5 3 4 -6 6 7 8 24 26 18 -13 13 -15 29 16 17 -19 19 -21 21 22 -24 -25 25 -27 -28 28 -30 -31
leaf_value=-0.0011906764845495748 0.0082431651524582979 0.07115428171527631 -0.061442802825573829 0.0065120706913606346 -0.047459548194944128 0.021246962397360084 0.017952656527412052 0.018576065486390642 -0.092524861095540756 0.0033149244482474243 -0.0045370656702903361 0.034340776130561183 0.045048957596456829 -0.17558318129315356 0.018833817991477639 0.04344682114234677 0.034688634250269204 -0.026002949978280999 0.054658052969683436 -0.16111950718872134 0.068592455221780688 -0.017555272618637319 0.084957309645469103 -0.17534863636498266 -0.0054551874284488981 -0.055353929636909854 0.092955794860605651 0.047467507669148916 -0.12196913033481785 -0.085355259188128141
leaf_weight=20092.272330163047 456.62911421293393 209.43223898112774 204.26901585422456 401.0026214690879 269.16316208383068 1545.4103609826416 837.14859675336629 182.67155482247472 100.88919984083623 1716.0210881107487 85.051040418446064 223.16783887892962 46.971557535231113 30.416383113712072 40.901357406750321 263.0836647413671 241.0138113675639 434.25293747801334 11.772464666515587 47.225614421069622 88.856277635321021 31.579753559082747 17.753746207803488 33.051276080310345 268.70695222634822 269.62976387538947 35.794854088220745 86.728943359106779 98.477363578043878 81.737339520826936
leaf_count=53816 1332 339 770 1069 1095 3334 1857 383 441 4248 188 431 80 145 85 591 567 1311 21 194 170 88 25 163 815 987 100 183 536 283
internal_value=-5.86182e-05 0.00266254 -0.0148325 -0.0268395 -0.015544 0.00598869 0.00272335 -0.007982 -0.0236278 0.00957045 -0.00763193 0.00263613 -0.0158522 -0.045926 -0.0253822 0.0199942 0.00951131 -0.00415103 -0.0513489 -0.100952 0.0449295 0.0106997 -0.0524067 -0.0982483 -0.0419869 -0.031001 0.000193327 -0.00155212 -0.0466475 -0.0518069
internal_weight=28451.1 8358.81 1331.06 874.435 670.166 7027.75 5708.72 2226.29 1389.14 3482.43 749.915 605.866 382.698 200.027 169.61 1319.02 938.35 675.267 144.049 58.9981 380.673 171.241 82.3848 64.631 639.226 538.337 1937.02 1901.23 185.206 122.639
internal_count=75647 21831 4266 2934 2164 17565 14311 5910 4053 8401 1810 1407 976 593 448 3254 2469 1878 403 215 785 446 276 251 2243 1802 5067 4967 719 368
cat_boundaries=0 8 9 10 18 26 27 35 43 51 52 53 54 62 63 71 72 78 79 80 87 94
cat_threshold=2148007936 9224 637599752 34111490 159386056 2155872257 1241579521 513 578467 276 2148007936 1032 100663296 34078720 8 2147483649 33619968 513 1157698598 572065794 2147745824 1073741824 339742721 4196864 24576 20 539728 35660288 67371568 151027984 2148556800 3145728 1644167190 788752 256 671088640 2147483777 1082130432 19005440 565248 17039368 136 1032 262144 1073742081 1351091201 17173504 2147747360 2629896 38016 1184 16932 112 10 1090520102 536936450 2147483648 0 67108865 512 16384 4 49832 536870912 1 0 2228224 32768 0 0 1024 529860 0 35129344 262144 0 0 4196352 33 246144 35651584 4194336 512 0 40960 1107558404 524552 0 0 1073741824 131072 0 262144 128
is_linear=0
shrinkage=0.1


Tree=85
num_leaves=31
num_cat=15
split_feature=5 7 1 7 7 0 7 7 1 7 7 6 10 8 3 8 3 2 10 5 2 3 4 8 12 1 7 7 2 8
split_gain=7.29439 58.5665 35.6329 51.9444 30.508 27.1864 102.214 41.9544 46.041 43.8587 34.936 29.1318 22.061 19.9724 19.9116 19.8004 19.3465 19.0652 35.2343 18.8624 18.2448 17.0902 16.9276 15.864 21.1871 32.6547 40.9754 29.0994 20.257 48.9434
threshold=5.5000000000000009 0 1 2 3 4 5 6 7 8 9 57.250000000000007 4015.0000000000005 519.00000000000011 7.5000000000000009 457.00000000000006 12.500000000000002 7.5000000000000009 2050.0000000000005 6.5000000000000009 6.5000000000000009 15.500000000000002 10 439.00000000000006 11 12 13 14 3.5000000000000004 515.00000000000011
decision_type=2 9 9 9 9 1 9 9 9 9 9 2 2 2 2 2 2 2 2 2 2 2 1 2 1 9 9 9 2 2
left_child=-1 2 3 20 21 6 13 17 10 14 19 22 -5 15 -10 -6 -13 23 -19 -9 -2 -3 -12 -7 25 26 -25 -26 -27 -30
right_child=1 4 -4 12 5 7 -8 8 9 -11 11 16 -14 -15 -16 -17 -18 18 -20 -21 -22 -23 -24 24 27 28 -28 -29 29 -31
leaf_value=0.0003508804526478216 0.079541905564296883 -0.085187773105669176 0.033255525433890057 -0.1311274115133754 -0.13424816283228599 0.12839382043011352 -0.095495079320520052 0.052034839443478781 0.095611200888736411 -0.10550295071239704 -0.022460862808892239 0.0077769011552408758 0.11410582312353459 -0.11320178349921983 -0.072213863824446889 0.038492724031713728 -0.15678082402485816 -0.14070688966911191 0.040977663138225685 -0.022048970194330067 -0.066367782427533883 0.093642264479875226 -0.14434318717832348 0.063598420451946275 0.048821171671669286 0.10833883445357967 -0.077705321324882851 -0.062794003137360749 -0.010199806698796377 0.16266967745414407
leaf_weight=26697.401645366102 38.757257096469402 96.841250593308359 436.4002290610224 47.503478792496026 6.9768773838877669 15.808385540731249 147.76349014090374 115.6373643502593 20.880273751914505 96.110919029684737 17.587882310617715 83.110045320354402 3.9752939194440833 10.446116264909504 10.688430387526749 135.67860483191907 7.8162948586978009 19.272651532664895 23.924570247530937 48.901154958643019 11.002659849822519 5.6561101116240016 32.362105450825766 26.862168271094561 30.696526922285557 71.08271818049252 38.132731858640909 48.061748107895255 61.573731582611799 22.312808215618134
leaf_count=68576 74 957 1073 299 50 24 939 228 44 750 101 320 5 50 46 378 52 132 48 184 43 31 282 48 61 161 214 212 239 26
internal_value=-5.70906e-05 -0.00634628 0.0208577 -0.0307699 -0.0186127 -0.0133369 -0.0384802 -0.00341015 -0.0240963 -0.072418 -0.00223973 -0.0374174 -0.0939414 0.0190279 0.0294581 0.0300445 -0.00636896 0.0216084 -0.0400818 0.0282972 0.0393676 -0.0686242 -0.101427 0.0307678 0.0256014 0.0404707 -0.0186118 -0.0186921 0.0648763 0.0357814
internal_weight=28429.2 1731.82 537.639 101.239 1194.18 1091.69 300.865 790.823 433.094 127.68 305.415 140.876 51.4788 153.102 31.5687 142.655 90.9263 357.728 43.1972 164.539 49.7599 102.497 49.95 314.531 298.722 219.964 64.9949 78.7583 154.969 83.8865
internal_count=75647 7071 1494 421 5577 4589 1417 3172 2007 840 1167 755 304 478 90 428 372 1165 180 412 117 988 383 985 961 688 262 273 426 265
cat_boundaries=0 8 9 16 23 24 32 40 41 48 55 56 57 58 65 73
cat_threshold=2684616705 2147745842 268435456 1073743874 1895866496 786448 136381633 514 90112 2147483649 0 0 0 1073741824 524288 1217 1075838976 8192 1115684896 2148271104 2097664 0 33565184 106 4 34080257 134512640 1048576 168820768 2097152 524296 1408 369098752 1081081865 33281 17825792 67897416 52439053 1073774592 12 647680 0 536871424 0 131072 32 1073741824 256 0 524288 2148008200 2097152 0 536870912 278544 2 4 626816 268435456 1 0 0 0 12 32768 0 1073741824 0 1048576 0 2048 1073774592 4
is_linear=0
shrinkage=0.1


Tree=86
num_leaves=31
num_cat=14
split_feature=0 7 7 7 7 8 7 1 7 8 8 12 8 1 7 2 7 3 8 2 6 7 6 8 10 8 8 2 7 3
split_gain=7.39256 57.1294 55.69 38.5739 38.0156 33.9254 31.2728 43.3448 59.3353 42.023 32.9639 30.2502 29.1703 26.1395 34.2411 28.1783 33.3961 29.6588 42.9696 42.576 38.7586 35.3946 51.9626 27.9842 68.4518 30.2445 27.1895 25.4296 25.3139 24.0771
threshold=0 1 2 3 4 405.00000000000006 5 6 7 533.00000000000011 479.00000000000006 8 429.00000000000006 9 10 2.5000000000000004 11 13.500000000000002 471.00000000000006 7.5000000000000009 54.500000000000007 12 54.500000000000007 493.00000000000006 1650.0000000000002 501.00000000000006 449.00000000000006 7.5000000000000009 13 14.500000000000002
decision_type=1 9 9 9 9 2 9 9 9 2 2 1 2 9 9 2 9 2 2 2 2 9 2 2 2 2 2 2 9 2
left_child=1 12 13 5 29 -3 7 -5 9 10 -9 -10 28 14 26 16 -15 19 -19 21 -21 22 -17 -24 -25 -26 -2 -20 -1 -4
right_child=2 3 4 6 -6 -7 -8 8 11 -11 -12 -13 -14 15 -16 17 -18 18 27 20 -22 -23 23 24 25 -27 -28 -29 -30 -31
leaf_value=0.0077805552107142436 -0.13672049147388382 0.18534412129017544 0.036313530041326751 -0.0009741495523065114 -0.00055394457007302059 -0.13889380567291007 0.0018803759327508688 -0.079158937579889288 -0.10463417252164837 0.084799539789963296 -0.1986558731670193 -0.011412137596217391 0.020628110839829832 0.018466830078559988 -0.066345189675199923 0.064661376977336982 -0.075823042824837483 -0.14722960165863314 -0.15134576860019927 -0.092134881032359908 0.095996575862625 -0.044696877097125443 -0.033283684466649359 0.089028442187829585 0.024368119095839025 -0.16709206276802718 0.033496956059826437 0.026814460251534118 -0.099594301607378491 -0.079119026396044206
leaf_weight=55.029388152062893 10.807637637481092 3.5368854366242877 385.02797009563074 1037.2092189681716 15542.062529805698 36.829757514875382 7664.6243682277855 53.133868686854839 28.604261828586459 9.9747143089771253 40.81926356581971 453.5253612594679 1787.6577064376324 53.664791581220925 228.23000219045207 118.56512000225484 118.26635071029887 34.222807958722115 9.7263426873832923 12.878671152517198 73.153201781213284 169.2267581357155 215.68414527177811 67.027054549194872 14.364874936640261 19.384356167167425 71.245224268175662 45.442806670442224 28.485430355882272 18.959319103974849
leaf_count=166 75 7 1280 3266 39357 293 20346 204 148 11 202 1549 3701 138 1071 232 616 258 59 52 132 882 714 127 30 93 197 132 191 118
internal_value=-6.26146e-05 0.00193604 -0.00136373 -0.00126867 0.000242334 -0.0885484 -0.000794509 -0.0133588 -0.0348931 -0.10067 -0.131076 -0.0189567 0.0178341 -0.0215013 -0.0465106 -0.0129479 -0.0497284 -0.00500325 -0.0592014 0.00201542 0.067834 -0.00735565 0.00801349 -0.012957 0.0305467 -0.0855998 0.00987338 -0.00459526 -0.0398368 0.0301499
internal_weight=28407.4 11199.4 17207.9 9328.26 15946 40.3666 9287.89 1623.27 586.057 103.928 93.9531 482.13 1871.17 1261.89 310.283 951.607 171.931 779.676 89.392 690.284 86.0319 604.252 435.026 316.46 100.776 33.7492 82.0529 55.1691 83.5148 403.987
internal_count=75647 30084 45563 26026 40755 300 25726 5380 2114 417 406 1697 4058 4808 1343 3465 754 2711 449 2262 184 2078 1196 964 250 123 272 191 357 1398
cat_boundaries=0 1 9 16 24 32 40 41 49 50 51 57 64 71 78
cat_threshold=306 103284740 278986752 787465 33556481 10297352 2164277520 1073741952 8 2148007940 268763706 2416182272 33816576 10526856 16777996 1032 0 256 16 540672 67108864 1 0 1 134244744 2304 65536 2147495938 2298479616 537923648 2113536 4 274440 38275072 2163456 2148545538 2734687232 536870914 2441217 36 118156 262144 33554432 256 1024 570425344 0 0 4 8 111675 0 18 0 262144 8192 512 2148007936 0 0 0 8200 8 1024 0 536 2147745792 33554432 2129920 12 8 33554432 0 262152 0 8 0 128
is_linear=0
shrinkage=0.1


Tree=87
num_leaves=31
num_cat=19
split_feature=2 7 7 3 3 7 7 1 10 8 7 1 6 1 12 7 7 7 3 7 1 7 8 7 0 7 8 5 2 12
split_gain=7.37463 40.5651 28.8374 63.482 51.1916 138.882 54.4932 57.4452 52.1879 47.2085 43.7533 38.1519 35.7563 33.3972 33.1385 125.627 85.1538 54.8818 48.1116 40.1278 58.3246 48.6833 38.2733 37.8453 36.426 40.7048 53.6704 38.6203 34.0585 33.2282
threshold=6.5000000000000009 0 1 7.5000000000000009 7.5000000000000009 2 3 4 2810.0000000000005 449.00000000000006 5 6 55.750000000000007 7 8 9 10 11 1.5000000000000002 12 13 14 419.00000000000006 15 16 17 453.00000000000006 4.5000000000000009 1.5000000000000002 18
decision_type=2 9 9 2 2 9 9 9 2 2 9 9 2 9 1 9 9 9 2 9 9 9 2 9 1 9 2 2 2 1
left_child=2 -2 3 -1 10 -6 7 9 -8 12 13 -5 -7 -4 15 -12 -17 18 -18 20 22 -22 -16 -19 27 -26 -27 29 -23 -24
right_child=1 -3 4 11 5 6 8 -9 -10 -11 14 -13 -14 -15 19 16 17 23 -20 -21 21 28 24 -25 25 26 -28 -29 -30 -31
leaf_value=-0.0027001802891962277 -0.014007182583631357 0.0053858303008743899 -0.010819761112249386 -0.019668235752154165 -0.044008677299905236 -0.090710218910330431 -0.010276171218297984 0.017076603842303452 -0.16485163148003393 -0.10155617344320933 0.077861302065500834 0.051154284620269996 0.13459978461240568 -0.091309131257597112 -0.13481614463597191 0.054550797255337957 -0.199629398809892 0.022373902688985634 0.026042021075728918 0.0036863474226470857 0.021150254624569362 -0.093142988267567534 0.031293185756639912 -0.12141439198184514 0.0036230773024650215 -0.00064235643318219992 -0.057429601226783061 -0.095102631532994586 -0.0099906561112413275 -0.050019384285448179
leaf_weight=1013.5728103108704 1263.3749365671538 7055.1356530759949 147.66100268461742 90.201726496219635 995.5569388284348 11.546954134479167 2569.6950209359638 1492.2286989912391 22.029063018038869 78.122770849615335 247.07021507434547 446.4092892264016 18.060009203851223 79.004275629296899 30.193900881335139 111.77333787828684 10.423536859452723 25.329015655443072 100.84448232129216 9834.5450157844462 772.91541276779026 57.269138543866575 271.95923633128405 97.704115892760456 275.9291163906455 231.11575300898403 594.64417991321534 33.571494149975479 352.12868990283459 52.463957622647285
leaf_count=3186 4023 17808 589 274 3527 51 7463 3384 110 287 375 1057 22 471 244 209 49 51 214 23861 1925 261 639 495 758 723 2134 193 1078 186
internal_value=-7.32517e-05 0.00243015 -0.00111116 0.0119471 -0.00220981 -0.0106393 -0.00260267 0.0118653 -0.0115455 -0.0556393 0.00106966 0.0398361 0.0467271 -0.0415471 0.00183736 0.0247331 -0.0143178 -0.0480597 0.00449706 0.000732619 -0.0101113 0.00646361 -0.0232199 -0.0923558 -0.0210706 -0.0299209 -0.0410389 0.00681058 -0.021107 0.0175665
internal_weight=28382.5 8318.51 20064 1550.18 18513.8 5187.24 4191.68 1599.96 2591.72 107.73 13326.5 536.611 29.607 226.665 13099.9 593.145 346.074 234.301 111.268 12506.7 2672.19 1182.31 1489.88 123.033 1459.68 1101.69 825.76 357.995 409.398 324.423
internal_count=75647 21831 53816 4517 49299 14844 11317 3744 7573 360 34455 1331 73 1060 33395 1393 1018 809 263 32002 8141 3264 4877 546 4633 3615 2857 1018 1339 825
cat_boundaries=0 8 16 23 31 32 39 40 41 42 50 57 64 72 73 81 87 88 96 97
cat_threshold=2148270080 9224 637599744 34111490 25168328 2155872257 1241579521 515 805129 270540808 33619968 4098 25166208 2156990656 1109393472 513 1694499332 2182611202 537133056 1091043328 738472449 4196608 11520 301989888 67372176 337641480 2139136 3256877064 16777733 544897 138 1330 4098 2064 268435456 40960 0 516 16384 37648 75845 1 0 538444800 8650785 2147614720 707266560 262168 33544 1024 268435456 257 2097152 19398656 328200 17311744 524288 0 2218786944 2147483656 0 335544352 0 264321 268435456 604242337 2242118192 3223322624 3491758088 17301504 557568 1032 547008 268435456 537133184 10747904 3223322624 1342177280 524288 0 8 67108864 0 528 2048 0 1 384 0 257 2164260896 0 8 16777216 32768 1024 4
is_linear=0
shrinkage=0.1


Tree=88
num_leaves=31
num_cat=16
split_feature=10 7 7 8 1 7 1 9 7 7 2 2 1 10 0 7 8 0 7 0 1 7 2 8 8 6 8 3 3 3
split_gain=6.96946 63.5178 34.2144 39.6382 38.3899 32.3506 28.8611 28.4021 49.9176 49.0587 72.5202 56.0464 55.2765 42.1686 41.7275 55.2546 44.8054 34.1118 29.1833 28.8812 34.4564 31.265 28.0445 41.7079 30.0024 27.5296 26.5156 26.0948 25.585 25.2954
threshold=1350.0000000000002 0 1 513.00000000000011 2 3 4 5 6 7 7.5000000000000009 7.5000000000000009 8 1750.0000000000002 9 10 477.00000000000006 11 12 13 14 15 5.5000000000000009 429.00000000000006 463.00000000000006 57.250000000000007 431.00000000000006 6.5000000000000009 13.500000000000002 16.500000000000004
decision_type=2 9 9 2 9 9 9 9 9 9 2 2 9 2 1 9 2 1 9 1 9 9 2 2 2 2 2 2 2 2
left_child=1 6 3 4 -3 7 -1 9 13 11 12 25 27 -9 16 -16 -12 18 -14 26 -21 -22 23 -20 -24 -2 -10 -11 -15 -6
right_child=5 2 -4 -5 29 -7 -8 8 19 10 14 -13 17 28 15 -17 -18 -19 22 20 21 -23 24 -25 -26 -27 -28 -29 -30 -31
leaf_value=0.042980664898279272 0.039682662534142488 0.0048230818363902998 -4.1744892290074807e-05 0.054315982623167391 -0.092689074664286428 0.0003211925785611618 0.01097127349976596 -0.084101090517696042 -0.1356368112145892 0.030464611204998278 0.13434510781104975 -0.15116838381599862 0.048352096766835259 0.0030782113290414833 0.06127332659503143 -0.11085891450252142 -0.068868324590624599 -0.098185288867531473 0.056265023824120811 0.040786380295154481 0.0067434671565071436 -0.048542956588017702 -0.14992929146206654 -0.15828165568270816 0.052670483143486595 -0.089942368228555128 0.031618836037802238 -0.076189157950647596 -0.15810546552465454 0.16232103455847408
leaf_weight=459.18958861287683 190.59652797039598 85.562017706222832 5054.595731058158 40.618795745074749 145.55646750237793 19726.614379410632 764.72848996799439 123.71386200003326 9.6991980932652933 90.342628031037748 49.052002285607159 18.929973619990051 31.087256509810686 156.45359090995044 26.957204580307007 30.934713006019592 13.931421110406516 257.18915287870914 11.771897815633563 104.89556223433465 201.52849586447701 199.47874158248305 9.6694290358573181 39.346174990292639 29.946952939033508 17.924955676775426 416.55964415613562 30.748309624381363 10.509417958557604 3.9965965375304213
leaf_count=911 556 353 13877 83 876 49803 1955 636 74 293 109 120 82 533 54 207 65 1388 51 289 616 850 62 222 69 114 1152 177 62 8
internal_value=-7.04036e-05 0.00278885 -0.00194502 -0.0356122 -0.052663 -0.000930132 0.0232316 -0.0127875 -0.00309527 -0.0269076 -0.0410771 0.0130113 -0.0585394 -0.038528 0.0277722 -0.0334869 0.0771471 -0.0763095 -0.0261807 0.00827826 -0.00786216 -0.0212704 -0.0539819 -0.108874 0.00322063 0.0285398 0.0271755 0.00312428 -0.00706743 -0.0804921
internal_weight=28352.1 6554.25 5330.33 275.734 235.115 21797.9 1223.92 2071.27 1222.84 848.429 620.977 227.451 500.102 290.677 120.875 57.8919 62.9834 379.011 121.822 932.162 505.903 401.007 90.7345 51.1181 39.6164 208.521 426.259 121.091 166.963 149.553
internal_count=75647 18063 15197 1320 1237 57584 2866 7781 4212 3569 2779 790 2344 1231 435 261 174 1874 486 2981 1755 1466 404 273 131 670 1226 470 595 884
cat_boundaries=0 8 15 16 24 25 26 34 39 40 41 49 50 57 58 59 67
cat_threshold=1141440672 805371904 2097288 2641920 570499712 21578248 0 34 2359808 0 1107296256 2147745792 10489857 2147483648 524288 24845 1073741824 809566208 1008730112 2641920 16788352 21562112 134217728 50 9828 4 0 0 270532608 544768 8832 16777216 0 32 0 0 0 524288 11136 8249 771 0 536870912 0 0 0 524288 0 2 552 1073741824 536870912 0 0 16777216 0 134217728 86 54784 0 809500672 536870912 0 2048 4194560 0 2
is_linear=0
shrinkage=0.1


Tree=89
num_leaves=31
num_cat=16
split_feature=8 10 1 7 7 7 7 7 3 7 1 11 7 3 7 8 10 6 3 0 8 3 3 12 0 7 7 3 6 10
split_gain=6.74855 8.40919 7.49966 136.646 83.8663 81.0162 46.2482 37.4272 34.0604 68.3048 31.3633 54.5928 67.35 45.4008 36.9473 55.1722 42.0361 39.4562 32.863 31.7638 30.7442 35.9481 27.799 32.1254 38.2772 40.8429 27.8133 27.6662 27.2482 30.4058
threshold=569.00000000000011 1250.0000000000002 0 1 2 3 4 5 1.5000000000000002 6 7 8 9 2.5000000000000004 10 459.00000000000006 1075.0000000000002 55.750000000000007 8.5000000000000018 11 447.00000000000006 1.5000000000000002 13.500000000000002 12 13 14 15 5.5000000000000009 54.500000000000007 2050.0000000000005
decision_type=2 2 9 9 9 9 9 9 2 9 9 9 9 2 9 2 2 2 2 1 2 2 2 1 1 9 9 2 2 2
left_child=2 -2 4 10 22 -5 8 -6 9 -7 11 13 -13 20 16 17 -15 -16 -19 -17 -4 -22 23 -1 25 -25 -24 -21 -29 -30
right_child=1 -3 3 5 7 6 -8 -9 -10 -11 -12 12 -14 14 15 19 -18 18 -20 27 21 -23 26 24 -26 -27 -28 28 29 -31
leaf_value=0.030339512596422431 0.10095013129157643 0.011594515405360597 0.12543840097164508 0.028540871237300282 0.01523786786486587 0.037019179977280416 -0.0066897332305665448 0.0015003415843512734 0.012578371509937476 -0.08500459255306915 -0.045270296060100461 -0.0096332186432480163 -0.095725350270688653 0.12811399563799766 -0.17542533387405007 0.020418105912066543 0.00082013804239939301 0.059529465988482334 -0.1684990581919508 -0.13183699124205789 -0.055973066854471704 0.068669589730633071 0.038534804744258105 0.0099837809062557001 -0.037477603119967742 -0.057864323009604972 -0.023834094522458965 0.035165982904301514 -0.095507559089368477 0.063055442853733643
leaf_weight=99.344439888373017 14.308495432138441 39.903887253254652 38.937075536698103 1075.8211807850748 2310.9260284916963 75.945551511831582 4715.0994571761694 13681.052855153685 2553.4665969852358 94.832093661651015 631.36602693842724 214.13399692624807 161.41519097005948 28.559961121529341 42.558898421004415 129.21978161111474 283.03921193256974 17.717356290668253 9.8249311204999668 31.390634518116713 37.804785268381238 59.645744572859257 150.26480267196894 420.2010434535332 1067.6351862740703 101.892268945463 121.0863047237508 44.950634265318513 59.625336354598403 15.170469697564839
leaf_count=286 12 82 62 2767 6116 158 12363 35446 6004 348 2078 565 684 34 239 323 778 39 58 135 127 124 386 948 4088 571 448 105 243 30
internal_value=-6.99524e-05 0.0351785 -0.00013754 -0.0022843 0.00109726 0.00302276 -0.000700837 0.00349377 0.00965125 -0.0335499 -0.0271944 -0.017173 -0.0481596 -0.00218299 -0.0130334 -0.0347333 0.0120991 -0.115072 -0.0218133 -0.015884 0.0503272 0.0203159 -0.0183706 -0.0232372 -0.0266087 -0.00409616 0.0112454 -0.045277 -0.026367 -0.063347
internal_weight=28327.1 54.2124 28272.9 10320.5 17952.4 8515.16 7439.34 15992 2724.24 170.778 1805.36 1173.99 375.549 798.445 662.057 350.458 311.599 70.1012 27.5423 280.357 136.388 97.4505 1960.42 1689.07 1589.73 522.093 271.351 151.137 119.746 74.7958
internal_count=75647 94 75553 27264 48289 21640 18873 41562 6510 506 5624 3546 1249 2297 1984 1172 812 336 97 836 313 251 6727 5893 5607 1519 834 513 378 273
cat_boundaries=0 1 9 17 23 31 39 44 45 46 54 62 63 64 65 71 79
cat_threshold=736648 2415923202 1107296288 3087269888 0 2301886849 2883585 67456 768 536871429 68226320 69207056 1077441537 1077970944 1082130434 0 16 603979781 67437842 2130960 1075328003 12683264 1216348162 1090528800 270010496 100663304 2183282688 268963872 73732 1074020360 24 2416466058 35651584 2818637824 32768 151257473 4980737 134222464 516 1073742368 0 67108864 35651584 4128 625 3 268435456 1073741824 268435456 0 1048704 524288 67072 768 0 1107296256 262144 0 2164523008 262145 1280 512 519 1 112 536870912 1049616 67108864 2097152 34816 1073741824 0 68159744 16 2098176 0 2 0 16
is_linear=0
shrinkage=0.1


Tree=90
num_leaves=31
num_cat=14
split_feature=3 7 7 7 4 8 8 7 7 3 10 10 7 7 3 3 6 8 7 7 7 2 7 8 7 6 3 10 9 8
split_gain=6.81151 117.536 83.8914 40.0803 15.3841 33.6395 9.02085 74.4767 38.3383 31.0588 19.5168 31.9256 34.0297 26.1262 20.448 11.6714 10.7577 10.5443 98.2598 76.9809 23.6837 17.2086 16.6903 15.8337 112.408 24.5769 20.5238 15.9361 14.3461 9.98286
threshold=16.500000000000004 0 1 2 3 437.00000000000006 413.00000000000006 4 5 9.5000000000000018 1950.0000000000002 1550.0000000000002 6 7 11.500000000000002 9.5000000000000018 56.750000000000007 417.00000000000006 8 9 10 2.5000000000000004 11 419.00000000000006 12 55.750000000000007 5.5000000000000009 1750.0000000000002 13 389.00000000000006
decision_type=2 9 9 9 1 2 2 9 9 2 2 2 9 9 2 2 2 2 9 9 9 2 9 2 9 2 2 2 9 2
left_child=6 -2 -3 4 -4 -6 7 10 9 -9 11 12 -1 15 -12 -14 -10 18 -8 21 -21 -20 -22 24 -19 28 -27 -28 -26 -11
right_child=1 2 3 -5 5 -7 17 8 16 29 14 -13 13 -15 -16 -17 -18 23 19 20 22 -23 -24 -25 25 26 27 -29 -30 -31
leaf_value=0.07223977709941895 0.089778958811223525 0.045256646512770025 0.04783223275147748 -0.13806893665667141 0.040941401388986762 -0.18998417944381307 0.11111474764289396 0.013048396869714497 -0.11921415187322942 0.0071424776734411739 -0.14677497788486224 0.083777625176415127 -0.036705773482177885 -0.10168311169104723 0.044123444501372164 0.090279821522076698 0.044929895577111446 0.12882988425619651 0.14863258957475831 0.02755242713681201 0.012258413463946629 0.033512574116266042 -0.12347121091312714 0.00026610604927492838 -0.16709477469781006 -0.16544737847222701 -0.046546661062949551 0.15747615673761664 -0.066013391985580427 -0.14918907580666754
leaf_weight=29.742145659402013 67.319496952928603 54.486043212935328 22.320205934345722 87.306185881374404 13.622693009674551 11.748568564653395 70.598421446979046 91.189083664678037 89.137875387328677 5.2279228363186148 11.972316130995752 88.710124301724136 13.556460157036783 28.356308338698 10.560451716184614 15.528977319598196 4.1799647584557524 22.703317053616047 19.933851821348071 19.007754474878311 16.439293548464775 37.249927531927824 65.574236419517547 27312.706146414392 40.154524504207075 5.9010861795395639 7.7646086569875461 7.5522262081503868 21.590132189914584 18.679476991295815
leaf_count=62 102 92 41 529 28 54 79 262 1240 22 72 217 40 194 29 20 22 18 17 37 31 79 470 71323 251 36 32 22 122 104
internal_value=-7.08971e-05 -0.0162831 -0.0557601 -0.0968405 -0.010516 -0.0659924 7.75079e-05 -0.0147047 -0.0549335 -0.0124669 0.0288628 0.0415424 -0.00143228 -0.0444211 -0.0573064 0.0231378 -0.101035 0.000295035 0.0216733 -0.0237611 -0.0739309 0.0626812 -0.0978893 0.000116635 -0.0385188 -0.0891035 -0.00699599 0.0540503 -0.13175 -0.115003
internal_weight=28310.8 256.803 189.484 134.998 47.6915 25.3713 28054 406.841 208.414 115.096 198.427 175.894 87.1839 57.4417 22.5328 29.0854 93.3178 27647.2 228.803 158.205 101.021 57.1838 82.0135 27418.4 105.666 82.9626 21.2179 15.3168 61.7447 23.9074
internal_count=75647 846 744 652 123 82 74801 2284 1650 388 634 533 316 254 101 60 1262 72517 713 634 538 96 501 71804 481 463 90 54 373 126
cat_boundaries=0 7 14 22 23 30 38 44 51 58 66 74 82 89 90
cat_threshold=268697600 67371008 1073741832 2048 536870912 1073741842 65536 50331648 526336 0 16777216 17301504 524288 1024 0 1 1 0 269484064 262144 257 8 4 268435456 2214592904 402915368 139264 540016704 4464656 134219921 0 1040 256 2097152 301989928 2057 0 8 268435456 384 8 0 0 4456448 0 8 0 131072 1048576 0 17 0 0 0 524288 64 2147483648 600321 268435456 1024 264 0 805568512 270336 0 1536 0 0 268435456 0 2097184 0 0 2 0 0 0 131072 1048576 2048 0 8 268437504 1048576 0 0 134217736 0 134217856 4
is_linear=0
shrinkage=0.1


Tree=91
num_leaves=31
num_cat=12
split_feature=6 3 6 5 7 1 7 7 7 2 8 3 1 7 3 6 7 8 10 8 2 6 3 6 7 0 4 10 3 4
split_gain=6.78604 8.06901 12.311 7.72698 56.1239 30.3976 159.282 79.2774 57.2417 32.0249 35.5224 29.6563 29.5797 33.0594 26.643 25.4663 22.7926 23.7222 22.6895 22.4903 21.0994 21.1183 20.8596 20.5399 31.7244 28.4321 27.1004 26.2997 35.2717 19.1641
threshold=60.250000000000007 3.5000000000000004 62.500000000000007 5.5000000000000009 0 1 2 3 4 6.5000000000000009 503.00000000000006 14.500000000000002 5 6 2.5000000000000004 57.750000000000007 7 477.00000000000006 1950.0000000000002 481.00000000000006 7.5000000000000009 56.750000000000007 13.500000000000002 57.750000000000007 8 9 10 1075.0000000000002 1.5000000000000002 11
decision_type=2 2 2 2 9 9 9 9 9 2 2 2 9 9 2 2 9 2 2 2 2 2 2 2 9 1 1 2 2 1
left_child=3 -2 -3 -1 12 7 23 11 9 10 18 -6 20 -14 29 22 -17 -18 -9 -10 21 -5 -15 25 -25 -7 -26 -27 -29 -8
right_child=1 2 -4 4 5 6 14 8 19 -11 -12 -13 13 15 -16 16 17 -19 -20 -21 -22 -23 -24 24 26 27 -28 28 -30 -31
leaf_value=0.0002720181335991206 -0.044089780981627275 0.071958900314216021 -0.041141547103764407 0.09826017178279299 0.035794157005401533 0.082391526580371188 0.010342985491072765 -0.14781000606339917 -0.051760167217604604 0.045314531821491887 0.027923527076171663 -0.10428453728338689 0.046373983566412771 -0.12645809144859374 -0.11011688916881479 0.053402769615560008 -0.16643069416526146 -0.013558454597677362 -0.031995542682328355 -0.14134133468300458 -0.038423684465981461 0.034352394219699718 0.024463294439113239 0.055244212565494381 -0.10563135835663207 0.15478609092234158 0.015727411087628596 0.10908009636833625 -0.088060230256872235 -0.13392062252771517
leaf_weight=26574.076634767698 11.694453150033949 43.961029596626759 12.321738861501215 72.436845199204981 325.19760986138135 75.469820357859135 35.287546848179772 31.142559384927154 49.406476538162678 74.705622762441635 47.244239710271358 15.850454906001685 69.183615567162633 39.806746549904346 208.43631165078841 33.510606866329908 12.657328050583599 51.256981255486608 37.030173148959875 64.763301338069141 28.286227667704225 180.68533851299435 11.894590465351937 39.446354106068611 41.636815673671663 8.0919539667665941 32.972080331295729 12.018416889011858 37.064504500478506 12.459505062550305
leaf_count=68554 35 59 34 158 897 197 168 190 403 170 109 84 149 283 1722 69 74 175 119 647 97 403 43 90 223 17 117 22 211 128
internal_value=-6.40229e-05 0.0314936 0.0471983 -0.000140034 -0.00678463 -0.0188821 -0.037167 -0.00428374 -0.040709 -0.00541421 -0.0387184 0.0284497 0.0209704 -0.00678372 -0.091125 -0.0328095 -0.00490579 -0.0379024 -0.0849017 -0.0943146 0.0419953 0.0526411 -0.0917366 0.0202322 -0.010065 0.0478087 -0.0458532 -0.0104268 -0.0397886 -0.0273023
internal_weight=28290 67.9772 56.2828 28222 1647.94 1148.22 502.883 645.34 304.292 190.123 115.417 341.048 499.718 218.31 256.183 149.126 97.4249 63.9143 68.1727 114.17 281.408 253.122 51.7013 246.7 114.055 132.645 74.6089 57.1749 49.0829 47.7471
internal_count=75647 128 93 75519 6965 5514 2895 2619 1638 588 418 981 1451 793 2018 644 318 249 309 1050 658 561 326 877 430 447 340 250 233 296
cat_boundaries=0 8 9 17 25 32 33 40 47 53 54 55 56
cat_threshold=2684616705 2181300280 268435456 1074792450 822126720 786432 136381632 514 631296 270532608 543171585 134513152 16908288 1208745992 1124083729 295168 256 4 1075314690 2156396825 2097152 101711936 4124 1074282521 1160 369098752 4194817 17039360 33555456 1073741856 555745280 270592 660096 537133057 0 0 1073741826 8192 262144 1088 0 8 0 0 0 524288 128 0 0 294912 0 524288 16779265 643 4 4
is_linear=0
shrinkage=0.1


Tree=92
num_leaves=31
num_cat=19
split_feature=2 7 7 1 8 7 7 3 7 7 7 7 1 6 7 7 3 2 7 7 7 10 7 8 1 2 7 8 10 7
split_gain=6.46982 60.5841 41.0994 40.4368 80.6128 49.4901 39.2994 33.8477 117.317 72.1375 56.8667 74.6781 53.9039 58.8286 41.1166 37.4095 62.2971 36.3119 154.083 78.6977 90.3817 57.7 54.1362 46.8006 54.4429 44.5079 51.4676 44.2854 44.8359 51.6099
threshold=3.5000000000000004 0 1 2 479.00000000000006 3 4 5.5000000000000009 5 6 7 8 9 55.750000000000007 10 11 7.5000000000000009 5.5000000000000009 12 13 14 1750.0000000000002 15 513.00000000000011 16 6.5000000000000009 17 457.00000000000006 1350.0000000000002 18
decision_type=2 9 9 9 2 9 9 2 9 9 9 9 9 2 9 9 2 2 9 9 9 2 9 2 9 2 9 2 2 9
left_child=1 3 -3 4 -1 -5 -6 8 -2 -10 12 -12 -11 -14 -15 16 -9 18 -17 -20 27 23 25 24 -22 26 -19 -21 29 -29
right_child=7 2 -4 5 6 -7 -8 15 9 10 11 -13 13 14 -16 17 -18 22 19 20 21 -23 -24 -25 -26 -27 -28 28 -30 -31
leaf_value=-0.099341957630863342 0.043375992530999913 0.023298576106231865 -0.0010126156700466387 -0.058276059872433394 0.048815721684041885 -0.002165183368365377 -0.038379284671549739 0.051426487647862534 0.022825145390593563 0.05256014675264168 -0.014858890615571427 -0.098921411652385494 0.019843631435441607 0.014608594182253182 -0.11847717963274906 0.017050777145046114 0.0031764869800678056 -0.0073767259633688333 -0.0071292482551346672 -0.059607163690043569 0.020143342264457013 -0.13071634527897774 0.0044595597425233658 0.052724582437407498 -0.096775330845184235 -0.0038529781598144056 -0.065031401500675545 0.0084545252109057417 0.00063286252542461017 -0.10807026693189765
leaf_weight=174.60512646893039 783.98175742803141 766.68131028325297 6640.4092031859327 176.30240739602596 72.470169508829713 1027.0376861873083 129.22686867089942 352.78633031062782 560.71289787720889 141.62673167698085 297.54859382286668 165.57127659837715 133.19534399360418 37.563435778021812 66.635595411062241 1461.0294813797809 1108.0866184793413 334.80814111512154 1603.7295077508315 254.30371348746121 54.399399260058999 150.32900705351494 9049.9695680257864 36.305607315152884 156.18379278085195 1471.9403926469386 296.35297118360177 70.828664850443602 611.87216184707358 80.592796723591164
leaf_count=857 1333 2324 17137 1001 144 2843 471 900 1109 233 787 871 289 73 261 3708 3876 872 4132 860 172 768 22029 84 862 4532 1268 151 1401 299
internal_value=-5.45298e-05 -0.00227049 0.00153177 -0.0199828 -0.0483124 -0.0107986 -0.0065325 0.000978348 0.0126926 -0.00473022 -0.0231296 -0.0463679 0.00572686 -0.0232085 -0.0804684 -0.000520299 0.0147276 -0.00195339 -0.00955942 -0.0224214 -0.0395838 -0.0798627 0.00109979 -0.0521331 -0.0702111 -0.0133157 -0.0355949 -0.0232368 -0.0114239 -0.0601435
internal_weight=28267.1 8986.73 7407.09 1579.64 376.302 1203.34 201.697 19280.4 2186.84 1402.85 842.141 463.12 379.021 237.394 104.199 17093.5 1460.87 15632.6 4479.57 3018.54 1414.82 397.218 11153.1 246.889 210.583 2103.1 631.161 1017.6 763.294 151.421
internal_count=75647 24777 19461 5316 1472 3844 615 50870 4956 3623 2514 1658 856 623 334 45914 4776 41138 12437 8729 4597 1886 28701 1118 1034 6672 2140 2711 1851 450
cat_boundaries=0 8 16 17 24 32 39 47 55 63 64 71 79 87 95 103 110 111 118 126
cat_threshold=301989890 526352 822083600 1076125696 288098304 50856450 590848 1537 3760791560 8651072 1073741952 4097 2684355649 139481344 1073742400 20 17633 2 2064 0 278528 262144 33554946 525312 0 0 0 16384 786432 33554432 524288 1024 50331649 67641379 8388872 1074660352 51118144 2148270091 2949120 262180 2952790800 352321537 2197817344 537919616 547366928 144 512 335544320 3146880 3221488128 1048576 402686464 4 33603904 1160 2097152 37748744 134217744 2097154 4136 0 134227968 256 213126 0 2097152 262144 0 32768 0 320 265602 2048 536904752 286720 1143277824 50397696 134241280 1 268435456 1107296266 378011656 2098178 2164264968 2148016138 33595968 1542 100663840 1572993 1074003968 2181072896 303047392 1082130436 786713 32 528384 2755666944 2281701632 17432576 134217728 264464 65664 8 2147491848 1073742114 1174405128 33559552 2299531464 2156404746 35684416 24836 2147483656 1073741824 8 33554432 135266440 8912896 2097152 0 2684355584 0 131072 0 262144 0 8
is_linear=0
shrinkage=0.1


Tree=93
num_leaves=31
num_cat=20
split_feature=0 7 7 1 7 3 7 1 7 2 2 7 2 7 6 9 7 10 7 8 6 8 7 7 8 1 0 7 1 7
split_gain=6.4025 48.7518 44.6256 40.9454 48.5242 36.9375 35.3936 34.5858 51.079 36.6794 37.5634 57.3733 33.0111 32.4314 32.2937 31.5336 31.2884 30.1356 29.8905 33.1675 27.3762 27.3492 137.236 56.5957 36.1007 36.0831 47.9277 32.9325 38.349 114.169
threshold=0 1 2 3 4 13.500000000000002 5 6 7 1.5000000000000002 3.5000000000000004 8 7.5000000000000009 9 57.250000000000007 10 11 1350.0000000000002 12 401.00000000000006 51.750000000000007 501.00000000000006 13 14 503.00000000000006 15 16 17 18 19
decision_type=1 9 9 9 9 2 9 9 9 2 2 9 2 9 2 9 9 2 9 2 2 2 9 9 2 9 1 9 9 9
left_child=1 7 3 4 12 13 -7 8 -1 -10 -11 -12 -2 -5 -6 -16 17 -4 -3 -20 -15 27 24 25 -23 -24 -27 -21 -29 -30
right_child=2 18 16 5 14 6 -8 -9 9 10 11 -13 -14 20 15 -17 -18 -19 19 21 -22 22 23 -25 -26 26 -28 28 29 -31
leaf_value=0.036201486553585842 -0.019696411166052807 0.0068980218965989928 0.052300913013092289 -0.052034802942640561 -0.088322202119924906 0.016069943574444537 -0.10006763478731924 0.024320466105647896 -0.21106104969465445 0.029075062244810497 0.0084728907969939815 -0.11429140318461313 0.097711406740378551 -0.16475187374632394 -0.098858470991206523 0.027046391919259755 -0.00090239470378953874 0.009056358987550207 -0.13056662177557776 0.0070112894946090555 0.0053329551298381224 -0.082338230372157151 0.019737356531899342 -0.08996917955623579 0.02691837229286434 -0.10264140231618933 0.015946016041173027 -0.0021169702210073224 0.0024521044419916604 -0.07781732949240576
leaf_weight=140.3065908588469 95.055417604744434 3126.4707404135261 192.37772140838206 106.30996532691643 211.84356898674741 42.335439036600292 67.229519136250019 1383.3856011815369 11.867886420339344 71.332839775830507 75.349768113344908 73.344626974314451 32.013021002523601 9.5532648926600796 30.332668249495327 57.795185177586973 14269.001323835924 992.56380087742582 20.990049575688317 2341.4232427007519 1004.7196798822843 32.50147533416748 117.00619395263493 247.08223154745065 435.16209368035197 77.150032762438059 58.192967403680086 2167.2510094693862 464.04116605035961 279.38060814561322
leaf_count=265 282 7639 516 587 982 148 384 3009 57 151 130 340 50 63 145 178 35905 3363 293 6512 2960 107 251 1071 867 282 120 6515 1049 1426
internal_value=-6.41515e-05 0.00180277 -0.00127796 -0.0168219 -0.043223 -0.00738227 -0.062859 0.0170458 -0.00992129 -0.0381705 -0.0305799 -0.059198 0.00916175 -0.00202391 -0.064993 -0.0162887 0.000398685 0.0159427 -0.00106936 -0.00506585 0.00369453 -0.00465042 -0.0201043 -0.0559065 0.0189207 -0.0203966 -0.0540638 -0.00180482 -0.00889028 -0.0283459
internal_weight=28233.4 11122.2 17111.1 1657.19 427.04 1230.15 109.565 1755.59 372.202 231.895 220.027 148.694 127.068 1120.58 299.971 88.1279 15453.9 1184.94 9366.65 6240.18 1014.27 6219.19 967.095 499.431 467.664 252.349 135.343 5252.1 2910.67 743.422
internal_count=75647 30084 45563 5779 1637 4142 532 3952 943 678 621 470 332 3610 1305 323 39784 3879 26132 18493 3023 18200 2698 1724 974 653 402 15502 8990 2475
cat_boundaries=0 1 9 16 17 23 30 31 37 44 50 51 59 67 74 82 83 84 92 93 101
cat_threshold=306 103284740 270598144 1108083713 33818625 9707528 2164278032 128 8 2148007940 268763706 2416182272 33816576 10526856 17040140 1160 635415 0 262160 2147483648 262144 8 520 4 327680 0 262144 8192 262400 8 652 34078720 268435456 0 0 8 512 2097152 0 524288 0 1056768 16777216 128 4 268763152 0 0 8388616 256 4 134308232 4196608 2162688 2148069378 2701132800 537923650 2113537 4 3221225472 2156134522 2281701384 1090519040 2687169 4458508 1073743616 1024 537198600 1716519552 8421408 1179648 3221264896 8192 134522952 0 1024 0 1024 402653216 1613234176 2621441 262 565828 34 268441088 8321 874512768 2105346 838861312 1107828736 34082832 416 167660 536944640 68682752 16777760 0 1073777664 2097154 2154497 6
is_linear=0
shrinkage=0.1


Tree=94
num_leaves=31
num_cat=13
split_feature=11 7 7 7 8 2 0 12 8 8 2 8 1 7 3 0 3 6 8 7 1 8 0 10 8 10 10 8 3 7
split_gain=6.27225 189.683 98.3755 54.8543 45.8608 37.7636 35.0592 29.757 31.8159 45.0081 29.5801 23.6469 22.7882 23.4574 21.6739 20.1116 19.2118 21.2669 18.4409 17.5895 27.099 21.2514 16.8106 37.124 17.1499 16.7113 25.4635 16.5384 16.1796 16.1444
threshold=0 1 2 3 429.00000000000006 5.5000000000000009 4 5 473.00000000000006 491.00000000000006 7.5000000000000009 513.00000000000011 6 7 15.500000000000002 8 11.500000000000002 56.750000000000007 491.00000000000006 9 10 461.00000000000006 11 1850.0000000000002 463.00000000000006 1750.0000000000002 2150.0000000000005 547.00000000000011 2.5000000000000004 12
decision_type=9 9 9 9 2 2 1 1 2 2 2 2 9 9 2 1 2 2 2 9 9 2 1 2 2 2 2 2 2 9
left_child=1 -1 12 5 -5 7 -7 8 -4 -10 11 -6 18 -14 -8 -9 -12 -18 29 20 21 25 -15 24 -24 28 -27 -22 -2 -3
right_child=19 2 3 4 10 6 14 15 9 -11 16 -13 13 22 -16 -17 17 -19 -20 -21 27 -23 23 -25 -26 26 -28 -29 -30 -31
leaf_value=0.060824308468630628 0.21709768081708405 0.064030153755798666 -0.18432225785614456 0.037205875192605785 -0.14270195828191853 0.018447960083944906 -0.15776897669721446 -0.017434679678840471 0.054253601380562802 -0.19541756399725113 0.051614320115668327 -0.027084821256901627 0.043583917848602126 0.0125733749536388 0.016329401513454515 0.058243709573780056 -0.18293347219480216 0.011449437673365301 0.087513998281816732 0.00040461262883281849 -0.010920476801712169 0.0025802951894134682 -0.07791969456417501 0.027462781756384294 -0.22642245813896375 -0.16130996956500512 0.1134159372100428 -0.15784028729760433 0.075481854717511093 -0.0035060561559275799
leaf_weight=419.42777959862724 10.208654278889297 47.518932951614261 15.193586375564335 24.909407076891512 131.11509519163519 33.449139758944511 46.670978385955095 53.595422312617302 27.05175257474184 9.8490621931850892 16.696830741129816 20.44906784594059 40.138164810836315 35.098253546282649 8.4445281885564309 86.096847221255302 11.758980061858894 10.795909089967607 63.559856042265892 24549.154760857229 2244.6546270686667 94.373854574048892 14.537040557712318 16.659431107342243 16.722398161888123 6.5847574025392515 6.9186686798930168 7.6880731582641593 38.46662934590131 97.027299290522933
leaf_count=718 13 89 71 113 798 66 218 142 40 46 37 61 87 82 20 142 67 33 78 63812 8041 294 48 34 77 36 8 50 75 251
internal_value=-7.51363e-05 0.0068304 -0.0209419 -0.0487994 -0.0864022 -0.0178854 -0.0725322 0.00641718 -0.0524611 -0.0123852 -0.107066 -0.127103 0.0209833 -0.0128367 -0.110962 0.0299833 -0.0296983 -0.089892 0.0406686 -0.000396893 -0.00853297 0.0305358 -0.0418686 -0.0770307 -0.157362 0.0778773 -0.0205503 -0.0113715 0.105183 0.0228834
internal_weight=28204.8 1246.77 827.338 496.077 215.725 280.351 88.5646 191.787 52.0944 36.9008 190.816 151.564 331.261 123.155 55.1155 139.692 39.2517 22.5549 208.106 26958.1 2408.9 156.553 83.0171 47.9189 31.2594 62.1787 13.5034 2252.34 48.6753 144.546
internal_count=75647 3318 2600 1854 1109 745 304 441 157 86 996 859 746 328 238 284 137 100 418 72329 8517 426 241 159 125 132 44 8091 88 340
cat_boundaries=0 1 9 17 25 26 27 28 35 36 44 45 46 54
cat_threshold=8 268435456 2152988928 2701131777 17825794 438372648 17303808 512 1281 3221225472 67117058 2130176 393216 85459456 1073741853 34427969 42 67108864 1073742857 402915360 2181038080 40960 2367488 10640 128 36 1 166084 1073741824 67117058 0 0 67633152 1073741824 262144 424 2147483648 75497728 2703229568 1048579 203491592 526592 21056 1313 272 176 0 0 0 262144 16777216 17 34079744 2
is_linear=0
shrinkage=0.1


Tree=95
num_leaves=31
num_cat=13
split_feature=6 7 7 7 7 0 8 7 9 10 2 5 10 8 1 0 2 5 3 1 3 0 3 2 10 0 3 4 8 2
split_gain=6.38897 93.9217 44.7434 51.3664 35.6641 25.6489 36.4849 36.1855 30.9871 28.3741 25.4734 24.3824 22.9696 20.6662 24.7434 24.5708 29.5778 25.249 20.2449 28.748 28.7463 27.878 40.427 25.4605 27.1949 24.7421 23.5919 19.7606 32.2466 23.9134
threshold=53.500000000000007 0 1 2 3 4 447.00000000000006 5 6 2150.0000000000005 5.5000000000000009 2.5000000000000004 1950.0000000000002 497.00000000000006 7 8 3.5000000000000004 5.5000000000000009 12.500000000000002 9 13.500000000000002 10 17.500000000000004 2.5000000000000004 1250.0000000000002 11 10.500000000000002 12 463.00000000000006 6.5000000000000009
decision_type=2 9 9 9 9 1 2 9 9 2 2 2 2 2 9 1 2 2 2 9 2 1 2 2 2 1 2 1 2 2
left_child=1 -1 5 18 13 6 9 8 12 -3 -5 -9 -8 14 -2 16 -16 -17 19 25 -20 -22 -23 -21 -25 -4 -27 28 -26 -29
right_child=4 2 3 10 -6 -7 7 11 -10 -11 -12 -13 -14 -15 15 17 -18 -19 20 23 21 22 -24 24 27 26 -28 29 -30 -31
leaf_value=0.042459364529643009 0.015389034259044252 -0.12028489654231229 -0.066737337796056603 -0.054622943960630832 -0.00021948321506537065 0.0094144321828906561 -0.16911470505813794 0.034845769369995332 0.052366391111034409 0.15472049639287899 -0.14847481274914115 -0.10750947401137895 0.033049007031346549 -0.11773352048330535 -0.16301799781826798 -0.12540712949383545 0.066211074367487924 0.10378327823469524 0.097283154688548007 -0.1369099941395166 0.050439510208527799 -0.1523913744910638 0.1282264546288453 0.009625898759489394 0.1462283337771447 0.024316276925618014 -0.10095724762382999 -0.14172934468014356 -0.13687294458138885 0.015818175435478938
leaf_weight=519.11912055173889 74.446500602178276 49.229261983186007 35.093651768751442 81.691261712694541 25122.944253689959 1453.1046396982856 12.354778565466406 16.165605254471302 99.860688123852015 4.0613199137151232 44.769373263465241 47.050837342161685 10.310236502438782 31.417553111445159 7.139655915554612 60.509331905748695 26.602524518035352 5.2215354102663687 37.898319175466895 30.838553317938931 28.540411723777652 23.815852386876944 6.5446084216237059 66.626766734756529 8.8977458616718668 201.87196705304086 16.242519477382302 43.753787430934608 7.3446191390976301 12.354629458859561
leaf_count=1162 290 353 171 480 65368 4150 64 49 220 9 324 269 22 214 38 450 60 44 93 253 109 145 8 226 36 561 79 313 47 40
internal_value=-6.14327e-05 0.00442093 -0.0041871 -0.0263603 -0.000567133 0.00438668 -0.0253282 -0.00546131 0.0262644 -0.0993265 -0.0814106 -0.0613948 -0.0771511 -0.0410902 -0.0296077 -0.0589086 0.0136593 -0.0930452 -0.011684 -0.021349 0.0293462 -0.0143662 -0.0691305 -0.0516678 -0.0364707 0.00098608 0.0143304 -0.0789203 0.018213 -0.107039
internal_weight=28185.8 2857.54 2338.42 646.284 25328.3 1692.14 239.033 185.742 122.526 53.2906 126.461 63.2164 22.665 205.337 173.92 99.473 33.7422 65.7309 519.823 423.024 96.7992 58.9009 30.3605 169.816 138.978 253.208 218.114 72.3508 16.2424 56.1084
internal_count=75647 9183 8021 2885 66464 5136 986 624 306 362 804 318 86 1096 882 592 98 494 2081 1726 355 262 153 915 662 811 640 436 83 353
cat_boundaries=0 8 16 23 28 29 35 36 37 38 39 40 41 42
cat_threshold=0 2148802568 603979792 1124220928 39848032 33554452 73993 8 268435456 1145570432 1350631456 262144 402661376 1091831818 2688 34 0 805308416 134217729 2147485696 537919488 4194305 134251536 0 335544320 872415232 0 268443648 514 0 4194432 268435456 0 268435456 2056 4 2178 256 32968 130 257 4
is_linear=0
shrinkage=0.1


Tree=96
num_leaves=31
num_cat=23
split_feature=8 7 7 4 1 0 0 8 7 7 1 1 7 7 5 7 7 0 1 1 10 2 0 3 7 6 7 1 1 7
split_gain=5.95861 44.2468 40.6731 56.1808 41.0793 37.7589 37.3201 32.9914 39.6298 32.8129 35.7729 31.2471 93.5654 63.3221 39.897 38.0001 36.1034 35.3863 43.1651 33.4087 33.6904 59.6016 52.4059 42.4884 33.263 31.1709 39.5376 32.4228 30.5124 150.113
threshold=477.00000000000006 0 1 2 3 4 5 473.00000000000006 6 7 8 9 10 11 7.5000000000000009 12 13 14 15 16 1950.0000000000002 2.5000000000000004 17 9.5000000000000018 18 55.750000000000007 19 20 21 22
decision_type=2 9 9 1 9 1 1 2 9 9 9 9 9 9 2 9 9 1 9 9 2 2 1 2 9 2 9 9 9 9
left_child=2 5 3 -1 6 -2 -5 -6 -9 10 -3 12 19 -13 16 -14 17 -15 24 -11 21 -21 23 -23 -19 26 27 -7 29 -4
right_child=1 9 28 4 7 25 -8 8 -10 11 -12 13 15 14 -16 -17 -18 18 -20 20 -22 22 -24 -25 -26 -27 -28 -29 -30 -31
leaf_value=-0.12802485351724932 -0.063458272334715446 0.041787062179656061 0.036524625166112462 -0.0024346575583978343 -0.0032813080691569321 0.080007873330400311 -0.11365252335363528 0.025075268115211848 -0.10884926109050985 0.010322198683491966 0.0057108990369412593 0.013566513678303284 0.027546747779329542 0.0052877405304538761 -0.13668133067920446 0.0058765194564214078 -0.0040144541742937771 0.050296477028221348 -0.060896601254960353 -0.18567866315653797 0.011040173694814205 0.055975789172049185 -0.088717202907012307 -0.089666590532837626 -0.03773787241882523 -0.00068601479186552843 -0.070439664526605869 -0.031205661595277184 0.0020560637958732795 -0.02905294510016081
leaf_weight=44.894232635619119 142.3202429972589 431.64772148849443 464.04735444672406 60.278710883110762 1089.0119775403291 32.737604904454201 68.952517616562545 34.029723063111305 54.409344014711678 123.46750296512619 758.22969336947426 1809.2521264832467 1336.4761413331144 227.86025756783783 24.052920086309314 2074.5540364673361 4297.6642171959393 70.159200947731733 363.35927072074264 37.453016631305218 65.878505599685013 65.351010102778673 120.70679079927504 28.883713256567717 82.518503714352846 823.85693299770355 150.70120510226116 59.464816691353917 11899.580853142077 1323.5565156170633
leaf_count=258 627 891 1177 214 3828 58 375 64 262 323 2045 4245 2891 512 202 4589 9530 172 1215 194 171 103 483 102 279 2523 693 246 33300 4075
internal_value=-5.84156e-05 0.00149843 -0.00141731 -0.0178999 -0.0142533 -0.0166513 -0.0656768 -0.00798369 -0.0667901 0.00335095 0.0190373 0.00159496 0.00879264 -0.00244564 -0.00818005 0.0144228 -0.00758321 -0.0277734 -0.0421948 -0.0340395 -0.0510389 -0.0692646 -0.0489797 0.0102477 0.00332113 -0.00987524 -0.0414489 0.0122468 0.000223222 -0.0119211
internal_weight=28165.4 13126.6 15038.8 1351.58 1306.68 1209.08 129.231 1177.45 88.4391 11917.5 1189.88 10727.6 3852.77 6874.87 5065.61 3411.03 5041.56 743.897 516.037 441.741 318.273 252.395 214.942 94.2347 152.678 1066.76 242.904 92.2024 13687.2 1787.6
internal_count=75647 32094 43553 5001 4743 4147 589 4154 326 27947 2936 25011 8856 16155 11910 7480 11708 2178 1666 1376 1053 882 688 205 451 3520 997 304 38552 5252
cat_boundaries=0 8 16 17 18 19 20 28 36 37 38 45 53 61 68 69 70 71 72 79 86 87 88 96
cat_threshold=66593 1107296256 1411383296 1074544642 2164263936 1376260 2359824 385 1611137540 9503232 16778280 33587200 1142980992 2690646784 33554496 1568 1 42113 88 960 536870912 0 32 0 0 0 0 1536 67896076 545325632 16778272 34635776 1075839361 2151694594 33556544 32 182273 94355 285212672 1024 8388608 2147484672 301998152 0 8 287309826 269487360 142606336 2147496961 377533000 33558528 134221832 8 1073745920 2219319443 2148270104 2097152 671088672 1612711952 557312 1542 0 2152202386 2181562384 0 134217728 1073741840 557312 592 1796 8194 532 0 524418 33554432 0 0 0 32768 0 0 0 524288 2164262912 262148 16 4416 69682 16785408 1610612736 3355705472 524288 50408456 1124597766 812552 257
is_linear=0
shrinkage=0.1


Tree=97
num_leaves=31
num_cat=17
split_feature=0 7 7 7 7 1 1 0 10 8 7 7 1 12 7 6 2 3 3 2 3 0 8 12 7 2 8 3 8 7
split_gain=6.17948 76.4417 60.7623 51.0332 50.6493 46.179 44.9784 46.0244 36.7251 34.5659 154.531 60.3088 33.1023 62.2912 40.4223 49.2556 30.8187 30.7359 29.9459 28.307 27.1483 25.8879 31.8905 38.6665 42.2052 40.9922 32.1734 26.6482 34.2664 25.324
threshold=0 1 2 3 4 5 6 7 1350.0000000000002 529.00000000000011 8 9 10 11 12 56.750000000000007 2.5000000000000004 12.500000000000002 14.500000000000002 1.5000000000000002 8.5000000000000018 13 451.00000000000006 14 15 7.5000000000000009 475.00000000000006 4.5000000000000009 473.00000000000006 16
decision_type=1 9 9 9 9 9 9 1 2 2 9 9 9 1 9 2 2 2 2 2 2 1 2 1 9 2 2 2 2 9
left_child=2 -2 6 12 5 -3 17 19 18 -5 -11 -12 13 16 -15 20 -4 -1 -9 -8 -16 -14 29 -24 26 27 -25 28 -26 -23
right_child=1 4 3 9 -6 -7 7 8 -10 10 11 -13 21 14 15 -17 -18 -19 -20 -21 -22 22 23 24 25 -27 -28 -29 -30 -31
leaf_value=0.031043912173404683 -0.024157104141106965 -0.059485151431901952 -0.079520051351422746 0.00094807532470716702 -0.00099033346397330957 0.02780902751468713 0.077930824032618543 -0.062871855574212487 -0.12303529327941415 0.057755270130390723 -0.0094170583490115478 -0.1383883626569688 0.039831110210685028 0.022646797296978587 -0.073905625861731147 -0.015580196053500962 0.053168446474622488 -0.16274674644752835 0.12065021879333682 -0.031791503444426682 -0.1861239797604031 0.014879805954858397 0.039161414215606566 -0.048143169129477553 -0.19562316285300496 0.044570193932233784 0.06225046660135828 -0.15426360353510826 0.046875231917570009 -0.055248833463865776
leaf_weight=119.84008296579123 1341.6734147957759 56.215507866814733 19.46571955177933 11246.816388237057 11792.264680317254 942.59290277631953 28.332369461422786 40.564296962576918 122.05531204305589 107.19049441069365 67.83773173391819 103.47524730255827 645.95991925010458 87.552260653115809 62.447431359440088 115.69897849019617 173.73114260006696 8.7841664217412454 11.387138079386203 138.22226780070923 32.924745426513255 95.707578536123037 464.50768783967942 38.116280421614647 8.4110925234854239 25.100759360939264 85.889629129320383 42.270064933225513 18.967357797548175 97.852416694164276
leaf_count=376 5082 274 80 29861 29454 2938 78 244 687 164 144 499 1417 211 234 335 337 62 28 703 179 241 952 114 41 47 147 186 44 488
internal_value=-6.58651e-05 -0.00154064 0.00142201 0.00265865 0.000848653 0.0223549 -0.0335762 -0.05243 -0.0880055 8.62171e-05 -0.0347151 -0.0906535 0.0173021 -0.00527593 -0.0334928 -0.0567506 0.0378406 0.0165246 -0.022646 -0.0123833 -0.112646 0.0245811 0.0130239 0.023323 -0.0115698 -0.0587908 0.026205 -0.104482 -0.0276241 -0.0226587
internal_weight=28141.9 14132.7 14009.1 13539.9 12791.1 998.808 469.186 340.561 174.007 11525.3 278.503 171.313 2014.6 491.82 298.623 211.071 193.197 128.624 51.9514 166.555 95.3722 1522.78 876.823 683.263 218.755 94.7493 124.006 69.6485 27.3785 193.56
internal_count=75647 37748 37899 35721 32666 3212 2178 1740 959 30668 807 643 5053 1376 959 748 417 438 272 781 413 3677 2260 1531 579 318 261 271 85 729
cat_boundaries=0 1 8 16 24 32 33 34 35 43 50 51 52 58 59 60 67 75
cat_threshold=307 2148270596 2214658081 1108082688 33816576 10485897 1635778822 8704 12328 2048 17 4098 2181039360 33554432 2097152 21 67895812 2518745216 1108083712 0 1086586881 2172665859 8704 10 134246696 0 98321 2147495938 2432697600 36700224 2099200 21 33810 94465 304 2097152 530 8 52462592 1048640 1611137032 16 1024 33554432 1074791424 33024 131072 0 0 2305 578179 10 524288 2181038080 33554432 0 262144 8388608 1 4 67371012 33554432 263168 0 8388608 0 8192 0 2147483648 1074528256 0 0 0 512 8
is_linear=0
shrinkage=0.1


Tree=98
num_leaves=31
num_cat=21
split_feature=8 3 8 10 7 7 0 7 7 4 8 7 7 2 1 1 7 7 8 3 8 1 11 1 7 7 1 0 7 7
split_gain=5.88121 9.06658 6.5896 5.86844 50.7407 34.1636 28.9513 101.844 52.1611 40.1002 36.9991 78.0668 54.4978 37.7971 36.1532 32.2044 75.8763 71.8225 30.3191 30.1979 29.6171 28.1056 28.0576 27.893 44.5989 26.5444 32.2698 38.7386 51.6494 45.664
threshold=385.00000000000006 11.500000000000002 373.00000000000006 1350.0000000000002 0 1 2 3 4 5 473.00000000000006 6 7 5.5000000000000009 8 9 10 11 463.00000000000006 13.500000000000002 453.00000000000006 12 13 14 15 16 17 18 19 20
decision_type=2 2 2 2 9 9 1 9 9 1 2 9 9 2 9 9 9 9 2 2 2 9 9 9 9 9 9 1 9 9
left_child=1 -1 -3 4 21 -6 7 14 9 -8 11 13 -12 18 19 17 -17 -10 -9 -7 -16 -2 -18 -11 -25 26 27 28 -5 -29
right_child=3 2 -4 25 5 6 8 10 15 23 12 -13 -14 -15 20 16 22 -19 -20 -21 -22 -23 -24 24 -26 -27 -28 29 -30 -31
leaf_value=-0.11814563107995553 -0.0034050509676071734 0.11011466798932562 -0.11278706422917387 0.017757934348171751 0.008515957591062202 0.067817599825400157 -0.13848415833203223 -0.087910297500878573 0.049568465297456704 0.026462963786792262 -0.010588385647731104 -0.089492028824946293 -0.12163084153670792 0.058957450093496247 -0.10708050444380138 -0.0049247440524262266 0.0070983669167197089 -0.036288049189999234 0.047482213432606335 -0.09964482442998164 0.0048713662291035645 0.032499189296091399 -0.08372172082221796 0.030061840984395627 -0.02464068469894766 0.00051474808032115358 -0.021036938387772194 0.016932971508059811 -0.093930618374974614 -0.028887470200117418
leaf_weight=10.129753689863721 307.6766453771852 4.0365079729817799 1.9752870067022739 73.572512567043304 2121.004275348736 145.885328438133 17.653303686529398 44.867355264723301 183.42281015403569 709.92153213452548 80.660713706165552 112.35639269929379 129.74065119540319 92.594662299379706 28.364735092036426 489.68648606352508 45.899057464674115 186.7949015700724 26.196689188480377 11.626354604959486 141.59246821328998 770.1061636377126 241.27754516759887 238.75762935169041 362.13040344510227 18882.204809872666 1341.4831455107778 966.14766464661807 85.440244962461293 270.57313868845813
leaf_count=188 905 19 44 244 5228 236 90 167 436 1648 215 647 649 170 122 1407 187 784 50 42 317 1694 1360 597 1018 48442 4692 2354 445 1250
internal_value=-6.47058e-05 -0.060409 0.0368762 -3.00515e-05 0.00260755 -0.0013565 -0.00772871 -0.0239844 -0.00230933 0.0111435 -0.0526734 -0.0296766 -0.0853451 0.0158859 0.0189277 -0.017851 -0.0293589 0.00643413 -0.0379999 0.0521461 -0.0130451 0.0223125 -0.0694557 0.0132436 -0.00276881 -0.000821622 -0.0100057 0.000671071 -0.0442611 0.00675695
internal_weight=28123.8 16.1415 6.01179 28107.6 6488.22 5410.43 3289.43 813.885 2475.54 1328.46 486.416 276.015 210.401 163.659 327.469 1147.08 776.863 370.218 71.064 157.512 169.957 1077.78 287.177 1310.81 600.888 21619.4 2737.22 1395.73 159.013 1236.72
internal_count=75647 251 63 75396 17969 15370 10142 2615 7527 3353 1898 1034 864 387 717 4174 2954 1220 217 278 439 2599 1547 3263 1615 57427 8985 4293 689 3604
cat_boundaries=0 8 16 17 24 32 33 41 48 49 50 57 63 64 65 66 74 82 83 84 92 100
cat_threshold=1141440672 805371904 2097288 2641920 100737664 21578240 134217728 50 268435460 4726912 1007419664 0 554699008 2099486 360705 8 141 2359809 68158467 32 3221235712 134479904 1073741825 8 33558528 2249457936 8454145 50496512 268959808 33562624 33566352 1281 1 0 16 1073741825 16908288 524288 0 33563280 1024 33554432 3254779912 0 16809984 64 262144 2048 37192 25103 0 1073742857 32 1074006016 2147483648 1048577 524296 262144 1073743874 0 8192 2363432 1074003968 18691 9 40242 0 33554448 8388608 33555456 268435456 0 33556496 257 1073741824 805371904 1008730112 2641920 67120000 21562128 134283264 58 43031 136 0 0 268435456 16384 2048 4719104 0 2 0 0 1008730112 2097152 67109504 4194320 134283264 8
is_linear=0
shrinkage=0.1


Tree=99
num_leaves=31
num_cat=14
split_feature=6 3 6 5 7 0 5 3 7 8 8 8 1 8 8 1 7 6 7 8 7 0 7 6 10 7 7 3 7 7
split_gain=5.85131 6.38234 9.76334 6.15486 30.3715 28.373 28.133 33.4365 30.9645 36.1452 29.376 44.9989 25.1966 27.4779 34.1726 24.2389 69.3222 31.3969 31.2475 34.8112 31.129 31.8254 35.8316 52.1373 29.6116 208.757 113.934 70.0053 66.4025 47.4048
threshold=60.250000000000007 3.5000000000000004 62.500000000000007 3.5000000000000004 0 1 4.5000000000000009 11.500000000000002 2 441.00000000000006 473.00000000000006 535.00000000000011 3 515.00000000000011 455.00000000000006 4 5 56.750000000000007 6 539.00000000000011 7 8 9 56.750000000000007 1950.0000000000002 10 11 4.5000000000000009 12 13
decision_type=2 2 2 2 9 1 2 2 9 2 2 2 9 2 2 9 9 2 9 2 9 1 9 2 2 9 9 2 9 9
left_child=3 -2 -3 15 5 -5 7 8 9 -7 -10 -12 13 14 -11 16 17 -1 19 -17 21 -18 -23 -24 -20 -26 -27 28 -28 -30
right_child=1 2 -4 4 -6 6 -8 -9 10 12 11 -13 -14 -15 -16 18 20 -19 24 -21 -22 22 23 -25 25 26 27 -29 29 -31
leaf_value=-0.010040850975325023 -0.037565852171985006 0.066693068826141622 -0.034512207062194815 -0.041742071909903131 2.1505191214461465e-05 -0.18905738661700841 0.0097815332079607496 0.018446171704338109 -0.032907992425971859 0.046908445538804994 -0.14946942575032973 0.051271042930378444 0.014786972138559524 0.062314330198715275 -0.15060348466755402 -0.01052220833504239 0.047080527952310394 -0.074682862019923107 0.0034512713467565351 -0.16556673472605271 0.0083549279538793781 0.053224146496385211 -0.00024840423328414854 -0.18232313431384881 0.029065654258721443 -0.0035223525650491792 0.046395313388787884 -0.096066058442188448 -0.0023722146593446901 -0.13101469032012591
leaf_weight=780.21195185184479 11.66199444234371 42.365775691345334 12.299545999616383 317.58163670869544 9247.2645066428231 11.151759333908556 485.7129272534512 143.82184594403952 87.162808080203831 11.690861687064169 67.939561046659946 13.363346558064221 176.18091631680727 13.20666231960058 34.938694007694721 2298.6156681870343 534.47185121849179 83.144587635993958 9754.3303521613125 14.573077395558355 1725.3979915194213 116.18604402244091 260.83218560367823 16.736247375607491 771.84532406274229 498.10946510452777 79.226160503923893 371.18526805145666 63.509136028587818 53.57068361947313
leaf_count=1815 35 59 34 1119 26733 55 1577 332 364 18 329 25 327 18 134 7687 817 229 24766 79 3580 209 521 64 1481 1134 148 1503 136 319
internal_value=-7.20077e-05 0.0295945 0.0439222 -0.000142203 -0.00204097 -0.0159197 -0.00775222 -0.0231134 -0.0374942 -0.0126213 -0.0691342 -0.116475 -0.00481945 -0.0557093 -0.101084 0.00101415 0.00841786 -0.0160799 -0.000863896 -0.0114495 0.0164186 0.0311588 0.00891618 -0.0108364 0.00125655 -0.0103876 -0.0388726 -0.0693027 -0.0222275 -0.0669113
internal_weight=28098.3 66.3273 54.6653 28032 10610 1362.75 1045.17 559.456 415.635 247.169 168.466 81.3029 236.017 59.8362 46.6296 17421.9 3516.98 863.357 13905 2313.19 2653.62 928.226 393.754 277.568 11591.8 1837.45 1065.6 567.491 196.306 117.08
internal_count=75647 128 93 75519 31031 4298 3179 1602 1270 552 718 354 497 170 152 44488 7235 2044 37253 7766 5191 1611 794 585 29487 4721 3240 2106 603 455
cat_boundaries=0 8 9 17 18 19 27 35 43 44 52 60 68 75 82
cat_threshold=86316065 262402 338165768 16384 2190475392 17107456 1073741824 548 545 85983264 256 8 0 1048576 67584 0 4 33600 960 269222400 72876176 262176 2098176 69468232 524319 10240 266 544 41945097 33554480 3255584768 4732928 4 328464 48 2097184 1107304458 102760472 1108109312 2147490336 17039360 33816704 1056 676 0 33562624 100663296 33570816 4096 16777216 0 32 2181304322 4718592 1082195969 132096 154141760 3221487625 1073741952 777 287900685 2685404160 524288 16777218 2147746464 17303568 167773184 2 0 8192 262400 0 268435464 8192 1 67108864 128 8 0 33554432 8388608 10240
is_linear=0
shrinkage=0.1


end of trees

feature_importances:
騎手=1242
馬体重=374
クラス=343
開催場=240
馬番=203
距離=128
枠番=125
年齢=120
斤量=93
性=48
馬場=30
天候=28
芝ダート=26

parameters:
[boosting: gbdt]
[objective: binary]
[metric: binary_logloss]
[tree_learner: serial]
[device_type: cpu]
[data_sample_strategy: bagging]
[data: ]
[valid: ]
[num_iterations: 100]
[learning_rate: 0.1]
[num_leaves: 31]
[num_threads: 6]
[seed: 42]
[deterministic: 0]
[force_col_wise: 0]
[force_row_wise: 0]
[histogram_pool_size: -1]
[max_depth: -1]
[min_data_in_leaf: 20]
[min_sum_hessian_in_leaf: 0.001]
[bagging_fraction: 1]
[pos_bagging_fraction: 1]
[neg_bagging_fraction: 1]
[bagging_freq: 0]
[bagging_seed: 400]
[bagging_by_query: 0]
[feature_fraction: 1]
[feature_fraction_bynode: 1]
[feature_fraction_seed: 30056]
[extra_trees: 0]
[extra_seed: 12879]
[early_stopping_round: 0]
[early_stopping_min_delta: 0]
[first_metric_only: 0]
[max_delta_step: 0]
[lambda_l1: 0]
[lambda_l2: 0]
[linear_lambda: 0]
[min_gain_to_split: 0]
[drop_rate: 0.1]
[max_drop: 50]
[skip_drop: 0.5]
[xgboost_dart_mode: 0]
[uniform_drop: 0]
[drop_seed: 17869]
[top_rate: 0.2]
[other_rate: 0.1]
[min_data_per_group: 100]
[max_cat_threshold: 32]
[cat_l2: 10]
[cat_smooth: 10]
[max_cat_to_onehot: 4]
[top_k: 20]
[monotone_constraints: ]
[monotone_constraints_method: basic]
[monotone_penalty: 0]
[feature_contri: ]
[forcedsplits_filename: ]
[refit_decay_rate: 0.9]
[cegb_tradeoff: 1]
[cegb_penalty_split: 0]
[cegb_penalty_feature_lazy: ]
[cegb_penalty_feature_coupled: ]
[path_smooth: 0]
[interaction_constraints: ]
[verbosity: 1]
[saved_feature_importance_type: 0]
[use_quantized_grad: 0]
[num_grad_quant_bins: 4]
[quant_train_renew_leaf: 0]
[stochastic_rounding: 1]
[linear_tree: 0]
[max_bin: 255]
[max_bin_by_feature: ]
[min_data_in_bin: 3]
[bin_construct_sample_cnt: 200000]
[data_random_seed: 175]
[is_enable_sparse: 1]
[enable_bundle: 1]
[use_missing: 1]
[zero_as_missing: 0]
[feature_pre_filter: 1]
[pre_partition: 0]
[two_round: 0]
[header: 0]
[label_column: ]
[weight_column: ]
[group_column: ]
[ignore_column: ]
[categorical_feature: 0,1,4,7,9,11,12]
[forcedbins_filename: ]
[precise_float_parser: 0]
[parser_config_file: ]
[objective_seed: 16083]
[num_class: 1]
[is_unbalance: 0]
[scale_pos_weight: 12.7116]
[sigmoid: 1]
[boost_from_average: 1]
[reg_sqrt: 0]
[alpha: 0.9]
[fair_c: 1]
[poisson_max_delta_step: 0.7]
[tweedie_variance_power: 1.5]
[lambdarank_truncation_level: 30]
[lambdarank_norm: 1]
[label_gain: ]
[lambdarank_position_bias_regularization: 0]
[eval_at: ]
[multi_error_top_k: 1]
[auc_mu_weights: ]
[num_machines: 1]
[local_listen_port: 12400]
[time_out: 120]
[machine_list_filename: ]
[machines: ]
[gpu_platform_id: -1]
[gpu_device_id: -1]
[gpu_use_dp: 0]
[num_gpu: 1]

end of parameters

pandas_categorical:[["\u4e2d\u4eac", "\u4e2d\u5c71", "\u4eac\u90fd", "\u51fd\u9928", "\u5c0f\u5009", "\u65b0\u6f5f", "\u672d\u5e4c", "\u6771\u4eac", "\u798f\u5cf6", "\u962a\u795e"], ["2\u6b731\u52dd\u30af\u30e9\u30b9", "2\u6b73\u30aa\u30fc\u30d7\u30f3", "2\u6b73\u65b0\u99ac", "2\u6b73\u672a\u52dd\u5229", "3\u6b731\u52dd\u30af\u30e9\u30b9", "3\u6b73\u30aa\u30fc\u30d7\u30f3", "3\u6b73\u4ee5\u4e0a1\u52dd\u30af\u30e9\u30b9", "3\u6b73\u4ee5\u4e0a2\u52dd\u30af\u30e9\u30b9", "3\u6b73\u4ee5\u4e0a3\u52dd\u30af\u30e9\u30b9", "3\u6b73\u4ee5\u4e0a\u30aa\u30fc\u30d7\u30f3", "3\u6b73\u65b0\u99ac", "3\u6b73\u672a\u52dd\u5229", "4\u6b73\u4ee5\u4e0a1\u52dd\u30af\u30e9\u30b9", "4\u6b73\u4ee5\u4e0a2\u52dd\u30af\u30e9\u30b9", "4\u6b73\u4ee5\u4e0a3\u52dd\u30af\u30e9\u30b9", "4\u6b73\u4ee5\u4e0a\u30aa\u30fc\u30d7\u30f3", "\u969c\u5bb33\u6b73\u4ee5\u4e0a\u30aa\u30fc\u30d7\u30f3", "\u969c\u5bb33\u6b73\u4ee5\u4e0a\u672a\u52dd\u5229", "\u969c\u5bb34\u6b73\u4ee5\u4e0a\u30aa\u30fc\u30d7\u30f3", "\u969c\u5bb34\u6b73\u4ee5\u4e0a\u672a\u52dd\u5229"], ["\u30bb", "\u725d", "\u7261"], ["\u30a4\u30fc\u30ac\u30f3", "\u30aa\u30b7\u30a7\u30a2", "\u30ad\u30f3\u30b0", "\u30ad\u30f3\u30b0\u30b9", "\u30b5\u30f3\u30c1\u30a2", "\u30b7\u30e5\u30bf\u30eb", "\u30b9\u30df\u30e8\u30f3", "\u30c6\u30a3\u30fc\u30bf", "\u30c7\u30c3\u30c8\u30fc", "\u30c9\u30a4\u30eb", "\u30d0\u30b7\u30e5\u30ed", "\u30d0\u30c7\u30eb", "\u30d3\u30e5\u30a4\u30c3", "\u30d4\u30fc\u30d2\u30e5", "\u30db\u30fc", "\u30de\u30af\u30c9\u30ca", "\u30de\u30fc\u30ab\u30f3", "\u30df\u30b7\u30a7\u30eb", "\u30e0\u30eb\u30b6\u30d0", "\u30e0\u30fc\u30a2", "\u30e2\u30ea\u30b9", "\u30e2\u30ec\u30a4\u30e9", "\u30ea\u30b9\u30dd\u30ea", "\u30ea\u30e7\u30f3", "\u30eb\u30e1\u30fc\u30c8", "\u30eb\u30e1\u30fc\u30eb", "\u30ec\u30fc\u30f3", "\u30f4\u30a7\u30ed\u30f3", "\u4e09\u6d66\u7687\u6210", "\u4e0a\u91ce\u7fd4", "\u4e2d\u4e95\u88d5\u4e8c", "\u4e2d\u6751\u5c06\u4e4b", "\u4e38\u5c71\u5143\u6c17", "\u4e38\u7530\u606d\u4ecb", "\u4e38\u91ce\u52dd\u864e", "\u4e39\u5185\u7950\u6b21", "\u4e80\u7530\u6e29\u5fc3", "\u4e94\u5341\u5d50\u96c4", "\u4e95\u4e0a\u654f\u6a39", "\u4eca\u6751\u8056\u5948", "\u4f0a\u85e4\u5de5\u771f", "\u4f34\u5553\u592a", "\u4f50\u3005\u6728\u5927", "\u4f50\u85e4\u7fd4\u99ac", "\u5009\u5bcc\u9686\u4e00", "\u5185\u7530\u535a\u5e78", "\u51fa\u6c34\u62d3\u4eba", "\u52a0\u85e4\u548c\u535a", "\u52a0\u85e4\u7965\u592a", "\u52a0\u85e4\u7fd4\u99ac", "\u52dd\u6d66\u6b63\u6a39", "\u5317\u6751\u53cb\u4e00", "\u5317\u6751\u5b8f\u53f8", "\u5317\u6ca2\u4f38\u4e5f", "\u539f\u512a\u4ecb", "\u539f\u7530\u548c\u771f", "\u53ca\u5ddd\u70c8", "\u53e4\u5ddd\u5409\u6d0b", "\u53e4\u5ddd\u5948\u7a42", "\u5409\u539f\u5bdb\u4eba", "\u5409\u6751\u667a\u6d0b", "\u5409\u6751\u8aa0\u4e4b", "\u5409\u7530\u8c4a", "\u5409\u7530\u96bc\u4eba", "\u548c\u7530\u7adc\u4e8c", "\u548c\u7530\u7ffc", "\u548c\u7530\u8b72\u6cbb", "\u56e3\u91ce\u5927\u6210", "\u56fd\u5206\u512a\u4f5c", "\u56fd\u5206\u606d\u4ecb", "\u571f\u65b9\u98af\u592a", "\u571f\u7530\u771f\u7fd4", "\u5742\u4e95\u7460\u661f", "\u5742\u53e3\u667a\u5eb7", "\u57ce\u6238\u7fa9\u653f", "\u5927\u4e45\u4fdd\u53cb", "\u5927\u585a\u6d77\u6e21", "\u5927\u5ead\u548c\u5f25", "\u5927\u6728\u5929\u7fd4", "\u5927\u6c5f\u539f\u572d", "\u5927\u6c5f\u539f\u6bd4", "\u5927\u7551\u6167\u609f", "\u5927\u91ce\u62d3\u5f25", "\u592a\u5bb0\u5553\u4ecb", "\u5ba4\u967d\u4e00\u6717", "\u5bae\u5d0e\u5317\u6597", "\u5bae\u5ddd\u5b9f", "\u5bcc\u7530\u6681", "\u5c0f\u5742\u5fe0\u58eb", "\u5c0f\u5d0e\u7dbe\u4e5f", "\u5c0f\u6797\u51cc\u5927", "\u5c0f\u6797\u52dd\u592a", "\u5c0f\u6797\u7f8e\u99d2", "\u5c0f\u6797\u8129\u6597", "\u5c0f\u6ca2\u5927\u4ec1", "\u5c0f\u7267\u52a0\u77e2", "\u5c0f\u7267\u592a", "\u5c0f\u91ce\u5bfa\u7950", "\u5c0f\u91ce\u6953\u99ac", "\u5c71\u4e0b\u88d5\u8cb4", "\u5c71\u672c\u54b2\u5e0c", "\u5c71\u7530\u656c\u58eb", "\u5ca1\u7530\u7965\u55e3", "\u5ca1\u907c\u592a\u90ce", "\u5ca1\u90e8\u8aa0", "\u5ca9\u6a4b\u52c7\u4e8c", "\u5ca9\u7530\u5eb7\u8aa0", "\u5ca9\u7530\u671b\u6765", "\u5ca9\u90e8\u7d14\u4e8c", "\u5d8b\u7530\u7d14\u6b21", "\u5ddd\u53c8\u8ce2\u6cbb", "\u5ddd\u5cf6\u4fe1\u4e8c", "\u5ddd\u5cf6\u62d3", "\u5ddd\u7530\u5c06\u96c5", "\u5ddd\u7aef\u6d77\u7ffc", "\u5ddd\u9808\u6804\u5f66", "\u5e73\u6ca2\u5065\u6cbb", "\u5e78\u82f1\u660e", "\u5e83\u702c\u822a", "\u5fa1\u795e\u672c\u8a13", "\u6238\u5d0e\u572d\u592a", "\u658e\u85e4\u65b0", "\u65b0\u539f\u5468\u99ac", "\u670d\u90e8\u5bff\u5e0c", "\u670d\u90e8\u8302\u53f2", "\u671b\u6708\u6d35\u8f1d", "\u6728\u5e61\u521d\u4e5f", "\u6728\u5e61\u5de7\u4e5f", "\u6728\u5e61\u80b2\u4e5f", "\u672c\u6a4b\u5b5d\u592a", "\u672c\u7530\u6b63\u91cd", "\u6749\u539f\u8aa0\u4eba", "\u677e\u4e95\u4f38\u4e5f", "\u677e\u5c71\u5f18\u5e73", "\u677e\u5ca1\u6b63\u6d77", "\u677e\u672c\u5927\u8f1d", "\u677e\u7530\u5927\u4f5c", "\u677e\u82e5\u98a8\u99ac", "\u67f4\u5c71\u96c4\u4e00", "\u67f4\u7530\u5584\u81e3", "\u67f4\u7530\u5927\u77e5", "\u67f4\u7530\u88d5\u4e00", "\u6851\u6751\u771f\u660e", "\u68ee\u4e00\u99ac", "\u68ee\u6cf0\u6597", "\u68ee\u88d5\u592a\u6717", "\u6a2a\u5c71\u5178\u5f18", "\u6a2a\u5c71\u548c\u751f", "\u6a2a\u5c71\u6b66\u53f2", "\u6a2a\u5c71\u7409\u4eba", "\u6a4b\u6728\u592a\u5e0c", "\u6b66\u58eb\u6ca2\u53cb", "\u6b66\u85e4\u96c5", "\u6b66\u8c4a", "\u6c34\u53e3\u512a\u4e5f", "\u6c34\u6cbc\u5143\u8f1d", "\u6c38\u5cf6\u307e\u306a", "\u6c38\u91ce\u731b\u8535", "\u6c5f\u7530\u52c7\u4eae", "\u6c5f\u7530\u7167\u7537", "\u6c60\u6dfb\u8b19\u4e00", "\u6cb3\u539f\u7530\u83dc", "\u6cc9\u8c37\u6953\u771f", "\u6d25\u6751\u660e\u79c0", "\u6d5c\u4e2d\u4fca", "\u6d5c\u5c1a\u7f8e", "\u6e21\u8fba\u7adc\u4e5f", "\u718a\u6ca2\u91cd\u6587", "\u7530\u4e2d\u5065", "\u7530\u4e2d\u52dd\u6625", "\u7530\u4e2d\u5b66", "\u7530\u53e3\u8cab\u592a", "\u7530\u6751\u592a\u96c5", "\u7530\u8fba\u88d5\u4fe1", "\u7684\u5834\u52c7\u4eba", "\u77e2\u91ce\u8cb4\u4e4b", "\u77f3\u5ddd\u502d", "\u77f3\u5ddd\u614e\u5c06", "\u77f3\u5ddd\u88d5\u7d00", "\u77f3\u6a4b\u8129", "\u77f3\u7530\u62d3\u90ce", "\u77f3\u795e\u6df1\u4e00", "\u77f3\u795e\u6df1\u9053", "\u798f\u6c38\u7950\u4e00", "\u79cb\u5c71\u771f\u4e00", "\u79cb\u5c71\u7a14\u6a39", "\u7af9\u4e4b\u4e0b\u667a", "\u7b39\u5ddd\u7ffc", "\u7b39\u7530\u77e5\u5b8f", "\u8349\u91ce\u592a\u90ce", "\u837b\u91ce\u6975", "\u837b\u91ce\u7422\u771f", "\u83c5\u539f\u660e\u826f", "\u83c5\u539f\u6dbc\u592a", "\u83c5\u539f\u9686\u4e00", "\u83ca\u6ca2\u4e00\u6a39", "\u83f1\u7530\u88d5\u4e8c", "\u843d\u5408\u7384\u592a", "\u84d1\u5cf6\u9756\u5178", "\u85e4\u5ca1\u4f51\u4ecb", "\u85e4\u5ca1\u5eb7\u592a", "\u85e4\u61f8\u8cb4\u5fd7", "\u85e4\u7530\u83dc\u4e03", "\u897f\u585a\u6d38\u4e8c", "\u897f\u6751\u592a\u4e00", "\u897f\u6751\u6df3\u4e5f", "\u897f\u8c37\u8aa0", "\u89d2\u7530\u5927\u548c", "\u89d2\u7530\u5927\u6cb3", "\u8c37\u5185\u8cab\u592a", "\u9152\u4e95\u5b66", "\u91ce\u4e2d\u60a0\u592a", "\u91ce\u7551\u51cc", "\u91d1\u5b50\u5149\u5e0c", "\u9234\u6728\u6176\u592a", "\u9234\u6728\u7950", "\u9577\u5c3e\u7ffc\u7396", "\u9577\u5ca1\u798e\u4ec1", "\u9577\u6c5f\u6176\u609f", "\u9577\u6d5c\u9d3b\u7dd2", "\u9577\u8c37\u90e8\u99ff", "\u963f\u90e8\u9f8d", "\u96e3\u6ce2\u525b\u5065", "\u98db\u7530\u611b\u6597", "\u9ad8\u5009\u7a1c", "\u9ad8\u6749\u540f\u9e92", "\u9ad8\u7530\u6f64", "\u9bab\u5cf6\u514b\u99ff", "\u9bab\u5cf6\u826f\u592a", "\u9df2\u982d\u864e\u592a", "\u9df9\u898b\u9678", "\u9ed2\u5ca9\u60a0", "\u9edb\u5f18\u4eba", "\uff23\uff0e\u30c7\u30e0", "\uff2d\uff0e\u30c7\u30e0"], ["missing", "\u30c0", "\u829d"], ["\u5c0f", "\u6674", "\u66c7", "\u96e8", "\u96ea"], ["\u4e0d\u826f", "\u7a0d\u91cd", "\u826f", "\u91cd"]]
